RELEASE_ID,FILE_NAME,SIZE,LOC_ADDED,AVG_LOC_ADDED,MAX_LOC_ADDED,LOC_REMOVED,AVG_LOC_REMOVED,MAX_LOC_REMOVED,CHURN,AVG_CHURN,MAX_CHURN,NUMBER_OF_REVISIONS,NUMBER_OF_DEFECT_FIXES,NUMBER_OF_AUTHORS,IS_BUGGY
1,bookkeeper-benchmark/src/main/java/org/apache/bookkeeper/benchmark/MySqlClient.java,137,235,58.75,137,98,24.5,94,139,34.75,137,4,0,2,NO
1,bookkeeper-benchmark/src/main/java/org/apache/bookkeeper/benchmark/TestClient.java,244,340,68.0,252,96,19.2,64,262,52.4,252,5,1,2,NO
1,bookkeeper-server/src/main/java/org/apache/bookkeeper/bookie/Bookie.java,1026,1246,89.0,545,220,15.714285714285714,81,1026,73.28571428571429,545,14,2,3,YES
1,bookkeeper-server/src/main/java/org/apache/bookkeeper/bookie/BookieException.java,92,121,40.333333333333336,81,29,9.666666666666666,29,92,30.666666666666668,81,3,0,3,YES
1,bookkeeper-server/src/main/java/org/apache/bookkeeper/bookie/BufferedChannel.java,180,195,48.75,168,15,3.75,12,180,45.0,168,4,0,2,NO
1,bookkeeper-server/src/main/java/org/apache/bookkeeper/bookie/EntryLogger.java,471,633,70.33333333333333,487,162,18.0,104,551,61.22222222222222,487,9,1,3,YES
1,bookkeeper-server/src/main/java/org/apache/bookkeeper/bookie/FileInfo.java,204,210,42.0,124,6,1.2,2,204,40.8,124,5,0,3,YES
1,bookkeeper-server/src/main/java/org/apache/bookkeeper/bookie/LedgerCache.java,551,621,88.71428571428571,536,70,10.0,26,557,79.57142857142857,536,7,2,3,YES
1,bookkeeper-server/src/main/java/org/apache/bookkeeper/bookie/LedgerDescriptor.java,149,168,33.6,133,19,3.8,14,149,29.8,133,5,0,3,YES
1,bookkeeper-server/src/main/java/org/apache/bookkeeper/bookie/LedgerEntryPage.java,157,164,54.666666666666664,151,7,2.3333333333333335,6,157,52.333333333333336,151,3,0,3,YES
1,bookkeeper-server/src/main/java/org/apache/bookkeeper/bookie/MarkerFileChannel.java,147,147,147.0,147,0,0.0,0,147,147.0,147,1,0,1,NO
1,bookkeeper-server/src/main/java/org/apache/bookkeeper/client/AsyncCallback.java,137,269,53.8,126,132,26.4,113,141,28.2,126,5,0,3,YES
1,bookkeeper-server/src/main/java/org/apache/bookkeeper/client/BKException.java,271,280,70.0,249,9,2.25,8,271,67.75,249,4,0,3,YES
1,bookkeeper-server/src/main/java/org/apache/bookkeeper/client/BookKeeper.java,548,1040,115.55555555555556,410,492,54.666666666666664,401,548,60.888888888888886,410,9,0,3,YES
1,bookkeeper-server/src/main/java/org/apache/bookkeeper/client/BookKeeperAdmin.java,728,931,155.16666666666666,714,203,33.833333333333336,121,882,147.0,714,6,1,2,YES
1,bookkeeper-server/src/main/java/org/apache/bookkeeper/client/BookieWatcher.java,205,212,53.0,204,7,1.75,4,205,51.25,204,4,1,2,YES
1,bookkeeper-server/src/main/java/org/apache/bookkeeper/client/CRC32DigestManager.java,50,53,26.5,50,3,1.5,3,50,25.0,50,2,0,2,NO
1,bookkeeper-server/src/main/java/org/apache/bookkeeper/client/DigestManager.java,185,207,41.4,184,22,4.4,16,185,37.0,184,5,0,3,YES
1,bookkeeper-server/src/main/java/org/apache/bookkeeper/client/DistributionSchedule.java,61,66,22.0,61,5,1.6666666666666667,4,61,20.333333333333332,61,3,0,3,YES
1,bookkeeper-server/src/main/java/org/apache/bookkeeper/client/LedgerCreateOp.java,157,210,26.25,167,53,6.625,26,181,22.625,167,8,1,3,YES
1,bookkeeper-server/src/main/java/org/apache/bookkeeper/client/LedgerDeleteOp.java,81,92,23.0,80,11,2.75,7,81,20.25,80,4,0,3,NO
1,bookkeeper-server/src/main/java/org/apache/bookkeeper/client/LedgerEntry.java,84,133,44.333333333333336,83,49,16.333333333333332,46,84,28.0,83,3,0,2,NO
1,bookkeeper-server/src/main/java/org/apache/bookkeeper/client/LedgerHandle.java,762,1462,121.83333333333333,547,700,58.333333333333336,520,770,64.16666666666667,547,12,1,3,YES
1,bookkeeper-server/src/main/java/org/apache/bookkeeper/client/LedgerMetadata.java,248,288,41.142857142857146,198,40,5.714285714285714,16,252,36.0,198,7,1,3,YES
1,bookkeeper-server/src/main/java/org/apache/bookkeeper/client/LedgerOpenOp.java,169,232,25.77777777777778,140,63,7.0,17,171,19.0,140,9,1,3,YES
1,bookkeeper-server/src/main/java/org/apache/bookkeeper/client/LedgerRecoveryOp.java,196,224,37.333333333333336,178,28,4.666666666666667,9,196,32.666666666666664,178,6,1,3,YES
1,bookkeeper-server/src/main/java/org/apache/bookkeeper/client/MacDigestManager.java,67,76,19.0,67,9,2.25,7,67,16.75,67,4,1,3,NO
1,bookkeeper-server/src/main/java/org/apache/bookkeeper/client/PendingAddOp.java,165,182,45.5,138,17,4.25,11,165,41.25,138,4,0,3,YES
1,bookkeeper-server/src/main/java/org/apache/bookkeeper/client/PendingReadOp.java,173,193,48.25,170,20,5.0,17,173,43.25,170,4,0,3,YES
1,bookkeeper-server/src/main/java/org/apache/bookkeeper/client/ReadLastConfirmedOp.java,103,127,21.166666666666668,101,24,4.0,10,107,17.833333333333332,101,6,0,2,YES
1,bookkeeper-server/src/main/java/org/apache/bookkeeper/client/ReadOnlyLedgerHandle.java,78,78,78.0,78,0,0.0,0,78,78.0,78,1,0,1,YES
1,bookkeeper-server/src/main/java/org/apache/bookkeeper/client/RoundRobinDistributionSchedule.java,87,88,44.0,87,1,0.5,1,87,43.5,87,2,0,2,YES
1,bookkeeper-server/src/main/java/org/apache/bookkeeper/client/SyncCounter.java,85,86,43.0,85,1,0.5,1,85,42.5,85,2,0,2,NO
1,bookkeeper-server/src/main/java/org/apache/bookkeeper/conf/AbstractConfiguration.java,105,106,53.0,61,1,0.5,1,105,52.5,61,2,0,1,YES
1,bookkeeper-server/src/main/java/org/apache/bookkeeper/conf/ClientConfiguration.java,216,224,56.0,216,8,2.0,6,216,54.0,216,4,2,2,YES
1,bookkeeper-server/src/main/java/org/apache/bookkeeper/conf/ServerConfiguration.java,377,397,99.25,377,20,5.0,11,377,94.25,377,4,2,2,YES
1,bookkeeper-server/src/main/java/org/apache/bookkeeper/meta/AbstractZkLedgerManager.java,253,255,127.5,251,2,1.0,2,253,126.5,251,2,1,1,YES
1,bookkeeper-server/src/main/java/org/apache/bookkeeper/meta/FlatLedgerManager.java,193,193,193.0,193,0,0.0,0,193,193.0,193,1,0,1,YES
1,bookkeeper-server/src/main/java/org/apache/bookkeeper/meta/HierarchicalLedgerManager.java,514,514,514.0,514,0,0.0,0,514,514.0,514,1,0,1,YES
1,bookkeeper-server/src/main/java/org/apache/bookkeeper/meta/LedgerLayout.java,204,204,204.0,204,0,0.0,0,204,204.0,204,1,0,1,NO
1,bookkeeper-server/src/main/java/org/apache/bookkeeper/meta/LedgerManager.java,144,144,144.0,144,0,0.0,0,144,144.0,144,1,0,1,YES
1,bookkeeper-server/src/main/java/org/apache/bookkeeper/meta/LedgerManagerFactory.java,98,98,98.0,98,0,0.0,0,98,98.0,98,1,0,1,NO
1,bookkeeper-server/src/main/java/org/apache/bookkeeper/proto/BookieClient.java,181,203,29.0,178,22,3.142857142857143,9,189,27.0,178,7,2,3,YES
1,bookkeeper-server/src/main/java/org/apache/bookkeeper/proto/BookieProtocol.java,154,162,40.5,75,8,2.0,5,154,38.5,75,4,0,3,YES
1,bookkeeper-server/src/main/java/org/apache/bookkeeper/proto/BookieServer.java,393,489,44.45454545454545,209,96,8.727272727272727,48,399,36.27272727272727,209,11,1,3,YES
1,bookkeeper-server/src/main/java/org/apache/bookkeeper/proto/BookkeeperInternalCallbacks.java,132,139,46.333333333333336,75,7,2.3333333333333335,7,132,44.0,75,3,0,3,NO
1,bookkeeper-server/src/main/java/org/apache/bookkeeper/proto/NIOServerFactory.java,533,556,69.5,521,23,2.875,8,535,66.875,521,8,1,3,NO
1,bookkeeper-server/src/main/java/org/apache/bookkeeper/proto/PerChannelBookieClient.java,603,683,75.88888888888889,573,80,8.88888888888889,24,607,67.44444444444444,573,9,2,3,YES
1,bookkeeper-server/src/main/java/org/apache/bookkeeper/proto/ServerStats.java,148,148,148.0,148,0,0.0,0,148,148.0,148,1,0,1,YES
1,bookkeeper-server/src/main/java/org/apache/bookkeeper/streaming/LedgerInputStream.java,174,184,61.333333333333336,173,10,3.3333333333333335,8,174,58.0,173,3,0,2,NO
1,bookkeeper-server/src/main/java/org/apache/bookkeeper/streaming/LedgerOutputStream.java,148,158,52.666666666666664,147,10,3.3333333333333335,8,148,49.333333333333336,147,3,0,2,NO
1,bookkeeper-server/src/main/java/org/apache/bookkeeper/tools/BookKeeperTools.java,92,834,139.0,763,742,123.66666666666667,688,1442,240.33333333333334,763,6,1,3,NO
1,bookkeeper-server/src/main/java/org/apache/bookkeeper/util/LocalBookKeeper.java,234,438,73.0,209,204,34.0,101,234,39.0,209,6,0,3,YES
1,bookkeeper-server/src/main/java/org/apache/bookkeeper/util/Main.java,54,59,19.666666666666668,54,5,1.6666666666666667,4,54,18.0,54,3,0,3,NO
1,bookkeeper-server/src/main/java/org/apache/bookkeeper/util/MathUtils.java,38,43,21.5,38,5,2.5,5,38,19.0,38,2,0,2,YES
1,bookkeeper-server/src/main/java/org/apache/bookkeeper/util/OrderedSafeExecutor.java,98,102,51.0,98,4,2.0,4,98,49.0,98,2,0,2,NO
1,bookkeeper-server/src/main/java/org/apache/bookkeeper/util/SafeRunnable.java,39,49,16.333333333333332,38,10,3.3333333333333335,7,39,13.0,38,3,0,2,NO
1,bookkeeper-server/src/main/java/org/apache/bookkeeper/util/StringUtils.java,69,98,32.666666666666664,94,29,9.666666666666666,25,119,39.666666666666664,94,3,0,3,NO
1,bookkeeper-server/src/main/java/org/apache/bookkeeper/util/ZkUtils.java,94,94,94.0,94,0,0.0,0,94,94.0,94,1,0,1,YES
1,hedwig-client/src/main/java/org/apache/hedwig/client/HedwigClient.java,72,72,72.0,72,0,0.0,0,72,72.0,72,1,0,1,NO
1,hedwig-client/src/main/java/org/apache/hedwig/client/api/Client.java,42,42,42.0,42,0,0.0,0,42,42.0,42,1,0,1,NO
1,hedwig-client/src/main/java/org/apache/hedwig/client/api/MessageHandler.java,48,56,18.666666666666668,48,8,2.6666666666666665,5,48,16.0,48,3,0,2,NO
1,hedwig-client/src/main/java/org/apache/hedwig/client/api/Publisher.java,63,67,33.5,63,4,2.0,4,63,31.5,63,2,0,2,NO
1,hedwig-client/src/main/java/org/apache/hedwig/client/api/Subscriber.java,237,257,128.5,237,20,10.0,20,237,118.5,237,2,0,2,YES
1,hedwig-client/src/main/java/org/apache/hedwig/client/benchmark/BenchmarkPublisher.java,133,139,46.333333333333336,133,6,2.0,5,133,44.333333333333336,133,3,0,2,YES
1,hedwig-client/src/main/java/org/apache/hedwig/client/benchmark/BenchmarkSubscriber.java,137,150,37.5,136,13,3.25,10,137,34.25,136,4,0,2,YES
1,hedwig-client/src/main/java/org/apache/hedwig/client/benchmark/BenchmarkUtils.java,177,181,60.333333333333336,176,4,1.3333333333333333,2,177,59.0,176,3,0,2,YES
1,hedwig-client/src/main/java/org/apache/hedwig/client/benchmark/BenchmarkWorker.java,46,47,23.5,46,1,0.5,1,46,23.0,46,2,0,2,NO
1,hedwig-client/src/main/java/org/apache/hedwig/client/benchmark/HedwigBenchmark.java,128,137,27.4,127,9,1.8,5,128,25.6,127,5,1,3,NO
1,hedwig-client/src/main/java/org/apache/hedwig/client/conf/ClientConfiguration.java,149,152,50.666666666666664,148,3,1.0,2,149,49.666666666666664,148,3,0,2,NO
1,hedwig-client/src/main/java/org/apache/hedwig/client/data/MessageConsumeData.java,58,59,29.5,58,1,0.5,1,58,29.0,58,2,0,2,NO
1,hedwig-client/src/main/java/org/apache/hedwig/client/data/PubSubData.java,149,152,76.0,149,3,1.5,3,149,74.5,149,2,0,2,YES
1,hedwig-client/src/main/java/org/apache/hedwig/client/data/TopicSubscriber.java,74,78,39.0,74,4,2.0,4,74,37.0,74,2,0,2,NO
1,hedwig-client/src/main/java/org/apache/hedwig/client/exceptions/InvalidSubscriberIdException.java,37,37,37.0,37,0,0.0,0,37,37.0,37,1,0,1,NO
1,hedwig-client/src/main/java/org/apache/hedwig/client/exceptions/ServerRedirectLoopException.java,38,40,20.0,38,2,1.0,2,38,19.0,38,2,0,2,NO
1,hedwig-client/src/main/java/org/apache/hedwig/client/exceptions/TooManyServerRedirectsException.java,39,40,20.0,39,1,0.5,1,39,19.5,39,2,0,2,NO
1,hedwig-client/src/main/java/org/apache/hedwig/client/handlers/MessageConsumeCallback.java,96,107,26.75,95,11,2.75,5,96,24.0,95,4,0,2,NO
1,hedwig-client/src/main/java/org/apache/hedwig/client/handlers/PubSubCallback.java,88,91,30.333333333333332,87,3,1.0,2,88,29.333333333333332,87,3,0,2,NO
1,hedwig-client/src/main/java/org/apache/hedwig/client/handlers/PublishResponseHandler.java,71,78,19.5,70,7,1.75,3,71,17.75,70,4,0,2,NO
1,hedwig-client/src/main/java/org/apache/hedwig/client/handlers/SubscribeReconnectCallback.java,114,123,30.75,113,9,2.25,4,114,28.5,113,4,0,2,YES
1,hedwig-client/src/main/java/org/apache/hedwig/client/handlers/SubscribeResponseHandler.java,336,414,69.0,329,78,13.0,35,336,56.0,329,6,0,3,YES
1,hedwig-client/src/main/java/org/apache/hedwig/client/handlers/UnsubscribeResponseHandler.java,84,93,23.25,83,9,2.25,5,84,21.0,83,4,0,2,NO
1,hedwig-client/src/main/java/org/apache/hedwig/client/netty/ClientChannelPipelineFactory.java,58,63,21.0,58,5,1.6666666666666667,3,58,19.333333333333332,58,3,0,2,NO
1,hedwig-client/src/main/java/org/apache/hedwig/client/netty/ConnectCallback.java,123,130,32.5,122,7,1.75,4,123,30.75,122,4,0,2,YES
1,hedwig-client/src/main/java/org/apache/hedwig/client/netty/HedwigClientImpl.java,369,369,369.0,369,0,0.0,0,369,369.0,369,1,0,1,YES
1,hedwig-client/src/main/java/org/apache/hedwig/client/netty/HedwigPublisher.java,231,243,48.6,224,12,2.4,6,231,46.2,224,5,0,2,YES
1,hedwig-client/src/main/java/org/apache/hedwig/client/netty/HedwigSubscriber.java,586,645,161.25,585,59,14.75,48,586,146.5,585,4,0,2,YES
1,hedwig-client/src/main/java/org/apache/hedwig/client/netty/ResponseHandler.java,366,390,78.0,365,24,4.8,14,366,73.2,365,5,0,2,YES
1,hedwig-client/src/main/java/org/apache/hedwig/client/netty/WriteCallback.java,99,108,27.0,98,9,2.25,4,99,24.75,98,4,0,2,YES
1,hedwig-client/src/main/java/org/apache/hedwig/client/ssl/SslClientContextFactory.java,41,41,41.0,41,0,0.0,0,41,41.0,41,1,0,1,NO
1,hedwig-client/src/main/java/org/apache/hedwig/client/ssl/SslContextFactory.java,66,79,39.5,65,13,6.5,13,66,33.0,65,2,0,2,NO
1,hedwig-client/src/main/java/org/apache/hedwig/conf/AbstractConfiguration.java,54,55,18.333333333333332,45,1,0.3333333333333333,1,54,18.0,45,3,0,3,NO
1,hedwig-client/src/main/java/org/apache/hedwig/util/Callback.java,47,51,25.5,47,4,2.0,4,47,23.5,47,2,0,2,NO
1,hedwig-client/src/main/java/org/apache/hedwig/util/CallbackUtils.java,183,203,50.75,185,20,5.0,16,187,46.75,185,4,0,3,NO
1,hedwig-client/src/main/java/org/apache/hedwig/util/ConcurrencyUtils.java,49,49,49.0,49,0,0.0,0,49,49.0,49,1,0,1,NO
1,hedwig-client/src/main/java/org/apache/hedwig/util/Either.java,50,50,50.0,50,0,0.0,0,50,50.0,50,1,0,1,NO
1,hedwig-client/src/main/java/org/apache/hedwig/util/FileUtils.java,98,100,50.0,97,2,1.0,2,98,49.0,97,2,0,2,NO
1,hedwig-client/src/main/java/org/apache/hedwig/util/HedwigSocketAddress.java,138,138,138.0,138,0,0.0,0,138,138.0,138,1,0,1,YES
1,hedwig-client/src/main/java/org/apache/hedwig/util/Option.java,43,43,43.0,43,0,0.0,0,43,43.0,43,1,0,1,NO
1,hedwig-client/src/main/java/org/apache/hedwig/util/Pair.java,42,42,42.0,42,0,0.0,0,42,42.0,42,1,0,1,NO
1,hedwig-client/src/main/java/org/apache/hedwig/util/PathUtils.java,56,56,56.0,56,0,0.0,0,56,56.0,56,1,0,1,YES
1,hedwig-protocol/src/main/java/org/apache/hedwig/exceptions/PubSubException.java,162,163,81.5,162,1,0.5,1,162,81.0,162,2,0,2,YES
1,hedwig-protocol/src/main/java/org/apache/hedwig/protocol/PubSubProtocol.java,6367,12222,6111.0,6127,5855,2927.5,5855,6367,3183.5,6095,2,1,2,YES
1,hedwig-protocol/src/main/java/org/apache/hedwig/protoextensions/MessageIdUtils.java,153,155,77.5,153,2,1.0,2,153,76.5,153,2,0,2,NO
1,hedwig-protocol/src/main/java/org/apache/hedwig/protoextensions/PubSubResponseUtils.java,43,43,43.0,43,0,0.0,0,43,43.0,43,1,0,1,YES
1,hedwig-protocol/src/main/java/org/apache/hedwig/protoextensions/SubscriptionStateUtils.java,41,42,21.0,41,1,0.5,1,41,20.5,41,2,0,2,NO
1,hedwig-server/src/main/java/org/apache/hedwig/server/benchmark/AbstractBenchmark.java,105,155,51.666666666666664,104,50,16.666666666666668,48,105,35.0,104,3,0,2,YES
1,hedwig-server/src/main/java/org/apache/hedwig/server/benchmark/BookieBenchmark.java,105,148,29.6,103,43,8.6,39,105,21.0,103,5,0,3,YES
1,hedwig-server/src/main/java/org/apache/hedwig/server/benchmark/BookkeeperBenchmark.java,92,126,31.5,91,34,8.5,31,92,23.0,91,4,0,3,YES
1,hedwig-server/src/main/java/org/apache/hedwig/server/benchmark/FakeBookie.java,101,151,50.333333333333336,100,50,16.666666666666668,48,101,33.666666666666664,100,3,0,2,NO
1,hedwig-server/src/main/java/org/apache/hedwig/server/common/ByteStringInterner.java,45,45,45.0,45,0,0.0,0,45,45.0,45,1,0,1,NO
1,hedwig-server/src/main/java/org/apache/hedwig/server/common/ServerConfiguration.java,289,290,145.0,289,1,0.5,1,289,144.5,289,2,0,2,YES
1,hedwig-server/src/main/java/org/apache/hedwig/server/common/TerminateJVMExceptionHandler.java,32,35,17.5,31,3,1.5,3,32,16.0,31,2,0,2,YES
1,hedwig-server/src/main/java/org/apache/hedwig/server/common/TopicOpQueuer.java,111,111,111.0,111,0,0.0,0,111,111.0,111,1,0,1,NO
1,hedwig-server/src/main/java/org/apache/hedwig/server/common/UnexpectedError.java,35,36,18.0,35,1,0.5,1,35,17.5,35,2,0,2,NO
1,hedwig-server/src/main/java/org/apache/hedwig/server/delivery/ChannelEndPoint.java,81,81,81.0,81,0,0.0,0,81,81.0,81,1,0,1,YES
1,hedwig-server/src/main/java/org/apache/hedwig/server/delivery/DeliveryCallback.java,27,27,27.0,27,0,0.0,0,27,27.0,27,1,0,1,NO
1,hedwig-server/src/main/java/org/apache/hedwig/server/delivery/DeliveryEndPoint.java,28,28,28.0,28,0,0.0,0,28,28.0,28,1,0,1,NO
1,hedwig-server/src/main/java/org/apache/hedwig/server/delivery/DeliveryManager.java,29,30,15.0,29,1,0.5,1,29,14.5,29,2,0,2,YES
1,hedwig-server/src/main/java/org/apache/hedwig/server/delivery/FIFODeliveryManager.java,566,600,150.0,561,34,8.5,32,566,141.5,561,4,0,3,YES
1,hedwig-server/src/main/java/org/apache/hedwig/server/handlers/BaseHandler.java,64,80,40.0,64,16,8.0,16,64,32.0,64,2,0,2,NO
1,hedwig-server/src/main/java/org/apache/hedwig/server/handlers/ChannelDisconnectListener.java,29,30,15.0,29,1,0.5,1,29,14.5,29,2,0,2,NO
1,hedwig-server/src/main/java/org/apache/hedwig/server/handlers/ConsumeHandler.java,64,65,32.5,64,1,0.5,1,64,32.0,64,2,0,2,NO
1,hedwig-server/src/main/java/org/apache/hedwig/server/handlers/Handler.java,37,40,20.0,37,3,1.5,3,37,18.5,37,2,0,2,NO
1,hedwig-server/src/main/java/org/apache/hedwig/server/handlers/PublishHandler.java,68,79,39.5,68,11,5.5,11,68,34.0,68,2,0,2,YES
1,hedwig-server/src/main/java/org/apache/hedwig/server/handlers/SubscribeHandler.java,154,165,55.0,153,11,3.6666666666666665,9,154,51.333333333333336,153,3,0,2,YES
1,hedwig-server/src/main/java/org/apache/hedwig/server/handlers/UnsubscribeHandler.java,72,73,36.5,72,1,0.5,1,72,36.0,72,2,0,2,YES
1,hedwig-server/src/main/java/org/apache/hedwig/server/netty/PubSubServer.java,385,400,66.66666666666667,364,15,2.5,8,385,64.16666666666667,364,6,1,3,YES
1,hedwig-server/src/main/java/org/apache/hedwig/server/netty/PubSubServerPipelineFactory.java,76,78,39.0,76,2,1.0,2,76,38.0,76,2,0,2,NO
1,hedwig-server/src/main/java/org/apache/hedwig/server/netty/UmbrellaHandler.java,159,163,54.333333333333336,158,4,1.3333333333333333,2,159,53.0,158,3,0,2,NO
1,hedwig-server/src/main/java/org/apache/hedwig/server/persistence/BookkeeperPersistenceManager.java,737,886,295.3333333333333,736,149,49.666666666666664,144,737,245.66666666666666,736,3,0,2,YES
1,hedwig-server/src/main/java/org/apache/hedwig/server/persistence/CacheKey.java,74,76,38.0,74,2,1.0,2,74,37.0,74,2,0,2,NO
1,hedwig-server/src/main/java/org/apache/hedwig/server/persistence/CacheValue.java,94,97,32.333333333333336,93,3,1.0,2,94,31.333333333333332,93,3,0,2,NO
1,hedwig-server/src/main/java/org/apache/hedwig/server/persistence/Factory.java,22,22,22.0,22,0,0.0,0,22,22.0,22,1,0,1,NO
1,hedwig-server/src/main/java/org/apache/hedwig/server/persistence/LocalDBPersistenceManager.java,427,439,146.33333333333334,426,12,4.0,10,427,142.33333333333334,426,3,0,2,YES
1,hedwig-server/src/main/java/org/apache/hedwig/server/persistence/MapMethods.java,62,62,62.0,62,0,0.0,0,62,62.0,62,1,0,1,NO
1,hedwig-server/src/main/java/org/apache/hedwig/server/persistence/PersistRequest.java,58,59,29.5,58,1,0.5,1,58,29.0,58,2,0,2,NO
1,hedwig-server/src/main/java/org/apache/hedwig/server/persistence/PersistenceManager.java,91,96,48.0,91,5,2.5,5,91,45.5,91,2,0,2,NO
1,hedwig-server/src/main/java/org/apache/hedwig/server/persistence/PersistenceManagerWithRangeScan.java,27,28,14.0,27,1,0.5,1,27,13.5,27,2,0,2,NO
1,hedwig-server/src/main/java/org/apache/hedwig/server/persistence/RangeScanRequest.java,77,79,39.5,77,2,1.0,2,77,38.5,77,2,0,2,NO
1,hedwig-server/src/main/java/org/apache/hedwig/server/persistence/ReadAheadCache.java,704,742,247.33333333333334,703,38,12.666666666666666,36,704,234.66666666666666,703,3,0,2,YES
1,hedwig-server/src/main/java/org/apache/hedwig/server/persistence/ScanCallback.java,63,67,33.5,63,4,2.0,4,63,31.5,63,2,0,2,NO
1,hedwig-server/src/main/java/org/apache/hedwig/server/persistence/ScanCallbackWithContext.java,37,37,37.0,37,0,0.0,0,37,37.0,37,1,0,1,NO
1,hedwig-server/src/main/java/org/apache/hedwig/server/persistence/ScanRequest.java,64,65,32.5,64,1,0.5,1,64,32.0,64,2,0,2,NO
1,hedwig-server/src/main/java/org/apache/hedwig/server/proxy/ChannelTracker.java,124,127,63.5,124,3,1.5,3,124,62.0,124,2,0,2,NO
1,hedwig-server/src/main/java/org/apache/hedwig/server/proxy/HedwigProxy.java,160,167,41.75,159,7,1.75,3,160,40.0,159,4,0,2,YES
1,hedwig-server/src/main/java/org/apache/hedwig/server/proxy/ProxyConfiguration.java,36,41,20.5,36,5,2.5,5,36,18.0,36,2,0,2,YES
1,hedwig-server/src/main/java/org/apache/hedwig/server/proxy/ProxyConsumeHandler.java,58,60,30.0,57,2,1.0,2,58,29.0,57,2,0,2,NO
1,hedwig-server/src/main/java/org/apache/hedwig/server/proxy/ProxyPublishHander.java,62,62,62.0,62,0,0.0,0,62,62.0,62,1,0,1,NO
1,hedwig-server/src/main/java/org/apache/hedwig/server/proxy/ProxyStartDeliveryHandler.java,130,142,35.5,129,12,3.0,8,130,32.5,129,4,0,2,YES
1,hedwig-server/src/main/java/org/apache/hedwig/server/proxy/ProxyStopDeliveryHandler.java,74,76,38.0,73,2,1.0,2,74,37.0,73,2,0,2,YES
1,hedwig-server/src/main/java/org/apache/hedwig/server/proxy/ProxySubscribeHandler.java,83,86,28.666666666666668,82,3,1.0,2,83,27.666666666666668,82,3,0,2,NO
1,hedwig-server/src/main/java/org/apache/hedwig/server/proxy/ProxyUnsubscribeHandler.java,74,74,74.0,74,0,0.0,0,74,74.0,74,1,0,1,NO
1,hedwig-server/src/main/java/org/apache/hedwig/server/regions/HedwigHubClient.java,48,50,25.0,48,2,1.0,2,48,24.0,48,2,0,2,NO
1,hedwig-server/src/main/java/org/apache/hedwig/server/regions/HedwigHubClientFactory.java,60,61,30.5,60,1,0.5,1,60,30.0,60,2,0,2,NO
1,hedwig-server/src/main/java/org/apache/hedwig/server/regions/HedwigHubSubscriber.java,70,76,25.333333333333332,70,6,2.0,4,70,23.333333333333332,70,3,0,2,NO
1,hedwig-server/src/main/java/org/apache/hedwig/server/regions/RegionManager.java,183,202,50.5,180,19,4.75,12,183,45.75,180,4,0,2,YES
1,hedwig-server/src/main/java/org/apache/hedwig/server/ssl/SslServerContextFactory.java,53,53,53.0,53,0,0.0,0,53,53.0,53,1,0,1,NO
1,hedwig-server/src/main/java/org/apache/hedwig/server/subscriptions/AbstractSubscriptionManager.java,452,472,118.0,450,20,5.0,17,452,113.0,450,4,0,2,YES
1,hedwig-server/src/main/java/org/apache/hedwig/server/subscriptions/AllToAllTopologyFilter.java,39,39,39.0,39,0,0.0,0,39,39.0,39,1,0,1,NO
1,hedwig-server/src/main/java/org/apache/hedwig/server/subscriptions/InMemorySubscriptionManager.java,78,82,41.0,78,4,2.0,4,78,39.0,78,2,0,2,NO
1,hedwig-server/src/main/java/org/apache/hedwig/server/subscriptions/InMemorySubscriptionState.java,64,65,32.5,64,1,0.5,1,64,32.0,64,2,0,2,YES
1,hedwig-server/src/main/java/org/apache/hedwig/server/subscriptions/MessageFilter.java,31,32,16.0,31,1,0.5,1,31,15.5,31,2,0,2,NO
1,hedwig-server/src/main/java/org/apache/hedwig/server/subscriptions/SubscriptionEventListener.java,57,61,30.5,57,4,2.0,4,57,28.5,57,2,0,2,NO
1,hedwig-server/src/main/java/org/apache/hedwig/server/subscriptions/SubscriptionManager.java,104,111,55.5,104,7,3.5,7,104,52.0,104,2,0,2,YES
1,hedwig-server/src/main/java/org/apache/hedwig/server/subscriptions/TrueFilter.java,32,32,32.0,32,0,0.0,0,32,32.0,32,1,0,1,YES
1,hedwig-server/src/main/java/org/apache/hedwig/server/subscriptions/ZkSubscriptionManager.java,227,279,93.0,226,52,17.333333333333332,50,227,75.66666666666667,226,3,0,2,NO
1,hedwig-server/src/main/java/org/apache/hedwig/server/topics/AbstractTopicManager.java,197,208,52.0,187,11,2.75,6,197,49.25,187,4,0,3,YES
1,hedwig-server/src/main/java/org/apache/hedwig/server/topics/TopicManager.java,75,81,40.5,75,6,3.0,6,75,37.5,75,2,0,2,YES
1,hedwig-server/src/main/java/org/apache/hedwig/server/topics/TopicOwnershipChangeListener.java,28,28,28.0,28,0,0.0,0,28,28.0,28,1,0,1,NO
1,hedwig-server/src/main/java/org/apache/hedwig/server/topics/TrivialOwnAllTopicManager.java,52,54,27.0,52,2,1.0,2,52,26.0,52,2,0,2,YES
1,hedwig-server/src/main/java/org/apache/hedwig/server/topics/ZkTopicManager.java,429,506,168.66666666666666,428,77,25.666666666666668,75,429,143.0,428,3,0,2,YES
1,hedwig-server/src/main/java/org/apache/hedwig/zookeeper/SafeAsynBKCallback.java,103,134,67.0,104,30,15.0,30,104,52.0,104,2,0,2,NO
1,hedwig-server/src/main/java/org/apache/hedwig/zookeeper/SafeAsyncCallback.java,35,35,35.0,35,0,0.0,0,35,35.0,35,1,0,1,YES
1,hedwig-server/src/main/java/org/apache/hedwig/zookeeper/SafeAsyncZKCallback.java,98,99,49.5,98,1,0.5,1,98,49.0,98,2,0,2,NO
1,hedwig-server/src/main/java/org/apache/hedwig/zookeeper/ZkUtils.java,79,94,31.333333333333332,78,15,5.0,13,79,26.333333333333332,78,3,0,2,NO
2,bookkeeper-benchmark/src/main/java/org/apache/bookkeeper/benchmark/BenchBookie.java,215,227,75.66666666666667,177,12,4.0,8,215,71.66666666666667,177,3,1,1,YES
2,bookkeeper-benchmark/src/main/java/org/apache/bookkeeper/benchmark/BenchReadThroughputLatency.java,271,284,142.0,260,13,6.5,13,271,135.5,260,2,0,1,NO
2,bookkeeper-benchmark/src/main/java/org/apache/bookkeeper/benchmark/BenchThroughputLatency.java,451,534,106.8,425,83,16.6,55,459,91.8,425,5,0,3,NO
2,bookkeeper-benchmark/src/main/java/org/apache/bookkeeper/benchmark/MySqlClient.java,137,0,0.0,0,0,0.0,0,0,0.0,0,0,0,0,NO
2,bookkeeper-benchmark/src/main/java/org/apache/bookkeeper/benchmark/TestClient.java,368,305,152.5,294,181,90.5,171,124,62.0,123,2,0,2,YES
2,bookkeeper-server/src/main/java/org/apache/bookkeeper/bookie/Bookie.java,764,580,29.0,106,842,42.1,370,612,30.6,327,20,9,3,YES
2,bookkeeper-server/src/main/java/org/apache/bookkeeper/bookie/BookieBean.java,51,53,26.5,52,2,1.0,2,53,26.5,52,2,0,2,NO
2,bookkeeper-server/src/main/java/org/apache/bookkeeper/bookie/BookieException.java,150,63,31.5,58,5,2.5,5,58,29.0,53,2,1,2,YES
2,bookkeeper-server/src/main/java/org/apache/bookkeeper/bookie/BookieMXBean.java,31,33,16.5,33,2,1.0,2,35,17.5,33,2,0,2,NO
2,bookkeeper-server/src/main/java/org/apache/bookkeeper/bookie/BookieShell.java,684,684,684.0,684,0,0.0,0,684,684.0,684,1,0,1,YES
2,bookkeeper-server/src/main/java/org/apache/bookkeeper/bookie/BufferedChannel.java,180,0,0.0,0,0,0.0,0,0,0.0,0,0,0,0,NO
2,bookkeeper-server/src/main/java/org/apache/bookkeeper/bookie/Cookie.java,196,202,101.0,195,6,3.0,6,196,98.0,195,2,1,1,YES
2,bookkeeper-server/src/main/java/org/apache/bookkeeper/bookie/EntryLogger.java,482,388,29.846153846153847,253,377,29.0,194,291,22.384615384615383,129,13,5,3,YES
2,bookkeeper-server/src/main/java/org/apache/bookkeeper/bookie/ExitCode.java,40,40,40.0,40,0,0.0,0,40,40.0,40,1,1,1,YES
2,bookkeeper-server/src/main/java/org/apache/bookkeeper/bookie/FileInfo.java,259,136,27.2,79,81,16.2,68,55,11.0,20,5,3,1,YES
2,bookkeeper-server/src/main/java/org/apache/bookkeeper/bookie/FileSystemUpgrade.java,379,401,100.25,228,22,5.5,17,379,94.75,211,4,1,3,YES
2,bookkeeper-server/src/main/java/org/apache/bookkeeper/bookie/GarbageCollectorThread.java,510,549,68.625,378,39,4.875,20,542,67.75,378,8,1,3,YES
2,bookkeeper-server/src/main/java/org/apache/bookkeeper/bookie/HandleFactory.java,32,32,32.0,32,0,0.0,0,32,32.0,32,1,0,1,NO
2,bookkeeper-server/src/main/java/org/apache/bookkeeper/bookie/HandleFactoryImpl.java,66,74,37.0,69,8,4.0,8,72,36.0,69,2,0,1,NO
2,bookkeeper-server/src/main/java/org/apache/bookkeeper/bookie/InterleavedLedgerStorage.java,187,213,42.6,183,26,5.2,22,191,38.2,183,5,2,2,YES
2,bookkeeper-server/src/main/java/org/apache/bookkeeper/bookie/Journal.java,576,589,196.33333333333334,550,13,4.333333333333333,11,576,192.0,550,3,0,2,YES
2,bookkeeper-server/src/main/java/org/apache/bookkeeper/bookie/JournalChannel.java,158,161,53.666666666666664,157,3,1.0,2,158,52.666666666666664,157,3,1,1,YES
2,bookkeeper-server/src/main/java/org/apache/bookkeeper/bookie/LedgerCache.java,46,128,16.0,92,633,79.125,541,579,72.375,531,8,3,2,YES
2,bookkeeper-server/src/main/java/org/apache/bookkeeper/bookie/LedgerCacheBean.java,27,80,40.0,79,53,26.5,53,131,65.5,79,2,0,1,NO
2,bookkeeper-server/src/main/java/org/apache/bookkeeper/bookie/LedgerCacheImpl.java,788,904,100.44444444444444,712,88,9.777777777777779,19,816,90.66666666666667,712,9,4,3,YES
2,bookkeeper-server/src/main/java/org/apache/bookkeeper/bookie/LedgerCacheMXBean.java,60,60,60.0,60,0,0.0,0,60,60.0,60,1,0,1,NO
2,bookkeeper-server/src/main/java/org/apache/bookkeeper/bookie/LedgerDescriptor.java,62,74,14.8,36,161,32.2,109,159,31.8,88,5,2,1,YES
2,bookkeeper-server/src/main/java/org/apache/bookkeeper/bookie/LedgerDescriptorImpl.java,88,118,59.0,113,30,15.0,30,138,69.0,113,2,0,1,NO
2,bookkeeper-server/src/main/java/org/apache/bookkeeper/bookie/LedgerDescriptorReadOnlyImpl.java,52,55,27.5,53,3,1.5,3,54,27.0,53,2,0,1,NO
2,bookkeeper-server/src/main/java/org/apache/bookkeeper/bookie/LedgerEntryPage.java,163,9,4.5,6,3,1.5,2,6,3.0,4,2,1,2,YES
2,bookkeeper-server/src/main/java/org/apache/bookkeeper/bookie/LedgerStorage.java,91,91,91.0,91,0,0.0,0,91,91.0,91,1,0,1,NO
2,bookkeeper-server/src/main/java/org/apache/bookkeeper/bookie/MarkerFileChannel.java,147,0,0.0,0,0,0.0,0,0,0.0,0,0,0,0,NO
2,bookkeeper-server/src/main/java/org/apache/bookkeeper/bookie/ReadOnlyEntryLogger.java,58,58,58.0,58,0,0.0,0,58,58.0,58,1,0,1,NO
2,bookkeeper-server/src/main/java/org/apache/bookkeeper/bookie/ReadOnlyFileInfo.java,44,44,44.0,44,0,0.0,0,44,44.0,44,1,0,1,NO
2,bookkeeper-server/src/main/java/org/apache/bookkeeper/client/AsyncCallback.java,139,12,12.0,12,10,10.0,10,2,2.0,2,1,1,1,YES
2,bookkeeper-server/src/main/java/org/apache/bookkeeper/client/BKException.java,282,11,11.0,11,0,0.0,0,11,11.0,11,1,1,1,YES
2,bookkeeper-server/src/main/java/org/apache/bookkeeper/client/BookKeeper.java,582,214,26.75,106,252,31.5,67,188,23.5,68,8,3,3,YES
2,bookkeeper-server/src/main/java/org/apache/bookkeeper/client/BookKeeperAdmin.java,800,111,18.5,73,21,3.5,11,90,15.0,62,6,2,2,YES
2,bookkeeper-server/src/main/java/org/apache/bookkeeper/client/BookieWatcher.java,216,25,5.0,9,14,2.8,3,11,2.2,7,5,2,1,YES
2,bookkeeper-server/src/main/java/org/apache/bookkeeper/client/CRC32DigestManager.java,55,9,9.0,9,4,4.0,4,5,5.0,5,1,0,1,NO
2,bookkeeper-server/src/main/java/org/apache/bookkeeper/client/DigestManager.java,184,8,2.6666666666666665,4,9,3.0,5,3,1.0,2,3,2,2,YES
2,bookkeeper-server/src/main/java/org/apache/bookkeeper/client/DistributionSchedule.java,65,13,13.0,13,9,9.0,9,4,4.0,4,1,1,1,YES
2,bookkeeper-server/src/main/java/org/apache/bookkeeper/client/LedgerCreateOp.java,150,26,13.0,25,33,16.5,32,7,3.5,7,2,1,1,YES
2,bookkeeper-server/src/main/java/org/apache/bookkeeper/client/LedgerDeleteOp.java,81,0,0.0,0,0,0.0,0,0,0.0,0,0,0,0,NO
2,bookkeeper-server/src/main/java/org/apache/bookkeeper/client/LedgerEntry.java,84,0,0.0,0,0,0.0,0,0,0.0,0,0,0,0,NO
2,bookkeeper-server/src/main/java/org/apache/bookkeeper/client/LedgerHandle.java,905,221,24.555555555555557,95,78,8.666666666666666,30,143,15.88888888888889,65,9,6,3,YES
2,bookkeeper-server/src/main/java/org/apache/bookkeeper/client/LedgerMetadata.java,312,70,14.0,44,6,1.2,4,64,12.8,44,5,3,3,YES
2,bookkeeper-server/src/main/java/org/apache/bookkeeper/client/LedgerOpenOp.java,171,5,5.0,5,3,3.0,3,2,2.0,2,1,1,1,YES
2,bookkeeper-server/src/main/java/org/apache/bookkeeper/client/LedgerRecoveryOp.java,153,30,5.0,19,73,12.166666666666666,65,49,8.166666666666666,46,6,5,3,YES
2,bookkeeper-server/src/main/java/org/apache/bookkeeper/client/MacDigestManager.java,84,26,26.0,26,9,9.0,9,17,17.0,17,1,0,1,NO
2,bookkeeper-server/src/main/java/org/apache/bookkeeper/client/PendingAddOp.java,169,5,2.5,4,1,0.5,1,4,2.0,4,2,2,2,YES
2,bookkeeper-server/src/main/java/org/apache/bookkeeper/client/PendingReadOp.java,189,17,5.666666666666667,15,1,0.3333333333333333,1,16,5.333333333333333,15,3,3,2,YES
2,bookkeeper-server/src/main/java/org/apache/bookkeeper/client/ReadLastConfirmedOp.java,127,59,11.8,37,35,7.0,23,24,4.8,14,5,4,2,YES
2,bookkeeper-server/src/main/java/org/apache/bookkeeper/client/ReadOnlyLedgerHandle.java,79,2,2.0,2,1,1.0,1,1,1.0,1,1,1,1,YES
2,bookkeeper-server/src/main/java/org/apache/bookkeeper/client/RoundRobinDistributionSchedule.java,90,25,25.0,25,22,22.0,22,3,3.0,3,1,1,1,YES
2,bookkeeper-server/src/main/java/org/apache/bookkeeper/client/SyncCounter.java,85,0,0.0,0,0,0.0,0,0,0.0,0,0,0,0,NO
2,bookkeeper-server/src/main/java/org/apache/bookkeeper/conf/AbstractConfiguration.java,123,20,6.666666666666667,10,2,0.6666666666666666,1,20,6.666666666666667,10,3,1,3,YES
2,bookkeeper-server/src/main/java/org/apache/bookkeeper/conf/ClientConfiguration.java,276,61,20.333333333333332,30,1,0.3333333333333333,1,60,20.0,30,3,2,2,YES
2,bookkeeper-server/src/main/java/org/apache/bookkeeper/conf/ServerConfiguration.java,549,182,30.333333333333332,110,10,1.6666666666666667,9,182,30.333333333333332,110,6,4,2,YES
2,bookkeeper-server/src/main/java/org/apache/bookkeeper/jmx/BKMBeanInfo.java,27,27,27.0,27,0,0.0,0,27,27.0,27,1,0,1,NO
2,bookkeeper-server/src/main/java/org/apache/bookkeeper/jmx/BKMBeanRegistry.java,88,89,44.5,84,1,0.5,1,88,44.0,84,2,0,1,YES
2,bookkeeper-server/src/main/java/org/apache/bookkeeper/meta/AbstractZkLedgerManager.java,283,36,9.0,23,6,1.5,4,30,7.5,23,4,3,3,YES
2,bookkeeper-server/src/main/java/org/apache/bookkeeper/meta/FlatLedgerManager.java,175,12,6.0,7,30,15.0,28,24,12.0,21,2,2,2,YES
2,bookkeeper-server/src/main/java/org/apache/bookkeeper/meta/HierarchicalLedgerManager.java,507,29,7.25,15,36,9.0,31,25,6.25,16,4,4,2,YES
2,bookkeeper-server/src/main/java/org/apache/bookkeeper/meta/LedgerLayout.java,209,5,5.0,5,0,0.0,0,5,5.0,5,1,0,1,NO
2,bookkeeper-server/src/main/java/org/apache/bookkeeper/meta/LedgerManager.java,147,5,5.0,5,2,2.0,2,3,3.0,3,1,1,1,YES
2,bookkeeper-server/src/main/java/org/apache/bookkeeper/meta/LedgerManagerFactory.java,98,1,1.0,1,1,1.0,1,0,0.0,0,1,0,1,NO
2,bookkeeper-server/src/main/java/org/apache/bookkeeper/meta/SnapshotMap.java,132,132,132.0,132,0,0.0,0,132,132.0,132,1,1,1,YES
2,bookkeeper-server/src/main/java/org/apache/bookkeeper/proto/BKStats.java,236,236,236.0,236,0,0.0,0,236,236.0,236,1,0,1,YES
2,bookkeeper-server/src/main/java/org/apache/bookkeeper/proto/BookieClient.java,227,49,16.333333333333332,26,3,1.0,2,46,15.333333333333334,26,3,3,2,YES
2,bookkeeper-server/src/main/java/org/apache/bookkeeper/proto/BookieProtocol.java,172,20,6.666666666666667,10,2,0.6666666666666666,2,18,6.0,8,3,3,2,YES
2,bookkeeper-server/src/main/java/org/apache/bookkeeper/proto/BookieServer.java,507,153,17.0,61,39,4.333333333333333,22,114,12.666666666666666,59,9,6,2,YES
2,bookkeeper-server/src/main/java/org/apache/bookkeeper/proto/BookieServerBean.java,90,90,90.0,90,0,0.0,0,90,90.0,90,1,0,1,YES
2,bookkeeper-server/src/main/java/org/apache/bookkeeper/proto/BookieServerMXBean.java,58,58,58.0,58,0,0.0,0,58,58.0,58,1,0,1,NO
2,bookkeeper-server/src/main/java/org/apache/bookkeeper/proto/BookkeeperInternalCallbacks.java,132,0,0.0,0,0,0.0,0,0,0.0,0,0,0,0,NO
2,bookkeeper-server/src/main/java/org/apache/bookkeeper/proto/NIOServerFactory.java,529,9,2.25,5,13,3.25,8,4,1.0,3,4,0,1,YES
2,bookkeeper-server/src/main/java/org/apache/bookkeeper/proto/PerChannelBookieClient.java,694,193,19.3,48,102,10.2,44,107,10.7,43,10,7,3,YES
2,bookkeeper-server/src/main/java/org/apache/bookkeeper/proto/ServerStats.java,148,0,0.0,0,0,0.0,0,0,0.0,0,0,0,0,YES
2,bookkeeper-server/src/main/java/org/apache/bookkeeper/streaming/LedgerInputStream.java,174,0,0.0,0,0,0.0,0,0,0.0,0,0,0,0,NO
2,bookkeeper-server/src/main/java/org/apache/bookkeeper/streaming/LedgerOutputStream.java,148,0,0.0,0,0,0.0,0,0,0.0,0,0,0,0,NO
2,bookkeeper-server/src/main/java/org/apache/bookkeeper/tools/BookKeeperTools.java,92,2,2.0,2,2,2.0,2,0,0.0,0,1,0,1,NO
2,bookkeeper-server/src/main/java/org/apache/bookkeeper/util/EntryFormatter.java,77,77,77.0,77,0,0.0,0,77,77.0,77,1,0,1,NO
2,bookkeeper-server/src/main/java/org/apache/bookkeeper/util/HardLink.java,664,666,333.0,665,1,0.5,1,665,332.5,665,2,0,1,NO
2,bookkeeper-server/src/main/java/org/apache/bookkeeper/util/IOUtils.java,55,55,55.0,55,0,0.0,0,55,55.0,55,1,0,1,NO
2,bookkeeper-server/src/main/java/org/apache/bookkeeper/util/LocalBookKeeper.java,256,109,21.8,33,49,9.8,14,60,12.0,19,5,2,2,YES
2,bookkeeper-server/src/main/java/org/apache/bookkeeper/util/Main.java,54,0,0.0,0,0,0.0,0,0,0.0,0,0,0,0,NO
2,bookkeeper-server/src/main/java/org/apache/bookkeeper/util/MathUtils.java,38,0,0.0,0,0,0.0,0,0,0.0,0,0,0,0,YES
2,bookkeeper-server/src/main/java/org/apache/bookkeeper/util/OrderedSafeExecutor.java,98,0,0.0,0,0,0.0,0,0,0.0,0,0,0,0,YES
2,bookkeeper-server/src/main/java/org/apache/bookkeeper/util/SafeRunnable.java,39,0,0.0,0,0,0.0,0,0,0.0,0,0,0,0,NO
2,bookkeeper-server/src/main/java/org/apache/bookkeeper/util/StringEntryFormatter.java,47,47,47.0,47,0,0.0,0,47,47.0,47,1,0,1,NO
2,bookkeeper-server/src/main/java/org/apache/bookkeeper/util/StringUtils.java,69,0,0.0,0,0,0.0,0,0,0.0,0,0,0,0,YES
2,bookkeeper-server/src/main/java/org/apache/bookkeeper/util/Tool.java,43,43,43.0,43,0,0.0,0,43,43.0,43,1,0,1,NO
2,bookkeeper-server/src/main/java/org/apache/bookkeeper/util/ZkUtils.java,94,0,0.0,0,0,0.0,0,0,0.0,0,0,0,0,YES
2,hedwig-client/src/main/java/org/apache/hedwig/client/HedwigClient.java,72,0,0.0,0,0,0.0,0,0,0.0,0,0,0,0,NO
2,hedwig-client/src/main/java/org/apache/hedwig/client/api/Client.java,42,0,0.0,0,0,0.0,0,0,0.0,0,0,0,0,NO
2,hedwig-client/src/main/java/org/apache/hedwig/client/api/MessageHandler.java,48,0,0.0,0,0,0.0,0,0,0.0,0,0,0,0,NO
2,hedwig-client/src/main/java/org/apache/hedwig/client/api/Publisher.java,63,0,0.0,0,0,0.0,0,0,0.0,0,0,0,0,YES
2,hedwig-client/src/main/java/org/apache/hedwig/client/api/Subscriber.java,318,86,28.666666666666668,47,5,1.6666666666666667,4,81,27.0,47,3,1,2,YES
2,hedwig-client/src/main/java/org/apache/hedwig/client/benchmark/BenchmarkPublisher.java,136,3,3.0,3,0,0.0,0,3,3.0,3,1,1,1,YES
2,hedwig-client/src/main/java/org/apache/hedwig/client/benchmark/BenchmarkSubscriber.java,141,4,4.0,4,0,0.0,0,4,4.0,4,1,1,1,YES
2,hedwig-client/src/main/java/org/apache/hedwig/client/benchmark/BenchmarkUtils.java,190,15,15.0,15,2,2.0,2,13,13.0,13,1,1,1,YES
2,hedwig-client/src/main/java/org/apache/hedwig/client/benchmark/BenchmarkWorker.java,46,0,0.0,0,0,0.0,0,0,0.0,0,0,0,0,NO
2,hedwig-client/src/main/java/org/apache/hedwig/client/benchmark/HedwigBenchmark.java,165,59,59.0,59,22,22.0,22,37,37.0,37,1,0,1,NO
2,hedwig-client/src/main/java/org/apache/hedwig/client/conf/ClientConfiguration.java,162,13,13.0,13,0,0.0,0,13,13.0,13,1,0,1,NO
2,hedwig-client/src/main/java/org/apache/hedwig/client/data/MessageConsumeData.java,58,0,0.0,0,0,0.0,0,0,0.0,0,0,0,0,NO
2,hedwig-client/src/main/java/org/apache/hedwig/client/data/PubSubData.java,148,9,9.0,9,10,10.0,10,1,1.0,1,1,0,1,YES
2,hedwig-client/src/main/java/org/apache/hedwig/client/data/TopicSubscriber.java,74,0,0.0,0,0,0.0,0,0,0.0,0,0,0,0,NO
2,hedwig-client/src/main/java/org/apache/hedwig/client/exceptions/AlreadyStartDeliveryException.java,36,36,36.0,36,0,0.0,0,36,36.0,36,1,1,1,YES
2,hedwig-client/src/main/java/org/apache/hedwig/client/exceptions/InvalidSubscriberIdException.java,37,0,0.0,0,0,0.0,0,0,0.0,0,0,0,0,NO
2,hedwig-client/src/main/java/org/apache/hedwig/client/exceptions/ServerRedirectLoopException.java,38,0,0.0,0,0,0.0,0,0,0.0,0,0,0,0,NO
2,hedwig-client/src/main/java/org/apache/hedwig/client/exceptions/TooManyServerRedirectsException.java,39,0,0.0,0,0,0.0,0,0,0.0,0,0,0,0,NO
2,hedwig-client/src/main/java/org/apache/hedwig/client/handlers/MessageConsumeCallback.java,96,0,0.0,0,0,0.0,0,0,0.0,0,0,0,0,YES
2,hedwig-client/src/main/java/org/apache/hedwig/client/handlers/PubSubCallback.java,88,0,0.0,0,0,0.0,0,0,0.0,0,0,0,0,NO
2,hedwig-client/src/main/java/org/apache/hedwig/client/handlers/PublishResponseHandler.java,71,0,0.0,0,0,0.0,0,0,0.0,0,0,0,0,NO
2,hedwig-client/src/main/java/org/apache/hedwig/client/handlers/SubscribeReconnectCallback.java,114,14,14.0,14,14,14.0,14,0,0.0,0,1,1,1,YES
2,hedwig-client/src/main/java/org/apache/hedwig/client/handlers/SubscribeResponseHandler.java,342,42,42.0,42,36,36.0,36,6,6.0,6,1,1,1,YES
2,hedwig-client/src/main/java/org/apache/hedwig/client/handlers/UnsubscribeResponseHandler.java,84,0,0.0,0,0,0.0,0,0,0.0,0,0,0,0,NO
2,hedwig-client/src/main/java/org/apache/hedwig/client/netty/ClientChannelPipelineFactory.java,58,0,0.0,0,0,0.0,0,0,0.0,0,0,0,0,NO
2,hedwig-client/src/main/java/org/apache/hedwig/client/netty/ConnectCallback.java,129,7,7.0,7,1,1.0,1,6,6.0,6,1,1,1,YES
2,hedwig-client/src/main/java/org/apache/hedwig/client/netty/HedwigClientImpl.java,363,5,5.0,5,11,11.0,11,6,6.0,6,1,1,1,YES
2,hedwig-client/src/main/java/org/apache/hedwig/client/netty/HedwigPublisher.java,242,12,12.0,12,1,1.0,1,11,11.0,11,1,1,1,YES
2,hedwig-client/src/main/java/org/apache/hedwig/client/netty/HedwigSubscriber.java,682,120,30.0,38,24,6.0,14,96,24.0,37,4,2,1,YES
2,hedwig-client/src/main/java/org/apache/hedwig/client/netty/ResponseHandler.java,366,1,1.0,1,1,1.0,1,0,0.0,0,1,1,1,YES
2,hedwig-client/src/main/java/org/apache/hedwig/client/netty/WriteCallback.java,103,5,5.0,5,1,1.0,1,4,4.0,4,1,1,1,YES
2,hedwig-client/src/main/java/org/apache/hedwig/client/ssl/SslClientContextFactory.java,41,0,0.0,0,0,0.0,0,0,0.0,0,0,0,0,NO
2,hedwig-client/src/main/java/org/apache/hedwig/client/ssl/SslContextFactory.java,66,0,0.0,0,0,0.0,0,0,0.0,0,0,0,0,NO
2,hedwig-client/src/main/java/org/apache/hedwig/conf/AbstractConfiguration.java,63,9,9.0,9,0,0.0,0,9,9.0,9,1,0,1,NO
2,hedwig-client/src/main/java/org/apache/hedwig/util/Callback.java,47,0,0.0,0,0,0.0,0,0,0.0,0,0,0,0,NO
2,hedwig-client/src/main/java/org/apache/hedwig/util/CallbackUtils.java,183,0,0.0,0,0,0.0,0,0,0.0,0,0,0,0,NO
2,hedwig-client/src/main/java/org/apache/hedwig/util/ConcurrencyUtils.java,49,0,0.0,0,0,0.0,0,0,0.0,0,0,0,0,NO
2,hedwig-client/src/main/java/org/apache/hedwig/util/Either.java,50,0,0.0,0,0,0.0,0,0,0.0,0,0,0,0,NO
2,hedwig-client/src/main/java/org/apache/hedwig/util/FileUtils.java,98,0,0.0,0,0,0.0,0,0,0.0,0,0,0,0,NO
2,hedwig-client/src/main/java/org/apache/hedwig/util/HedwigSocketAddress.java,143,5,5.0,5,0,0.0,0,5,5.0,5,1,1,1,YES
2,hedwig-client/src/main/java/org/apache/hedwig/util/Option.java,43,0,0.0,0,0,0.0,0,0,0.0,0,0,0,0,NO
2,hedwig-client/src/main/java/org/apache/hedwig/util/Pair.java,42,0,0.0,0,0,0.0,0,0,0.0,0,0,0,0,NO
2,hedwig-client/src/main/java/org/apache/hedwig/util/PathUtils.java,56,3,3.0,3,3,3.0,3,0,0.0,0,1,1,1,YES
2,hedwig-protocol/src/main/java/org/apache/hedwig/exceptions/PubSubException.java,162,0,0.0,0,0,0.0,0,0,0.0,0,0,0,0,YES
2,hedwig-protocol/src/main/java/org/apache/hedwig/protocol/PubSubProtocol.java,6523,6504,6504.0,6504,6348,6348.0,6348,156,156.0,156,1,0,1,YES
2,hedwig-protocol/src/main/java/org/apache/hedwig/protoextensions/MessageIdUtils.java,153,0,0.0,0,0,0.0,0,0,0.0,0,0,0,0,NO
2,hedwig-protocol/src/main/java/org/apache/hedwig/protoextensions/PubSubResponseUtils.java,43,1,1.0,1,1,1.0,1,0,0.0,0,1,1,1,YES
2,hedwig-protocol/src/main/java/org/apache/hedwig/protoextensions/SubscriptionStateUtils.java,41,0,0.0,0,0,0.0,0,0,0.0,0,0,0,0,NO
2,hedwig-server/src/main/java/org/apache/hedwig/admin/HedwigAdmin.java,400,407,135.66666666666666,397,7,2.3333333333333335,4,400,133.33333333333334,397,3,1,2,YES
2,hedwig-server/src/main/java/org/apache/hedwig/admin/console/HedwigCommands.java,425,428,214.0,424,3,1.5,3,425,212.5,424,2,1,1,YES
2,hedwig-server/src/main/java/org/apache/hedwig/admin/console/HedwigConsole.java,1041,1057,528.5,1029,16,8.0,16,1041,520.5,1029,2,1,1,YES
2,hedwig-server/src/main/java/org/apache/hedwig/admin/console/JLineHedwigCompletor.java,92,92,92.0,92,0,0.0,0,92,92.0,92,1,0,1,NO
2,hedwig-server/src/main/java/org/apache/hedwig/admin/console/ReadTopic.java,355,357,178.5,357,2,1.0,2,359,179.5,357,2,1,1,YES
2,hedwig-server/src/main/java/org/apache/hedwig/data/MessageFormatter.java,123,123,123.0,123,0,0.0,0,123,123.0,123,1,0,1,NO
2,hedwig-server/src/main/java/org/apache/hedwig/server/benchmark/AbstractBenchmark.java,105,0,0.0,0,0,0.0,0,0,0.0,0,0,0,0,YES
2,hedwig-server/src/main/java/org/apache/hedwig/server/benchmark/BookieBenchmark.java,105,0,0.0,0,0,0.0,0,0,0.0,0,0,0,0,YES
2,hedwig-server/src/main/java/org/apache/hedwig/server/benchmark/BookkeeperBenchmark.java,92,0,0.0,0,0,0.0,0,0,0.0,0,0,0,0,YES
2,hedwig-server/src/main/java/org/apache/hedwig/server/benchmark/FakeBookie.java,101,0,0.0,0,0,0.0,0,0,0.0,0,0,0,0,NO
2,hedwig-server/src/main/java/org/apache/hedwig/server/common/ByteStringInterner.java,45,0,0.0,0,0,0.0,0,0,0.0,0,0,0,0,YES
2,hedwig-server/src/main/java/org/apache/hedwig/server/common/ServerConfiguration.java,299,12,6.0,8,2,1.0,2,10,5.0,8,2,1,1,YES
2,hedwig-server/src/main/java/org/apache/hedwig/server/common/TerminateJVMExceptionHandler.java,32,1,1.0,1,1,1.0,1,0,0.0,0,1,1,1,YES
2,hedwig-server/src/main/java/org/apache/hedwig/server/common/TopicOpQueuer.java,111,0,0.0,0,0,0.0,0,0,0.0,0,0,0,0,NO
2,hedwig-server/src/main/java/org/apache/hedwig/server/common/UnexpectedError.java,35,0,0.0,0,0,0.0,0,0,0.0,0,0,0,0,NO
2,hedwig-server/src/main/java/org/apache/hedwig/server/delivery/ChannelEndPoint.java,85,4,4.0,4,0,0.0,0,4,4.0,4,1,1,1,YES
2,hedwig-server/src/main/java/org/apache/hedwig/server/delivery/DeliveryCallback.java,27,0,0.0,0,0,0.0,0,0,0.0,0,0,0,0,NO
2,hedwig-server/src/main/java/org/apache/hedwig/server/delivery/DeliveryEndPoint.java,28,0,0.0,0,0,0.0,0,0,0.0,0,0,0,0,NO
2,hedwig-server/src/main/java/org/apache/hedwig/server/delivery/DeliveryManager.java,36,7,3.5,5,0,0.0,0,7,3.5,5,2,2,1,YES
2,hedwig-server/src/main/java/org/apache/hedwig/server/delivery/FIFODeliveryManager.java,574,11,5.5,8,3,1.5,3,8,4.0,5,2,1,1,YES
2,hedwig-server/src/main/java/org/apache/hedwig/server/handlers/BaseHandler.java,67,3,3.0,3,0,0.0,0,3,3.0,3,1,0,1,NO
2,hedwig-server/src/main/java/org/apache/hedwig/server/handlers/ChannelDisconnectListener.java,29,0,0.0,0,0,0.0,0,0,0.0,0,0,0,0,NO
2,hedwig-server/src/main/java/org/apache/hedwig/server/handlers/ConsumeHandler.java,72,8,8.0,8,0,0.0,0,8,8.0,8,1,0,1,NO
2,hedwig-server/src/main/java/org/apache/hedwig/server/handlers/Handler.java,37,0,0.0,0,0,0.0,0,0,0.0,0,0,0,0,NO
2,hedwig-server/src/main/java/org/apache/hedwig/server/handlers/NettyHandlerBean.java,51,52,26.0,51,1,0.5,1,51,25.5,51,2,1,1,YES
2,hedwig-server/src/main/java/org/apache/hedwig/server/handlers/NettyHandlerMXBean.java,31,31,31.0,31,0,0.0,0,31,31.0,31,1,0,1,NO
2,hedwig-server/src/main/java/org/apache/hedwig/server/handlers/PublishHandler.java,77,9,9.0,9,0,0.0,0,9,9.0,9,1,0,1,YES
2,hedwig-server/src/main/java/org/apache/hedwig/server/handlers/SubscribeHandler.java,168,14,14.0,14,0,0.0,0,14,14.0,14,1,0,1,YES
2,hedwig-server/src/main/java/org/apache/hedwig/server/handlers/UnsubscribeHandler.java,81,10,10.0,10,1,1.0,1,9,9.0,9,1,0,1,YES
2,hedwig-server/src/main/java/org/apache/hedwig/server/jmx/HedwigJMXService.java,37,37,37.0,37,0,0.0,0,37,37.0,37,1,0,1,NO
2,hedwig-server/src/main/java/org/apache/hedwig/server/jmx/HedwigMBeanInfo.java,27,27,27.0,27,0,0.0,0,27,27.0,27,1,0,1,NO
2,hedwig-server/src/main/java/org/apache/hedwig/server/jmx/HedwigMBeanRegistry.java,48,48,48.0,48,0,0.0,0,48,48.0,48,1,0,1,NO
2,hedwig-server/src/main/java/org/apache/hedwig/server/netty/PubSubServer.java,436,79,26.333333333333332,53,28,9.333333333333334,24,67,22.333333333333332,53,3,2,1,YES
2,hedwig-server/src/main/java/org/apache/hedwig/server/netty/PubSubServerBean.java,77,77,77.0,77,0,0.0,0,77,77.0,77,1,0,1,YES
2,hedwig-server/src/main/java/org/apache/hedwig/server/netty/PubSubServerMXBean.java,63,63,63.0,63,0,0.0,0,63,63.0,63,1,0,1,NO
2,hedwig-server/src/main/java/org/apache/hedwig/server/netty/PubSubServerPipelineFactory.java,76,0,0.0,0,0,0.0,0,0,0.0,0,0,0,0,NO
2,hedwig-server/src/main/java/org/apache/hedwig/server/netty/ServerStats.java,191,193,96.5,190,2,1.0,2,191,95.5,190,2,1,1,YES
2,hedwig-server/src/main/java/org/apache/hedwig/server/netty/UmbrellaHandler.java,160,1,1.0,1,0,0.0,0,1,1.0,1,1,0,1,NO
2,hedwig-server/src/main/java/org/apache/hedwig/server/persistence/BookkeeperPersistenceManager.java,906,207,69.0,165,38,12.666666666666666,34,169,56.333333333333336,131,3,1,1,YES
2,hedwig-server/src/main/java/org/apache/hedwig/server/persistence/CacheKey.java,74,0,0.0,0,0,0.0,0,0,0.0,0,0,0,0,NO
2,hedwig-server/src/main/java/org/apache/hedwig/server/persistence/CacheValue.java,94,0,0.0,0,0,0.0,0,0,0.0,0,0,0,0,NO
2,hedwig-server/src/main/java/org/apache/hedwig/server/persistence/Factory.java,22,0,0.0,0,0,0.0,0,0,0.0,0,0,0,0,NO
2,hedwig-server/src/main/java/org/apache/hedwig/server/persistence/LocalDBPersistenceManager.java,481,62,31.0,50,8,4.0,8,54,27.0,42,2,1,1,YES
2,hedwig-server/src/main/java/org/apache/hedwig/server/persistence/MapMethods.java,62,0,0.0,0,0,0.0,0,0,0.0,0,0,0,0,NO
2,hedwig-server/src/main/java/org/apache/hedwig/server/persistence/PersistRequest.java,58,0,0.0,0,0,0.0,0,0,0.0,0,0,0,0,NO
2,hedwig-server/src/main/java/org/apache/hedwig/server/persistence/PersistenceManager.java,94,3,3.0,3,0,0.0,0,3,3.0,3,1,0,1,NO
2,hedwig-server/src/main/java/org/apache/hedwig/server/persistence/PersistenceManagerWithRangeScan.java,27,0,0.0,0,0,0.0,0,0,0.0,0,0,0,0,NO
2,hedwig-server/src/main/java/org/apache/hedwig/server/persistence/RangeScanRequest.java,77,0,0.0,0,0,0.0,0,0,0.0,0,0,0,0,NO
2,hedwig-server/src/main/java/org/apache/hedwig/server/persistence/ReadAheadCache.java,744,43,14.333333333333334,29,3,1.0,2,40,13.333333333333334,28,3,1,1,YES
2,hedwig-server/src/main/java/org/apache/hedwig/server/persistence/ReadAheadCacheBean.java,64,64,64.0,64,0,0.0,0,64,64.0,64,1,0,1,YES
2,hedwig-server/src/main/java/org/apache/hedwig/server/persistence/ReadAheadCacheMXBean.java,45,45,45.0,45,0,0.0,0,45,45.0,45,1,0,1,NO
2,hedwig-server/src/main/java/org/apache/hedwig/server/persistence/ScanCallback.java,63,0,0.0,0,0,0.0,0,0,0.0,0,0,0,0,NO
2,hedwig-server/src/main/java/org/apache/hedwig/server/persistence/ScanCallbackWithContext.java,37,0,0.0,0,0,0.0,0,0,0.0,0,0,0,0,NO
2,hedwig-server/src/main/java/org/apache/hedwig/server/persistence/ScanRequest.java,64,0,0.0,0,0,0.0,0,0,0.0,0,0,0,0,NO
2,hedwig-server/src/main/java/org/apache/hedwig/server/proxy/ChannelTracker.java,124,0,0.0,0,0,0.0,0,0,0.0,0,0,0,0,NO
2,hedwig-server/src/main/java/org/apache/hedwig/server/proxy/HedwigProxy.java,172,21,10.5,11,9,4.5,8,12,6.0,10,2,2,1,YES
2,hedwig-server/src/main/java/org/apache/hedwig/server/proxy/ProxyConfiguration.java,36,2,2.0,2,2,2.0,2,0,0.0,0,1,1,1,YES
2,hedwig-server/src/main/java/org/apache/hedwig/server/proxy/ProxyConsumeHandler.java,58,0,0.0,0,0,0.0,0,0,0.0,0,0,0,0,NO
2,hedwig-server/src/main/java/org/apache/hedwig/server/proxy/ProxyPublishHander.java,62,0,0.0,0,0,0.0,0,0,0.0,0,0,0,0,NO
2,hedwig-server/src/main/java/org/apache/hedwig/server/proxy/ProxyStartDeliveryHandler.java,132,4,4.0,4,2,2.0,2,2,2.0,2,1,1,1,YES
2,hedwig-server/src/main/java/org/apache/hedwig/server/proxy/ProxyStopDeliveryHandler.java,74,1,1.0,1,1,1.0,1,0,0.0,0,1,1,1,YES
2,hedwig-server/src/main/java/org/apache/hedwig/server/proxy/ProxySubscribeHandler.java,83,0,0.0,0,0,0.0,0,0,0.0,0,0,0,0,NO
2,hedwig-server/src/main/java/org/apache/hedwig/server/proxy/ProxyUnsubscribeHandler.java,74,0,0.0,0,0,0.0,0,0,0.0,0,0,0,0,NO
2,hedwig-server/src/main/java/org/apache/hedwig/server/regions/HedwigHubClient.java,48,0,0.0,0,0,0.0,0,0,0.0,0,0,0,0,NO
2,hedwig-server/src/main/java/org/apache/hedwig/server/regions/HedwigHubClientFactory.java,60,0,0.0,0,0,0.0,0,0,0.0,0,0,0,0,NO
2,hedwig-server/src/main/java/org/apache/hedwig/server/regions/HedwigHubSubscriber.java,86,18,18.0,18,2,2.0,2,16,16.0,16,1,0,1,NO
2,hedwig-server/src/main/java/org/apache/hedwig/server/regions/RegionManager.java,355,253,84.33333333333333,241,81,27.0,67,186,62.0,174,3,3,1,YES
2,hedwig-server/src/main/java/org/apache/hedwig/server/ssl/SslServerContextFactory.java,53,0,0.0,0,0,0.0,0,0,0.0,0,0,0,0,NO
2,hedwig-server/src/main/java/org/apache/hedwig/server/subscriptions/AbstractSubscriptionManager.java,612,185,46.25,98,25,6.25,7,160,40.0,92,4,3,1,YES
2,hedwig-server/src/main/java/org/apache/hedwig/server/subscriptions/AllToAllTopologyFilter.java,39,0,0.0,0,0,0.0,0,0,0.0,0,0,0,0,NO
2,hedwig-server/src/main/java/org/apache/hedwig/server/subscriptions/InMemorySubscriptionManager.java,78,0,0.0,0,0,0.0,0,0,0.0,0,0,0,0,YES
2,hedwig-server/src/main/java/org/apache/hedwig/server/subscriptions/InMemorySubscriptionState.java,85,24,24.0,24,3,3.0,3,21,21.0,21,1,1,1,YES
2,hedwig-server/src/main/java/org/apache/hedwig/server/subscriptions/MessageFilter.java,31,0,0.0,0,0,0.0,0,0,0.0,0,0,0,0,NO
2,hedwig-server/src/main/java/org/apache/hedwig/server/subscriptions/SubscriptionEventListener.java,57,0,0.0,0,0,0.0,0,0,0.0,0,0,0,0,NO
2,hedwig-server/src/main/java/org/apache/hedwig/server/subscriptions/SubscriptionManager.java,108,4,4.0,4,0,0.0,0,4,4.0,4,1,1,1,YES
2,hedwig-server/src/main/java/org/apache/hedwig/server/subscriptions/TrueFilter.java,32,1,1.0,1,1,1.0,1,0,0.0,0,1,1,1,YES
2,hedwig-server/src/main/java/org/apache/hedwig/server/subscriptions/ZkSubscriptionManager.java,227,0,0.0,0,0,0.0,0,0,0.0,0,0,0,0,NO
2,hedwig-server/src/main/java/org/apache/hedwig/server/topics/AbstractTopicManager.java,201,4,4.0,4,0,0.0,0,4,4.0,4,1,1,1,YES
2,hedwig-server/src/main/java/org/apache/hedwig/server/topics/TopicManager.java,80,5,5.0,5,0,0.0,0,5,5.0,5,1,1,1,YES
2,hedwig-server/src/main/java/org/apache/hedwig/server/topics/TopicOwnershipChangeListener.java,28,0,0.0,0,0,0.0,0,0,0.0,0,0,0,0,NO
2,hedwig-server/src/main/java/org/apache/hedwig/server/topics/TrivialOwnAllTopicManager.java,57,5,5.0,5,0,0.0,0,5,5.0,5,1,1,1,YES
2,hedwig-server/src/main/java/org/apache/hedwig/server/topics/ZkTopicManager.java,446,18,9.0,17,1,0.5,1,17,8.5,17,2,2,1,YES
2,hedwig-server/src/main/java/org/apache/hedwig/zookeeper/SafeAsynBKCallback.java,103,0,0.0,0,0,0.0,0,0,0.0,0,0,0,0,NO
2,hedwig-server/src/main/java/org/apache/hedwig/zookeeper/SafeAsyncCallback.java,35,1,1.0,1,1,1.0,1,0,0.0,0,1,1,1,YES
2,hedwig-server/src/main/java/org/apache/hedwig/zookeeper/SafeAsyncZKCallback.java,98,0,0.0,0,0,0.0,0,0,0.0,0,0,0,0,NO
2,hedwig-server/src/main/java/org/apache/hedwig/zookeeper/ZkUtils.java,79,0,0.0,0,0,0.0,0,0,0.0,0,0,0,0,NO
3,bookkeeper-benchmark/src/main/java/org/apache/bookkeeper/benchmark/BenchBookie.java,215,0,0.0,0,0,0.0,0,0,0.0,0,0,0,0,NO
3,bookkeeper-benchmark/src/main/java/org/apache/bookkeeper/benchmark/BenchReadThroughputLatency.java,271,0,0.0,0,0,0.0,0,0,0.0,0,0,0,0,YES
3,bookkeeper-benchmark/src/main/java/org/apache/bookkeeper/benchmark/BenchThroughputLatency.java,458,20,10.0,14,9,4.5,7,11,5.5,7,2,0,1,YES
3,bookkeeper-benchmark/src/main/java/org/apache/bookkeeper/benchmark/MySqlClient.java,137,0,0.0,0,0,0.0,0,0,0.0,0,0,0,0,YES
3,bookkeeper-benchmark/src/main/java/org/apache/bookkeeper/benchmark/TestClient.java,357,30,15.0,15,52,26.0,26,22,11.0,11,2,1,1,YES
3,bookkeeper-server/src/main/java/org/apache/bookkeeper/bookie/Bookie.java,1242,696,36.63157894736842,175,172,9.052631578947368,40,556,29.263157894736842,153,19,7,3,YES
3,bookkeeper-server/src/main/java/org/apache/bookkeeper/bookie/BookieBean.java,51,0,0.0,0,0,0.0,0,0,0.0,0,0,0,0,NO
3,bookkeeper-server/src/main/java/org/apache/bookkeeper/bookie/BookieException.java,154,5,5.0,5,1,1.0,1,4,4.0,4,1,0,1,YES
3,bookkeeper-server/src/main/java/org/apache/bookkeeper/bookie/BookieMXBean.java,31,0,0.0,0,0,0.0,0,0,0.0,0,0,0,0,NO
3,bookkeeper-server/src/main/java/org/apache/bookkeeper/bookie/BookieShell.java,928,261,65.25,169,17,4.25,12,254,63.5,168,4,1,3,YES
3,bookkeeper-server/src/main/java/org/apache/bookkeeper/bookie/BufferedChannel.java,180,0,0.0,0,0,0.0,0,0,0.0,0,0,0,0,NO
3,bookkeeper-server/src/main/java/org/apache/bookkeeper/bookie/Cookie.java,260,101,33.666666666666664,88,37,12.333333333333334,27,64,21.333333333333332,61,3,1,2,YES
3,bookkeeper-server/src/main/java/org/apache/bookkeeper/bookie/EntryLogger.java,551,110,22.0,62,41,8.2,19,69,13.8,43,5,1,3,YES
3,bookkeeper-server/src/main/java/org/apache/bookkeeper/bookie/ExitCode.java,40,0,0.0,0,0,0.0,0,0,0.0,0,0,0,0,NO
3,bookkeeper-server/src/main/java/org/apache/bookkeeper/bookie/FileInfo.java,361,103,51.5,63,1,0.5,1,102,51.0,62,2,0,1,YES
3,bookkeeper-server/src/main/java/org/apache/bookkeeper/bookie/FileSystemUpgrade.java,388,25,8.333333333333334,11,10,3.3333333333333335,8,15,5.0,6,3,1,2,YES
3,bookkeeper-server/src/main/java/org/apache/bookkeeper/bookie/GarbageCollector.java,51,51,51.0,51,0,0.0,0,51,51.0,51,1,0,1,NO
3,bookkeeper-server/src/main/java/org/apache/bookkeeper/bookie/GarbageCollectorThread.java,577,130,16.25,67,63,7.875,19,75,9.375,59,8,3,3,YES
3,bookkeeper-server/src/main/java/org/apache/bookkeeper/bookie/HandleFactory.java,32,0,0.0,0,0,0.0,0,0,0.0,0,0,0,0,NO
3,bookkeeper-server/src/main/java/org/apache/bookkeeper/bookie/HandleFactoryImpl.java,66,0,0.0,0,0,0.0,0,0,0.0,0,0,0,0,NO
3,bookkeeper-server/src/main/java/org/apache/bookkeeper/bookie/InterleavedLedgerStorage.java,188,39,5.571428571428571,13,38,5.428571428571429,21,37,5.285714285714286,18,7,1,2,YES
3,bookkeeper-server/src/main/java/org/apache/bookkeeper/bookie/Journal.java,582,33,4.714285714285714,10,26,3.7142857142857144,9,19,2.7142857142857144,7,7,4,3,YES
3,bookkeeper-server/src/main/java/org/apache/bookkeeper/bookie/JournalChannel.java,158,2,2.0,2,2,2.0,2,0,0.0,0,1,0,1,YES
3,bookkeeper-server/src/main/java/org/apache/bookkeeper/bookie/LedgerCache.java,50,4,4.0,4,0,0.0,0,4,4.0,4,1,0,1,NO
3,bookkeeper-server/src/main/java/org/apache/bookkeeper/bookie/LedgerCacheBean.java,27,0,0.0,0,0,0.0,0,0,0.0,0,0,0,0,NO
3,bookkeeper-server/src/main/java/org/apache/bookkeeper/bookie/LedgerCacheImpl.java,928,207,23.0,93,67,7.444444444444445,21,150,16.666666666666668,72,9,2,2,YES
3,bookkeeper-server/src/main/java/org/apache/bookkeeper/bookie/LedgerCacheMXBean.java,60,0,0.0,0,0,0.0,0,0,0.0,0,0,0,0,NO
3,bookkeeper-server/src/main/java/org/apache/bookkeeper/bookie/LedgerDescriptor.java,62,2,2.0,2,2,2.0,2,0,0.0,0,1,0,1,NO
3,bookkeeper-server/src/main/java/org/apache/bookkeeper/bookie/LedgerDescriptorImpl.java,87,4,4.0,4,5,5.0,5,1,1.0,1,1,0,1,NO
3,bookkeeper-server/src/main/java/org/apache/bookkeeper/bookie/LedgerDescriptorReadOnlyImpl.java,52,1,1.0,1,1,1.0,1,0,0.0,0,1,0,1,NO
3,bookkeeper-server/src/main/java/org/apache/bookkeeper/bookie/LedgerDirsManager.java,268,270,90.0,240,2,0.6666666666666666,1,268,89.33333333333333,240,3,2,2,YES
3,bookkeeper-server/src/main/java/org/apache/bookkeeper/bookie/LedgerEntryPage.java,163,0,0.0,0,0,0.0,0,0,0.0,0,0,0,0,NO
3,bookkeeper-server/src/main/java/org/apache/bookkeeper/bookie/LedgerStorage.java,109,19,19.0,19,1,1.0,1,18,18.0,18,1,0,1,NO
3,bookkeeper-server/src/main/java/org/apache/bookkeeper/bookie/MarkerFileChannel.java,147,0,0.0,0,0,0.0,0,0,0.0,0,0,0,0,NO
3,bookkeeper-server/src/main/java/org/apache/bookkeeper/bookie/ReadOnlyEntryLogger.java,58,1,1.0,1,1,1.0,1,0,0.0,0,1,0,1,NO
3,bookkeeper-server/src/main/java/org/apache/bookkeeper/bookie/ReadOnlyFileInfo.java,44,0,0.0,0,0,0.0,0,0,0.0,0,0,0,0,NO
3,bookkeeper-server/src/main/java/org/apache/bookkeeper/bookie/ScanAndCompareGarbageCollector.java,106,108,108.0,108,0,0.0,0,108,108.0,108,1,0,1,YES
3,bookkeeper-server/src/main/java/org/apache/bookkeeper/client/AsyncCallback.java,139,0,0.0,0,0,0.0,0,0,0.0,0,0,0,0,NO
3,bookkeeper-server/src/main/java/org/apache/bookkeeper/client/BKException.java,326,44,11.0,11,0,0.0,0,44,11.0,11,4,0,1,YES
3,bookkeeper-server/src/main/java/org/apache/bookkeeper/client/BookKeeper.java,648,129,11.727272727272727,73,66,6.0,18,107,9.727272727272727,66,11,4,3,YES
3,bookkeeper-server/src/main/java/org/apache/bookkeeper/client/BookKeeperAdmin.java,778,319,24.53846153846154,101,341,26.23076923076923,221,330,25.384615384615383,145,13,2,3,YES
3,bookkeeper-server/src/main/java/org/apache/bookkeeper/client/BookieWatcher.java,314,122,40.666666666666664,111,24,8.0,12,102,34.0,99,3,1,2,YES
3,bookkeeper-server/src/main/java/org/apache/bookkeeper/client/CRC32DigestManager.java,55,0,0.0,0,0,0.0,0,0,0.0,0,0,0,0,NO
3,bookkeeper-server/src/main/java/org/apache/bookkeeper/client/DigestManager.java,191,7,7.0,7,0,0.0,0,7,7.0,7,1,0,1,NO
3,bookkeeper-server/src/main/java/org/apache/bookkeeper/client/DistributionSchedule.java,90,38,19.0,25,13,6.5,11,25,12.5,14,2,0,1,NO
3,bookkeeper-server/src/main/java/org/apache/bookkeeper/client/LedgerChecker.java,273,285,71.25,274,12,3.0,7,281,70.25,274,4,0,1,NO
3,bookkeeper-server/src/main/java/org/apache/bookkeeper/client/LedgerCreateOp.java,137,16,4.0,9,29,7.25,24,19,4.75,15,4,1,2,YES
3,bookkeeper-server/src/main/java/org/apache/bookkeeper/client/LedgerDeleteOp.java,79,13,4.333333333333333,6,15,5.0,10,6,2.0,4,3,0,2,NO
3,bookkeeper-server/src/main/java/org/apache/bookkeeper/client/LedgerEntry.java,82,0,0.0,0,2,2.0,2,2,2.0,2,1,0,1,NO
3,bookkeeper-server/src/main/java/org/apache/bookkeeper/client/LedgerFragment.java,147,168,33.6,112,21,4.2,19,147,29.4,112,5,1,2,YES
3,bookkeeper-server/src/main/java/org/apache/bookkeeper/client/LedgerFragmentReplicator.java,422,517,129.25,298,95,23.75,89,422,105.5,298,4,0,1,NO
3,bookkeeper-server/src/main/java/org/apache/bookkeeper/client/LedgerHandle.java,978,338,28.166666666666668,164,265,22.083333333333332,77,185,15.416666666666666,91,12,5,3,YES
3,bookkeeper-server/src/main/java/org/apache/bookkeeper/client/LedgerMetadata.java,467,273,30.333333333333332,154,118,13.11111111111111,52,181,20.11111111111111,102,9,4,3,YES
3,bookkeeper-server/src/main/java/org/apache/bookkeeper/client/LedgerOpenOp.java,189,56,18.666666666666668,42,38,12.666666666666666,32,60,20.0,38,3,0,2,NO
3,bookkeeper-server/src/main/java/org/apache/bookkeeper/client/LedgerRecoveryOp.java,153,2,1.0,1,2,1.0,1,0,0.0,0,2,1,2,YES
3,bookkeeper-server/src/main/java/org/apache/bookkeeper/client/MacDigestManager.java,84,0,0.0,0,0,0.0,0,0,0.0,0,0,0,0,YES
3,bookkeeper-server/src/main/java/org/apache/bookkeeper/client/PendingAddOp.java,182,60,12.0,42,47,9.4,32,55,11.0,34,5,3,3,YES
3,bookkeeper-server/src/main/java/org/apache/bookkeeper/client/PendingReadOp.java,358,438,36.5,139,269,22.416666666666668,139,425,35.416666666666664,122,12,7,3,YES
3,bookkeeper-server/src/main/java/org/apache/bookkeeper/client/ReadLastConfirmedOp.java,126,13,3.25,4,15,3.75,5,2,0.5,1,4,2,2,YES
3,bookkeeper-server/src/main/java/org/apache/bookkeeper/client/ReadOnlyLedgerHandle.java,106,31,15.5,28,4,2.0,3,27,13.5,27,2,0,1,NO
3,bookkeeper-server/src/main/java/org/apache/bookkeeper/client/RoundRobinDistributionSchedule.java,109,36,18.0,30,17,8.5,15,19,9.5,15,2,0,1,NO
3,bookkeeper-server/src/main/java/org/apache/bookkeeper/client/SyncCounter.java,85,0,0.0,0,0,0.0,0,0,0.0,0,0,0,0,NO
3,bookkeeper-server/src/main/java/org/apache/bookkeeper/conf/AbstractConfiguration.java,236,117,29.25,54,4,1.0,4,119,29.75,54,4,1,2,YES
3,bookkeeper-server/src/main/java/org/apache/bookkeeper/conf/ClientConfiguration.java,314,74,18.5,36,36,9.0,36,110,27.5,36,4,1,1,YES
3,bookkeeper-server/src/main/java/org/apache/bookkeeper/conf/ServerConfiguration.java,694,178,25.428571428571427,50,8,1.1428571428571428,7,170,24.285714285714285,50,7,1,3,YES
3,bookkeeper-server/src/main/java/org/apache/bookkeeper/jmx/BKMBeanInfo.java,27,0,0.0,0,0,0.0,0,0,0.0,0,0,0,0,NO
3,bookkeeper-server/src/main/java/org/apache/bookkeeper/jmx/BKMBeanRegistry.java,89,3,3.0,3,2,2.0,2,1,1.0,1,1,1,1,YES
3,bookkeeper-server/src/main/java/org/apache/bookkeeper/meta/AbstractZkLedgerManager.java,301,203,29.0,129,185,26.428571428571427,150,234,33.42857142857143,123,7,1,3,YES
3,bookkeeper-server/src/main/java/org/apache/bookkeeper/meta/FlatLedgerManager.java,153,49,9.8,25,71,14.2,34,34,6.8,19,5,1,3,YES
3,bookkeeper-server/src/main/java/org/apache/bookkeeper/meta/FlatLedgerManagerFactory.java,92,97,24.25,72,5,1.25,5,102,25.5,72,4,0,2,NO
3,bookkeeper-server/src/main/java/org/apache/bookkeeper/meta/HierarchicalLedgerManager.java,466,128,25.6,102,169,33.8,113,53,10.6,30,5,1,3,YES
3,bookkeeper-server/src/main/java/org/apache/bookkeeper/meta/HierarchicalLedgerManagerFactory.java,93,98,24.5,72,5,1.25,5,103,25.75,72,4,0,2,NO
3,bookkeeper-server/src/main/java/org/apache/bookkeeper/meta/LedgerLayout.java,244,78,15.6,53,43,8.6,18,57,11.4,35,5,0,3,NO
3,bookkeeper-server/src/main/java/org/apache/bookkeeper/meta/LedgerManager.java,192,135,67.5,96,90,45.0,84,135,67.5,90,2,0,2,YES
3,bookkeeper-server/src/main/java/org/apache/bookkeeper/meta/LedgerManagerFactory.java,250,236,59.0,145,84,21.0,39,168,42.0,109,4,0,2,YES
3,bookkeeper-server/src/main/java/org/apache/bookkeeper/meta/LedgerUnderreplicationManager.java,109,109,36.333333333333336,64,0,0.0,0,109,36.333333333333336,64,3,0,1,NO
3,bookkeeper-server/src/main/java/org/apache/bookkeeper/meta/MSLedgerManagerFactory.java,601,752,376.0,691,151,75.5,151,781,390.5,691,2,0,2,YES
3,bookkeeper-server/src/main/java/org/apache/bookkeeper/meta/ZkLedgerUnderreplicationManager.java,565,627,48.23076923076923,394,62,4.769230769230769,21,567,43.61538461538461,394,13,0,3,YES
3,bookkeeper-server/src/main/java/org/apache/bookkeeper/meta/ZkVersion.java,69,72,36.0,65,3,1.5,3,69,34.5,65,2,1,1,YES
3,bookkeeper-server/src/main/java/org/apache/bookkeeper/metastore/InMemoryMetaStore.java,77,77,77.0,77,0,0.0,0,77,77.0,77,1,0,1,NO
3,bookkeeper-server/src/main/java/org/apache/bookkeeper/metastore/InMemoryMetastoreCursor.java,94,94,94.0,94,0,0.0,0,94,94.0,94,1,0,1,YES
3,bookkeeper-server/src/main/java/org/apache/bookkeeper/metastore/InMemoryMetastoreTable.java,337,337,337.0,337,0,0.0,0,337,337.0,337,1,0,1,NO
3,bookkeeper-server/src/main/java/org/apache/bookkeeper/metastore/MSException.java,214,214,214.0,214,0,0.0,0,214,214.0,214,1,0,1,NO
3,bookkeeper-server/src/main/java/org/apache/bookkeeper/metastore/MetaStore.java,79,79,79.0,79,0,0.0,0,79,79.0,79,1,0,1,NO
3,bookkeeper-server/src/main/java/org/apache/bookkeeper/metastore/MetastoreCallback.java,25,25,25.0,25,0,0.0,0,25,25.0,25,1,0,1,NO
3,bookkeeper-server/src/main/java/org/apache/bookkeeper/metastore/MetastoreCursor.java,84,84,84.0,84,0,0.0,0,84,84.0,84,1,0,1,NO
3,bookkeeper-server/src/main/java/org/apache/bookkeeper/metastore/MetastoreException.java,34,34,34.0,34,0,0.0,0,34,34.0,34,1,0,1,NO
3,bookkeeper-server/src/main/java/org/apache/bookkeeper/metastore/MetastoreFactory.java,33,33,33.0,33,0,0.0,0,33,33.0,33,1,0,1,NO
3,bookkeeper-server/src/main/java/org/apache/bookkeeper/metastore/MetastoreScannableTable.java,104,104,104.0,104,0,0.0,0,104,104.0,104,1,0,1,NO
3,bookkeeper-server/src/main/java/org/apache/bookkeeper/metastore/MetastoreTable.java,172,172,172.0,172,0,0.0,0,172,172.0,172,1,0,1,NO
3,bookkeeper-server/src/main/java/org/apache/bookkeeper/metastore/MetastoreTableItem.java,70,70,70.0,70,0,0.0,0,70,70.0,70,1,0,1,NO
3,bookkeeper-server/src/main/java/org/apache/bookkeeper/metastore/MetastoreUtils.java,140,140,140.0,140,0,0.0,0,140,140.0,140,1,0,1,NO
3,bookkeeper-server/src/main/java/org/apache/bookkeeper/metastore/Value.java,154,154,154.0,154,0,0.0,0,154,154.0,154,1,0,1,YES
3,bookkeeper-server/src/main/java/org/apache/bookkeeper/proto/BKStats.java,248,26,13.0,13,2,1.0,1,24,12.0,12,2,1,1,YES
3,bookkeeper-server/src/main/java/org/apache/bookkeeper/proto/BookieClient.java,275,62,31.0,41,14,7.0,7,48,24.0,34,2,2,1,YES
3,bookkeeper-server/src/main/java/org/apache/bookkeeper/proto/BookieProtocol.java,176,4,4.0,4,0,0.0,0,4,4.0,4,1,0,1,NO
3,bookkeeper-server/src/main/java/org/apache/bookkeeper/proto/BookieServer.java,624,188,14.461538461538462,49,38,2.923076923076923,6,156,12.0,46,13,4,3,YES
3,bookkeeper-server/src/main/java/org/apache/bookkeeper/proto/BookieServerBean.java,91,3,3.0,3,2,2.0,2,1,1.0,1,1,1,1,YES
3,bookkeeper-server/src/main/java/org/apache/bookkeeper/proto/BookieServerMXBean.java,58,0,0.0,0,0,0.0,0,0,0.0,0,0,0,0,YES
3,bookkeeper-server/src/main/java/org/apache/bookkeeper/proto/BookkeeperInternalCallbacks.java,132,1,1.0,1,1,1.0,1,0,0.0,0,1,0,1,NO
3,bookkeeper-server/src/main/java/org/apache/bookkeeper/proto/DataFormats.java,4088,4114,587.7142857142857,1493,26,3.7142857142857144,13,4088,584.0,1493,7,1,2,YES
3,bookkeeper-server/src/main/java/org/apache/bookkeeper/proto/NIOServerFactory.java,558,33,16.5,31,4,2.0,4,33,16.5,31,2,1,2,YES
3,bookkeeper-server/src/main/java/org/apache/bookkeeper/proto/PerChannelBookieClient.java,727,120,13.333333333333334,43,93,10.333333333333334,23,55,6.111111111111111,30,9,5,3,YES
3,bookkeeper-server/src/main/java/org/apache/bookkeeper/proto/ServerStats.java,150,8,4.0,4,4,2.0,2,4,2.0,2,2,1,1,YES
3,bookkeeper-server/src/main/java/org/apache/bookkeeper/replication/Auditor.java,503,577,144.25,234,74,18.5,62,503,125.75,234,4,0,1,YES
3,bookkeeper-server/src/main/java/org/apache/bookkeeper/replication/AuditorElector.java,325,415,69.16666666666667,269,90,15.0,83,325,54.166666666666664,269,6,0,2,YES
3,bookkeeper-server/src/main/java/org/apache/bookkeeper/replication/AutoRecoveryMain.java,273,301,43.0,267,20,2.857142857142857,9,295,42.142857142857146,267,7,2,2,YES
3,bookkeeper-server/src/main/java/org/apache/bookkeeper/replication/BookieLedgerIndexer.java,136,142,47.333333333333336,139,6,2.0,5,142,47.333333333333336,139,3,1,2,YES
3,bookkeeper-server/src/main/java/org/apache/bookkeeper/replication/ReplicationEnableCb.java,56,56,56.0,56,0,0.0,0,56,56.0,56,1,0,1,NO
3,bookkeeper-server/src/main/java/org/apache/bookkeeper/replication/ReplicationException.java,74,81,27.0,63,7,2.3333333333333335,7,74,24.666666666666668,63,3,0,2,NO
3,bookkeeper-server/src/main/java/org/apache/bookkeeper/replication/ReplicationWorker.java,357,466,58.25,289,109,13.625,87,359,44.875,289,8,0,1,NO
3,bookkeeper-server/src/main/java/org/apache/bookkeeper/streaming/LedgerInputStream.java,174,0,0.0,0,0,0.0,0,0,0.0,0,0,0,0,NO
3,bookkeeper-server/src/main/java/org/apache/bookkeeper/streaming/LedgerOutputStream.java,148,0,0.0,0,0,0.0,0,0,0.0,0,0,0,0,NO
3,bookkeeper-server/src/main/java/org/apache/bookkeeper/tools/BookKeeperTools.java,92,0,0.0,0,0,0.0,0,0,0.0,0,0,0,0,NO
3,bookkeeper-server/src/main/java/org/apache/bookkeeper/util/BookKeeperConstants.java,45,46,23.0,45,1,0.5,1,45,22.5,45,2,0,1,NO
3,bookkeeper-server/src/main/java/org/apache/bookkeeper/util/DiskChecker.java,168,171,85.5,166,3,1.5,3,168,84.0,166,2,1,2,YES
3,bookkeeper-server/src/main/java/org/apache/bookkeeper/util/EntryFormatter.java,77,0,0.0,0,0,0.0,0,0,0.0,0,0,0,0,NO
3,bookkeeper-server/src/main/java/org/apache/bookkeeper/util/HardLink.java,664,0,0.0,0,0,0.0,0,0,0.0,0,0,0,0,YES
3,bookkeeper-server/src/main/java/org/apache/bookkeeper/util/IOUtils.java,88,33,33.0,33,0,0.0,0,33,33.0,33,1,0,1,NO
3,bookkeeper-server/src/main/java/org/apache/bookkeeper/util/LocalBookKeeper.java,260,25,5.0,9,17,3.4,4,12,2.4,5,5,1,3,YES
3,bookkeeper-server/src/main/java/org/apache/bookkeeper/util/Main.java,54,0,0.0,0,0,0.0,0,0,0.0,0,0,0,0,NO
3,bookkeeper-server/src/main/java/org/apache/bookkeeper/util/MathUtils.java,48,30,15.0,15,10,5.0,5,20,10.0,10,2,1,1,YES
3,bookkeeper-server/src/main/java/org/apache/bookkeeper/util/OrderedSafeExecutor.java,140,42,21.0,33,0,0.0,0,42,21.0,33,2,1,2,YES
3,bookkeeper-server/src/main/java/org/apache/bookkeeper/util/ReflectionUtils.java,152,152,76.0,129,0,0.0,0,152,76.0,129,2,0,1,NO
3,bookkeeper-server/src/main/java/org/apache/bookkeeper/util/SafeRunnable.java,39,0,0.0,0,0,0.0,0,0,0.0,0,0,0,0,NO
3,bookkeeper-server/src/main/java/org/apache/bookkeeper/util/SnapshotMap.java,131,131,131.0,131,0,0.0,0,131,131.0,131,1,0,1,NO
3,bookkeeper-server/src/main/java/org/apache/bookkeeper/util/StringEntryFormatter.java,47,0,0.0,0,0,0.0,0,0,0.0,0,0,0,0,NO
3,bookkeeper-server/src/main/java/org/apache/bookkeeper/util/StringUtils.java,129,64,32.0,60,4,2.0,2,60,30.0,58,2,1,2,YES
3,bookkeeper-server/src/main/java/org/apache/bookkeeper/util/Tool.java,43,0,0.0,0,0,0.0,0,0,0.0,0,0,0,0,NO
3,bookkeeper-server/src/main/java/org/apache/bookkeeper/util/ZkUtils.java,243,182,45.5,90,33,8.25,31,193,48.25,88,4,1,2,YES
3,bookkeeper-server/src/main/java/org/apache/bookkeeper/versioning/Version.java,62,63,31.5,32,1,0.5,1,62,31.0,32,2,1,1,YES
3,bookkeeper-server/src/main/java/org/apache/bookkeeper/versioning/Versioned.java,45,45,45.0,45,0,0.0,0,45,45.0,45,1,0,1,NO
3,bookkeeper-server/src/main/java/org/apache/bookkeeper/zookeeper/ZooKeeperWatcherBase.java,94,94,94.0,94,0,0.0,0,94,94.0,94,1,1,1,YES
3,hedwig-client/src/main/java/org/apache/hedwig/client/HedwigClient.java,72,0,0.0,0,0,0.0,0,0,0.0,0,0,0,0,NO
3,hedwig-client/src/main/java/org/apache/hedwig/client/api/Client.java,42,0,0.0,0,0,0.0,0,0,0.0,0,0,0,0,NO
3,hedwig-client/src/main/java/org/apache/hedwig/client/api/MessageHandler.java,48,0,0.0,0,0,0.0,0,0,0.0,0,0,0,0,NO
3,hedwig-client/src/main/java/org/apache/hedwig/client/api/Publisher.java,89,28,14.0,26,2,1.0,1,26,13.0,25,2,1,1,YES
3,hedwig-client/src/main/java/org/apache/hedwig/client/api/Subscriber.java,380,63,21.0,35,1,0.3333333333333333,1,62,20.666666666666668,34,3,1,2,YES
3,hedwig-client/src/main/java/org/apache/hedwig/client/benchmark/BenchmarkPublisher.java,138,8,4.0,4,4,2.0,2,4,2.0,2,2,1,1,YES
3,hedwig-client/src/main/java/org/apache/hedwig/client/benchmark/BenchmarkSubscriber.java,142,8,2.6666666666666665,3,5,1.6666666666666667,3,5,1.6666666666666667,2,3,1,1,YES
3,hedwig-client/src/main/java/org/apache/hedwig/client/benchmark/BenchmarkUtils.java,191,10,5.0,5,8,4.0,4,2,1.0,1,2,1,1,YES
3,hedwig-client/src/main/java/org/apache/hedwig/client/benchmark/BenchmarkWorker.java,46,0,0.0,0,0,0.0,0,0,0.0,0,0,0,0,NO
3,hedwig-client/src/main/java/org/apache/hedwig/client/benchmark/HedwigBenchmark.java,165,0,0.0,0,0,0.0,0,0,0.0,0,0,0,0,NO
3,hedwig-client/src/main/java/org/apache/hedwig/client/conf/ClientConfiguration.java,171,12,6.0,9,3,1.5,3,9,4.5,9,2,0,1,NO
3,hedwig-client/src/main/java/org/apache/hedwig/client/data/MessageConsumeData.java,56,10,10.0,10,12,12.0,12,2,2.0,2,1,0,1,NO
3,hedwig-client/src/main/java/org/apache/hedwig/client/data/PubSubData.java,179,35,11.666666666666666,20,4,1.3333333333333333,2,31,10.333333333333334,18,3,2,2,YES
3,hedwig-client/src/main/java/org/apache/hedwig/client/data/TopicSubscriber.java,74,0,0.0,0,0,0.0,0,0,0.0,0,0,0,0,NO
3,hedwig-client/src/main/java/org/apache/hedwig/client/exceptions/AlreadyStartDeliveryException.java,36,0,0.0,0,0,0.0,0,0,0.0,0,0,0,0,NO
3,hedwig-client/src/main/java/org/apache/hedwig/client/exceptions/InvalidSubscriberIdException.java,37,0,0.0,0,0,0.0,0,0,0.0,0,0,0,0,NO
3,hedwig-client/src/main/java/org/apache/hedwig/client/exceptions/NoResponseHandlerException.java,34,34,34.0,34,0,0.0,0,34,34.0,34,1,1,1,YES
3,hedwig-client/src/main/java/org/apache/hedwig/client/exceptions/ResubscribeException.java,34,34,34.0,34,0,0.0,0,34,34.0,34,1,1,1,YES
3,hedwig-client/src/main/java/org/apache/hedwig/client/exceptions/ServerRedirectLoopException.java,38,0,0.0,0,0,0.0,0,0,0.0,0,0,0,0,NO
3,hedwig-client/src/main/java/org/apache/hedwig/client/exceptions/TooManyServerRedirectsException.java,39,0,0.0,0,0,0.0,0,0,0.0,0,0,0,0,NO
3,hedwig-client/src/main/java/org/apache/hedwig/client/handlers/AbstractResponseHandler.java,156,156,156.0,156,0,0.0,0,156,156.0,156,1,0,1,NO
3,hedwig-client/src/main/java/org/apache/hedwig/client/handlers/CloseSubscriptionResponseHandler.java,84,84,84.0,84,0,0.0,0,84,84.0,84,1,0,1,NO
3,hedwig-client/src/main/java/org/apache/hedwig/client/handlers/MessageConsumeCallback.java,117,75,25.0,41,54,18.0,43,33,11.0,27,3,1,2,YES
3,hedwig-client/src/main/java/org/apache/hedwig/client/handlers/PubSubCallback.java,94,13,6.5,11,7,3.5,4,10,5.0,8,2,0,1,NO
3,hedwig-client/src/main/java/org/apache/hedwig/client/handlers/PublishResponseHandler.java,71,18,9.0,11,18,9.0,14,6,3.0,3,2,0,2,NO
3,hedwig-client/src/main/java/org/apache/hedwig/client/handlers/SubscribeResponseHandler.java,183,163,23.285714285714285,97,322,46.0,297,253,36.142857142857146,200,7,2,2,YES
3,hedwig-client/src/main/java/org/apache/hedwig/client/handlers/UnsubscribeResponseHandler.java,85,26,13.0,17,25,12.5,18,3,1.5,2,2,0,2,NO
3,hedwig-client/src/main/java/org/apache/hedwig/client/netty/CleanupChannelMap.java,183,183,91.5,139,0,0.0,0,183,91.5,139,2,1,1,YES
3,hedwig-client/src/main/java/org/apache/hedwig/client/netty/FilterableMessageHandler.java,70,71,35.5,70,1,0.5,1,70,35.0,70,2,0,1,NO
3,hedwig-client/src/main/java/org/apache/hedwig/client/netty/HChannel.java,54,54,54.0,54,0,0.0,0,54,54.0,54,1,0,1,NO
3,hedwig-client/src/main/java/org/apache/hedwig/client/netty/HChannelManager.java,160,160,160.0,160,0,0.0,0,160,160.0,160,1,0,1,NO
3,hedwig-client/src/main/java/org/apache/hedwig/client/netty/HedwigClientImpl.java,125,108,10.8,29,344,34.4,309,362,36.2,296,10,3,2,YES
3,hedwig-client/src/main/java/org/apache/hedwig/client/netty/HedwigPublisher.java,151,122,17.428571428571427,45,211,30.142857142857142,189,213,30.428571428571427,150,7,3,2,YES
3,hedwig-client/src/main/java/org/apache/hedwig/client/netty/HedwigSubscriber.java,421,276,27.6,73,535,53.5,489,573,57.3,416,10,3,2,YES
3,hedwig-client/src/main/java/org/apache/hedwig/client/netty/NetUtils.java,219,222,55.5,198,3,0.75,3,219,54.75,198,4,1,2,YES
3,hedwig-client/src/main/java/org/apache/hedwig/client/netty/SubscriptionEventEmitter.java,50,50,50.0,50,0,0.0,0,50,50.0,50,1,0,1,NO
3,hedwig-client/src/main/java/org/apache/hedwig/client/netty/VoidCallbackAdapter.java,42,42,21.0,25,0,0.0,0,42,21.0,25,2,1,2,YES
3,hedwig-client/src/main/java/org/apache/hedwig/client/netty/impl/AbstractHChannelManager.java,624,624,312.0,621,0,0.0,0,624,312.0,621,2,0,1,NO
3,hedwig-client/src/main/java/org/apache/hedwig/client/netty/impl/AbstractSubscribeResponseHandler.java,377,402,134.0,363,25,8.333333333333334,22,377,125.66666666666667,363,3,2,1,YES
3,hedwig-client/src/main/java/org/apache/hedwig/client/netty/impl/ActiveSubscriber.java,383,384,192.0,378,1,0.5,1,383,191.5,378,2,1,1,YES
3,hedwig-client/src/main/java/org/apache/hedwig/client/netty/impl/ClientChannelPipelineFactory.java,72,72,72.0,72,0,0.0,0,72,72.0,72,1,0,1,NO
3,hedwig-client/src/main/java/org/apache/hedwig/client/netty/impl/DefaultServerChannel.java,92,92,92.0,92,0,0.0,0,92,92.0,92,1,0,1,NO
3,hedwig-client/src/main/java/org/apache/hedwig/client/netty/impl/HChannelHandler.java,284,284,142.0,261,0,0.0,0,284,142.0,261,2,0,1,YES
3,hedwig-client/src/main/java/org/apache/hedwig/client/netty/impl/HChannelImpl.java,371,371,371.0,371,0,0.0,0,371,371.0,371,1,0,1,NO
3,hedwig-client/src/main/java/org/apache/hedwig/client/netty/impl/NonSubscriptionChannelPipelineFactory.java,47,47,47.0,47,0,0.0,0,47,47.0,47,1,0,1,NO
3,hedwig-client/src/main/java/org/apache/hedwig/client/netty/impl/ResubscribeCallback.java,108,108,54.0,101,0,0.0,0,108,54.0,101,2,1,1,YES
3,hedwig-client/src/main/java/org/apache/hedwig/client/netty/impl/WriteCallback.java,111,111,111.0,111,0,0.0,0,111,111.0,111,1,0,1,NO
3,hedwig-client/src/main/java/org/apache/hedwig/client/netty/impl/multiplex/MultiplexHChannelManager.java,319,319,106.33333333333333,298,0,0.0,0,319,106.33333333333333,298,3,1,1,YES
3,hedwig-client/src/main/java/org/apache/hedwig/client/netty/impl/multiplex/MultiplexSubscribeResponseHandler.java,129,653,217.66666666666666,622,524,174.66666666666666,521,1153,384.3333333333333,622,3,1,1,YES
3,hedwig-client/src/main/java/org/apache/hedwig/client/netty/impl/multiplex/MultiplexSubscriptionChannelPipelineFactory.java,49,49,49.0,49,0,0.0,0,49,49.0,49,1,0,1,NO
3,hedwig-client/src/main/java/org/apache/hedwig/client/netty/impl/simple/SimpleHChannelManager.java,358,364,91.0,308,6,1.5,4,358,89.5,308,4,2,1,YES
3,hedwig-client/src/main/java/org/apache/hedwig/client/netty/impl/simple/SimpleSubscribeResponseHandler.java,277,774,154.8,538,497,99.4,458,863,172.6,538,5,1,1,YES
3,hedwig-client/src/main/java/org/apache/hedwig/client/netty/impl/simple/SimpleSubscriptionChannelPipelineFactory.java,49,49,24.5,46,0,0.0,0,49,24.5,46,2,0,1,NO
3,hedwig-client/src/main/java/org/apache/hedwig/client/netty/package-info.java,89,89,89.0,89,0,0.0,0,89,89.0,89,1,0,1,NO
3,hedwig-client/src/main/java/org/apache/hedwig/client/ssl/SslClientContextFactory.java,41,0,0.0,0,0,0.0,0,0,0.0,0,0,0,0,NO
3,hedwig-client/src/main/java/org/apache/hedwig/client/ssl/SslContextFactory.java,66,0,0.0,0,0,0.0,0,0,0.0,0,0,0,0,NO
3,hedwig-client/src/main/java/org/apache/hedwig/conf/AbstractConfiguration.java,63,0,0.0,0,0,0.0,0,0,0.0,0,0,0,0,NO
3,hedwig-client/src/main/java/org/apache/hedwig/filter/ClientMessageFilter.java,24,24,24.0,24,0,0.0,0,24,24.0,24,1,0,1,NO
3,hedwig-client/src/main/java/org/apache/hedwig/filter/MessageFilterBase.java,50,50,50.0,50,0,0.0,0,50,50.0,50,1,0,1,NO
3,hedwig-client/src/main/java/org/apache/hedwig/filter/PipelineFilter.java,72,81,40.5,72,9,4.5,9,72,36.0,72,2,0,1,NO
3,hedwig-client/src/main/java/org/apache/hedwig/filter/ServerMessageFilter.java,47,47,47.0,47,0,0.0,0,47,47.0,47,1,0,1,NO
3,hedwig-client/src/main/java/org/apache/hedwig/util/Callback.java,47,0,0.0,0,0,0.0,0,0,0.0,0,0,0,0,NO
3,hedwig-client/src/main/java/org/apache/hedwig/util/CallbackUtils.java,183,0,0.0,0,0,0.0,0,0,0.0,0,0,0,0,NO
3,hedwig-client/src/main/java/org/apache/hedwig/util/ConcurrencyUtils.java,49,0,0.0,0,0,0.0,0,0,0.0,0,0,0,0,NO
3,hedwig-client/src/main/java/org/apache/hedwig/util/Either.java,50,0,0.0,0,0,0.0,0,0,0.0,0,0,0,0,NO
3,hedwig-client/src/main/java/org/apache/hedwig/util/FileUtils.java,98,0,0.0,0,0,0.0,0,0,0.0,0,0,0,0,NO
3,hedwig-client/src/main/java/org/apache/hedwig/util/HedwigSocketAddress.java,143,0,0.0,0,0,0.0,0,0,0.0,0,0,0,0,NO
3,hedwig-client/src/main/java/org/apache/hedwig/util/Option.java,43,0,0.0,0,0,0.0,0,0,0.0,0,0,0,0,NO
3,hedwig-client/src/main/java/org/apache/hedwig/util/Pair.java,42,0,0.0,0,0,0.0,0,0,0.0,0,0,0,0,NO
3,hedwig-client/src/main/java/org/apache/hedwig/util/PathUtils.java,56,0,0.0,0,0,0.0,0,0,0.0,0,0,0,0,NO
3,hedwig-client/src/main/java/org/apache/hedwig/util/SubscriptionListener.java,44,44,44.0,44,0,0.0,0,44,44.0,44,1,0,1,NO
3,hedwig-client/src/main/java/org/apache/hedwig/util/VarArgs.java,26,26,26.0,26,0,0.0,0,26,26.0,26,1,0,1,NO
3,hedwig-protocol/src/main/java/org/apache/hedwig/exceptions/PubSubException.java,254,105,17.5,42,13,2.1666666666666665,11,92,15.333333333333334,42,6,2,2,YES
3,hedwig-protocol/src/main/java/org/apache/hedwig/protocol/PubSubProtocol.java,16883,12633,902.3571428571429,4082,2273,162.35714285714286,1391,10362,740.1428571428571,2691,14,3,2,YES
3,hedwig-protocol/src/main/java/org/apache/hedwig/protoextensions/MapUtils.java,74,74,74.0,74,0,0.0,0,74,74.0,74,1,0,1,NO
3,hedwig-protocol/src/main/java/org/apache/hedwig/protoextensions/MessageIdUtils.java,153,0,0.0,0,0,0.0,0,0,0.0,0,0,0,0,NO
3,hedwig-protocol/src/main/java/org/apache/hedwig/protoextensions/PubSubResponseUtils.java,68,26,8.666666666666666,18,1,0.3333333333333333,1,25,8.333333333333334,18,3,0,2,NO
3,hedwig-protocol/src/main/java/org/apache/hedwig/protoextensions/SubscriptionStateUtils.java,100,59,59.0,59,0,0.0,0,59,59.0,59,1,0,1,NO
3,hedwig-server/src/main/java/org/apache/hedwig/admin/HedwigAdmin.java,549,332,55.333333333333336,223,183,30.5,106,185,30.833333333333332,117,6,1,2,YES
3,hedwig-server/src/main/java/org/apache/hedwig/admin/console/HedwigCommands.java,437,12,12.0,12,0,0.0,0,12,12.0,12,1,1,1,YES
3,hedwig-server/src/main/java/org/apache/hedwig/admin/console/HedwigConsole.java,1033,154,19.25,83,161,20.125,128,99,12.375,45,8,2,2,YES
3,hedwig-server/src/main/java/org/apache/hedwig/admin/console/JLineHedwigCompletor.java,101,11,11.0,11,2,2.0,2,9,9.0,9,1,0,1,YES
3,hedwig-server/src/main/java/org/apache/hedwig/admin/console/ReadTopic.java,331,23,11.5,18,47,23.5,42,24,12.0,24,2,0,1,YES
3,hedwig-server/src/main/java/org/apache/hedwig/data/MessageFormatter.java,123,0,0.0,0,0,0.0,0,0,0.0,0,0,0,0,NO
3,hedwig-server/src/main/java/org/apache/hedwig/server/benchmark/AbstractBenchmark.java,106,8,4.0,4,6,3.0,3,2,1.0,1,2,1,1,YES
3,hedwig-server/src/main/java/org/apache/hedwig/server/benchmark/BookieBenchmark.java,106,4,2.0,2,2,1.0,1,2,1.0,1,2,1,1,YES
3,hedwig-server/src/main/java/org/apache/hedwig/server/benchmark/BookkeeperBenchmark.java,93,4,2.0,2,2,1.0,1,2,1.0,1,2,1,1,YES
3,hedwig-server/src/main/java/org/apache/hedwig/server/benchmark/FakeBookie.java,101,0,0.0,0,0,0.0,0,0,0.0,0,0,0,0,YES
3,hedwig-server/src/main/java/org/apache/hedwig/server/common/ByteStringInterner.java,38,2,2.0,2,9,9.0,9,7,7.0,7,1,1,1,YES
3,hedwig-server/src/main/java/org/apache/hedwig/server/common/ServerConfiguration.java,584,316,26.333333333333332,140,31,2.5833333333333335,19,285,23.75,121,12,4,3,YES
3,hedwig-server/src/main/java/org/apache/hedwig/server/common/TerminateJVMExceptionHandler.java,32,0,0.0,0,0,0.0,0,0,0.0,0,0,0,0,NO
3,hedwig-server/src/main/java/org/apache/hedwig/server/common/TopicOpQueuer.java,111,0,0.0,0,0,0.0,0,0,0.0,0,0,0,0,NO
3,hedwig-server/src/main/java/org/apache/hedwig/server/common/UnexpectedError.java,35,0,0.0,0,0,0.0,0,0,0.0,0,0,0,0,NO
3,hedwig-server/src/main/java/org/apache/hedwig/server/delivery/ChannelEndPoint.java,90,5,5.0,5,0,0.0,0,5,5.0,5,1,1,1,YES
3,hedwig-server/src/main/java/org/apache/hedwig/server/delivery/DeliveryCallback.java,27,0,0.0,0,0,0.0,0,0,0.0,0,0,0,0,NO
3,hedwig-server/src/main/java/org/apache/hedwig/server/delivery/DeliveryEndPoint.java,28,0,0.0,0,0,0.0,0,0,0.0,0,0,0,0,NO
3,hedwig-server/src/main/java/org/apache/hedwig/server/delivery/DeliveryManager.java,92,64,12.8,28,8,1.6,2,56,11.2,27,5,1,1,YES
3,hedwig-server/src/main/java/org/apache/hedwig/server/delivery/FIFODeliveryManager.java,885,480,32.0,125,167,11.133333333333333,37,353,23.533333333333335,118,15,6,3,YES
3,hedwig-server/src/main/java/org/apache/hedwig/server/handlers/BaseHandler.java,67,0,0.0,0,0,0.0,0,0,0.0,0,0,0,0,NO
3,hedwig-server/src/main/java/org/apache/hedwig/server/handlers/ChannelDisconnectListener.java,29,0,0.0,0,0,0.0,0,0,0.0,0,0,0,0,NO
3,hedwig-server/src/main/java/org/apache/hedwig/server/handlers/CloseSubscriptionHandler.java,105,105,105.0,105,0,0.0,0,105,105.0,105,1,0,1,NO
3,hedwig-server/src/main/java/org/apache/hedwig/server/handlers/ConsumeHandler.java,72,0,0.0,0,0,0.0,0,0,0.0,0,0,0,0,NO
3,hedwig-server/src/main/java/org/apache/hedwig/server/handlers/Handler.java,37,0,0.0,0,0,0.0,0,0,0.0,0,0,0,0,NO
3,hedwig-server/src/main/java/org/apache/hedwig/server/handlers/NettyHandlerBean.java,47,5,5.0,5,9,9.0,9,4,4.0,4,1,0,1,NO
3,hedwig-server/src/main/java/org/apache/hedwig/server/handlers/NettyHandlerMXBean.java,31,0,0.0,0,0,0.0,0,0,0.0,0,0,0,0,NO
3,hedwig-server/src/main/java/org/apache/hedwig/server/handlers/PublishHandler.java,90,21,7.0,15,7,2.3333333333333335,3,14,4.666666666666667,12,3,1,1,YES
3,hedwig-server/src/main/java/org/apache/hedwig/server/handlers/SubscribeHandler.java,223,194,21.555555555555557,68,137,15.222222222222221,86,175,19.444444444444443,59,9,2,2,YES
3,hedwig-server/src/main/java/org/apache/hedwig/server/handlers/SubscriptionChannelManager.java,214,233,77.66666666666667,153,19,6.333333333333333,19,214,71.33333333333333,153,3,0,2,NO
3,hedwig-server/src/main/java/org/apache/hedwig/server/handlers/UnsubscribeHandler.java,107,37,12.333333333333334,29,9,3.0,5,28,9.333333333333334,24,3,1,2,YES
3,hedwig-server/src/main/java/org/apache/hedwig/server/jmx/HedwigJMXService.java,37,0,0.0,0,0,0.0,0,0,0.0,0,0,0,0,NO
3,hedwig-server/src/main/java/org/apache/hedwig/server/jmx/HedwigMBeanInfo.java,27,0,0.0,0,0,0.0,0,0,0.0,0,0,0,0,NO
3,hedwig-server/src/main/java/org/apache/hedwig/server/jmx/HedwigMBeanRegistry.java,48,0,0.0,0,0,0.0,0,0,0.0,0,0,0,0,NO
3,hedwig-server/src/main/java/org/apache/hedwig/server/meta/FactoryLayout.java,166,166,83.0,149,0,0.0,0,166,83.0,149,2,1,1,YES
3,hedwig-server/src/main/java/org/apache/hedwig/server/meta/MetadataManagerFactory.java,213,241,60.25,163,28,7.0,28,213,53.25,163,4,1,1,YES
3,hedwig-server/src/main/java/org/apache/hedwig/server/meta/MsMetadataManagerFactory.java,866,866,866.0,866,0,0.0,0,866,866.0,866,1,0,1,YES
3,hedwig-server/src/main/java/org/apache/hedwig/server/meta/SubscriptionDataManager.java,159,190,63.333333333333336,118,31,10.333333333333334,19,159,53.0,118,3,0,1,NO
3,hedwig-server/src/main/java/org/apache/hedwig/server/meta/TopicOwnershipManager.java,100,104,52.0,100,4,2.0,4,100,50.0,100,2,1,1,YES
3,hedwig-server/src/main/java/org/apache/hedwig/server/meta/TopicPersistenceManager.java,96,100,50.0,96,4,2.0,4,96,48.0,96,2,1,1,YES
3,hedwig-server/src/main/java/org/apache/hedwig/server/meta/ZkMetadataManagerFactory.java,841,893,127.57142857142857,559,52,7.428571428571429,28,841,120.14285714285714,559,7,2,1,YES
3,hedwig-server/src/main/java/org/apache/hedwig/server/netty/PubSubServer.java,525,127,14.11111111111111,40,38,4.222222222222222,13,89,9.88888888888889,28,9,2,3,YES
3,hedwig-server/src/main/java/org/apache/hedwig/server/netty/PubSubServerBean.java,83,7,7.0,7,1,1.0,1,6,6.0,6,1,1,1,YES
3,hedwig-server/src/main/java/org/apache/hedwig/server/netty/PubSubServerMXBean.java,63,0,0.0,0,0,0.0,0,0,0.0,0,0,0,0,NO
3,hedwig-server/src/main/java/org/apache/hedwig/server/netty/PubSubServerPipelineFactory.java,76,0,0.0,0,0,0.0,0,0,0.0,0,0,0,0,NO
3,hedwig-server/src/main/java/org/apache/hedwig/server/netty/ServerStats.java,202,22,11.0,11,0,0.0,0,22,11.0,11,2,1,1,YES
3,hedwig-server/src/main/java/org/apache/hedwig/server/netty/UmbrellaHandler.java,155,10,5.0,7,15,7.5,9,7,3.5,6,2,0,2,YES
3,hedwig-server/src/main/java/org/apache/hedwig/server/persistence/BookkeeperPersistenceManager.java,1262,695,63.18181818181818,330,339,30.818181818181817,131,454,41.27272727272727,199,11,4,3,YES
3,hedwig-server/src/main/java/org/apache/hedwig/server/persistence/CacheKey.java,74,0,0.0,0,0,0.0,0,0,0.0,0,0,0,0,NO
3,hedwig-server/src/main/java/org/apache/hedwig/server/persistence/CacheValue.java,101,19,9.5,18,12,6.0,9,11,5.5,9,2,0,2,NO
3,hedwig-server/src/main/java/org/apache/hedwig/server/persistence/CancelScanRequest.java,27,27,27.0,27,0,0.0,0,27,27.0,27,1,0,1,NO
3,hedwig-server/src/main/java/org/apache/hedwig/server/persistence/Factory.java,22,0,0.0,0,0,0.0,0,0,0.0,0,0,0,0,NO
3,hedwig-server/src/main/java/org/apache/hedwig/server/persistence/LocalDBPersistenceManager.java,489,11,3.6666666666666665,5,3,1.0,2,8,2.6666666666666665,5,3,0,2,YES
3,hedwig-server/src/main/java/org/apache/hedwig/server/persistence/MapMethods.java,62,0,0.0,0,0,0.0,0,0,0.0,0,0,0,0,NO
3,hedwig-server/src/main/java/org/apache/hedwig/server/persistence/PersistRequest.java,59,4,4.0,4,3,3.0,3,1,1.0,1,1,0,1,NO
3,hedwig-server/src/main/java/org/apache/hedwig/server/persistence/PersistenceManager.java,99,5,5.0,5,0,0.0,0,5,5.0,5,1,0,1,NO
3,hedwig-server/src/main/java/org/apache/hedwig/server/persistence/PersistenceManagerWithRangeScan.java,27,0,0.0,0,0,0.0,0,0,0.0,0,0,0,0,NO
3,hedwig-server/src/main/java/org/apache/hedwig/server/persistence/RangeScanRequest.java,77,0,0.0,0,0,0.0,0,0,0.0,0,0,0,0,NO
3,hedwig-server/src/main/java/org/apache/hedwig/server/persistence/ReadAheadCache.java,846,301,37.625,128,197,24.625,126,126,15.75,73,8,4,2,YES
3,hedwig-server/src/main/java/org/apache/hedwig/server/persistence/ReadAheadCacheBean.java,64,2,1.0,1,2,1.0,1,0,0.0,0,2,2,1,YES
3,hedwig-server/src/main/java/org/apache/hedwig/server/persistence/ReadAheadCacheMXBean.java,45,0,0.0,0,0,0.0,0,0,0.0,0,0,0,0,NO
3,hedwig-server/src/main/java/org/apache/hedwig/server/persistence/ScanCallback.java,63,0,0.0,0,0,0.0,0,0,0.0,0,0,0,0,NO
3,hedwig-server/src/main/java/org/apache/hedwig/server/persistence/ScanCallbackWithContext.java,54,17,17.0,17,0,0.0,0,17,17.0,17,1,0,1,NO
3,hedwig-server/src/main/java/org/apache/hedwig/server/persistence/ScanRequest.java,64,0,0.0,0,0,0.0,0,0,0.0,0,0,0,0,NO
3,hedwig-server/src/main/java/org/apache/hedwig/server/proxy/ChannelTracker.java,132,9,9.0,9,1,1.0,1,8,8.0,8,1,0,1,NO
3,hedwig-server/src/main/java/org/apache/hedwig/server/proxy/HedwigProxy.java,177,7,3.5,5,2,1.0,1,5,2.5,4,2,0,1,NO
3,hedwig-server/src/main/java/org/apache/hedwig/server/proxy/ProxyCloseSubscriptionHandler.java,70,70,70.0,70,0,0.0,0,70,70.0,70,1,0,1,NO
3,hedwig-server/src/main/java/org/apache/hedwig/server/proxy/ProxyConfiguration.java,36,0,0.0,0,0,0.0,0,0,0.0,0,0,0,0,NO
3,hedwig-server/src/main/java/org/apache/hedwig/server/proxy/ProxyConsumeHandler.java,58,0,0.0,0,0,0.0,0,0,0.0,0,0,0,0,NO
3,hedwig-server/src/main/java/org/apache/hedwig/server/proxy/ProxyPublishHander.java,62,0,0.0,0,0,0.0,0,0,0.0,0,0,0,0,NO
3,hedwig-server/src/main/java/org/apache/hedwig/server/proxy/ProxyStartDeliveryHandler.java,132,0,0.0,0,0,0.0,0,0,0.0,0,0,0,0,NO
3,hedwig-server/src/main/java/org/apache/hedwig/server/proxy/ProxyStopDeliveryHandler.java,74,0,0.0,0,0,0.0,0,0,0.0,0,0,0,0,NO
3,hedwig-server/src/main/java/org/apache/hedwig/server/proxy/ProxySubscribeHandler.java,83,0,0.0,0,0,0.0,0,0,0.0,0,0,0,0,YES
3,hedwig-server/src/main/java/org/apache/hedwig/server/proxy/ProxyUnsubscribeHandler.java,74,0,0.0,0,0,0.0,0,0,0.0,0,0,0,0,NO
3,hedwig-server/src/main/java/org/apache/hedwig/server/regions/HedwigHubClient.java,48,0,0.0,0,0,0.0,0,0,0.0,0,0,0,0,NO
3,hedwig-server/src/main/java/org/apache/hedwig/server/regions/HedwigHubClientFactory.java,74,20,20.0,20,6,6.0,6,14,14.0,14,1,0,1,NO
3,hedwig-server/src/main/java/org/apache/hedwig/server/regions/HedwigHubSubscriber.java,86,0,0.0,0,0,0.0,0,0,0.0,0,0,0,0,NO
3,hedwig-server/src/main/java/org/apache/hedwig/server/regions/RegionManager.java,355,22,11.0,20,22,11.0,20,0,0.0,0,2,0,1,NO
3,hedwig-server/src/main/java/org/apache/hedwig/server/ssl/SslServerContextFactory.java,53,0,0.0,0,0,0.0,0,0,0.0,0,0,0,0,NO
3,hedwig-server/src/main/java/org/apache/hedwig/server/subscriptions/AbstractSubscriptionManager.java,798,313,31.3,94,127,12.7,37,226,22.6,74,10,1,2,YES
3,hedwig-server/src/main/java/org/apache/hedwig/server/subscriptions/AllToAllTopologyFilter.java,75,44,22.0,38,8,4.0,5,36,18.0,35,2,0,1,NO
3,hedwig-server/src/main/java/org/apache/hedwig/server/subscriptions/InMemorySubscriptionManager.java,125,64,12.8,20,17,3.4,5,47,9.4,16,5,1,2,YES
3,hedwig-server/src/main/java/org/apache/hedwig/server/subscriptions/InMemorySubscriptionState.java,200,129,21.5,81,14,2.3333333333333335,5,115,19.166666666666668,77,6,1,2,YES
3,hedwig-server/src/main/java/org/apache/hedwig/server/subscriptions/MMSubscriptionManager.java,134,161,40.25,82,27,6.75,13,134,33.5,82,4,0,1,NO
3,hedwig-server/src/main/java/org/apache/hedwig/server/subscriptions/SubscriptionEventListener.java,57,0,0.0,0,0,0.0,0,0,0.0,0,0,0,0,NO
3,hedwig-server/src/main/java/org/apache/hedwig/server/subscriptions/SubscriptionManager.java,123,18,9.0,15,3,1.5,3,15,7.5,15,2,0,1,NO
3,hedwig-server/src/main/java/org/apache/hedwig/server/topics/AbstractTopicManager.java,204,4,4.0,4,1,1.0,1,3,3.0,3,1,0,1,NO
3,hedwig-server/src/main/java/org/apache/hedwig/server/topics/HubInfo.java,162,162,162.0,162,0,0.0,0,162,162.0,162,1,0,1,NO
3,hedwig-server/src/main/java/org/apache/hedwig/server/topics/HubLoad.java,130,131,65.5,130,1,0.5,1,130,65.0,130,2,0,1,NO
3,hedwig-server/src/main/java/org/apache/hedwig/server/topics/HubServerManager.java,108,108,108.0,108,0,0.0,0,108,108.0,108,1,0,1,NO
3,hedwig-server/src/main/java/org/apache/hedwig/server/topics/MMTopicManager.java,353,354,177.0,353,1,0.5,1,353,176.5,353,2,1,1,YES
3,hedwig-server/src/main/java/org/apache/hedwig/server/topics/TopicManager.java,80,0,0.0,0,0,0.0,0,0,0.0,0,0,0,0,NO
3,hedwig-server/src/main/java/org/apache/hedwig/server/topics/TopicOwnershipChangeListener.java,28,0,0.0,0,0,0.0,0,0,0.0,0,0,0,0,NO
3,hedwig-server/src/main/java/org/apache/hedwig/server/topics/TrivialOwnAllTopicManager.java,57,0,0.0,0,0,0.0,0,0,0.0,0,0,0,0,NO
3,hedwig-server/src/main/java/org/apache/hedwig/server/topics/ZkHubServerManager.java,306,312,156.0,310,6,3.0,6,314,157.0,310,2,0,2,YES
3,hedwig-server/src/main/java/org/apache/hedwig/server/topics/ZkTopicManager.java,340,77,77.0,77,183,183.0,183,106,106.0,106,1,0,1,YES
3,hedwig-server/src/main/java/org/apache/hedwig/zookeeper/SafeAsynBKCallback.java,103,0,0.0,0,0,0.0,0,0,0.0,0,0,0,0,NO
3,hedwig-server/src/main/java/org/apache/hedwig/zookeeper/SafeAsyncCallback.java,35,0,0.0,0,0,0.0,0,0,0.0,0,0,0,0,NO
3,hedwig-server/src/main/java/org/apache/hedwig/zookeeper/SafeAsyncZKCallback.java,98,0,0.0,0,0,0.0,0,0,0.0,0,0,0,0,NO
3,hedwig-server/src/main/java/org/apache/hedwig/zookeeper/ZkUtils.java,117,38,38.0,38,0,0.0,0,38,38.0,38,1,0,1,YES
4,bookkeeper-benchmark/src/main/java/org/apache/bookkeeper/benchmark/BenchBookie.java,215,0,0.0,0,0,0.0,0,0,0.0,0,0,0,0,NO
4,bookkeeper-benchmark/src/main/java/org/apache/bookkeeper/benchmark/BenchReadThroughputLatency.java,273,4,4.0,4,2,2.0,2,2,2.0,2,1,1,1,YES
4,bookkeeper-benchmark/src/main/java/org/apache/bookkeeper/benchmark/BenchThroughputLatency.java,460,5,5.0,5,3,3.0,3,2,2.0,2,1,1,1,YES
4,bookkeeper-benchmark/src/main/java/org/apache/bookkeeper/benchmark/MySqlClient.java,138,5,5.0,5,4,4.0,4,1,1.0,1,1,1,1,YES
4,bookkeeper-benchmark/src/main/java/org/apache/bookkeeper/benchmark/TestClient.java,358,2,2.0,2,1,1.0,1,1,1.0,1,1,1,1,YES
4,bookkeeper-server/src/main/java/org/apache/bookkeeper/bookie/Bookie.java,1248,10,3.3333333333333335,8,3,1.0,3,7,2.3333333333333335,5,3,2,2,YES
4,bookkeeper-server/src/main/java/org/apache/bookkeeper/bookie/BookieBean.java,51,0,0.0,0,0,0.0,0,0,0.0,0,0,0,0,NO
4,bookkeeper-server/src/main/java/org/apache/bookkeeper/bookie/BookieException.java,157,4,4.0,4,1,1.0,1,3,3.0,3,1,1,1,YES
4,bookkeeper-server/src/main/java/org/apache/bookkeeper/bookie/BookieMXBean.java,31,0,0.0,0,0,0.0,0,0,0.0,0,0,0,0,NO
4,bookkeeper-server/src/main/java/org/apache/bookkeeper/bookie/BookieShell.java,981,54,54.0,54,1,1.0,1,53,53.0,53,1,0,1,YES
4,bookkeeper-server/src/main/java/org/apache/bookkeeper/bookie/BufferedChannel.java,180,0,0.0,0,0,0.0,0,0,0.0,0,0,0,0,NO
4,bookkeeper-server/src/main/java/org/apache/bookkeeper/bookie/Cookie.java,262,8,8.0,8,6,6.0,6,2,2.0,2,1,1,1,YES
4,bookkeeper-server/src/main/java/org/apache/bookkeeper/bookie/EntryLogger.java,553,5,5.0,5,3,3.0,3,2,2.0,2,1,1,1,YES
4,bookkeeper-server/src/main/java/org/apache/bookkeeper/bookie/ExitCode.java,40,0,0.0,0,0,0.0,0,0,0.0,0,0,0,0,NO
4,bookkeeper-server/src/main/java/org/apache/bookkeeper/bookie/FileInfo.java,369,15,5.0,6,1,0.3333333333333333,1,14,4.666666666666667,6,3,2,3,YES
4,bookkeeper-server/src/main/java/org/apache/bookkeeper/bookie/FileSystemUpgrade.java,390,3,3.0,3,1,1.0,1,2,2.0,2,1,1,1,YES
4,bookkeeper-server/src/main/java/org/apache/bookkeeper/bookie/GarbageCollector.java,51,0,0.0,0,0,0.0,0,0,0.0,0,0,0,0,NO
4,bookkeeper-server/src/main/java/org/apache/bookkeeper/bookie/GarbageCollectorThread.java,577,0,0.0,0,0,0.0,0,0,0.0,0,0,0,0,YES
4,bookkeeper-server/src/main/java/org/apache/bookkeeper/bookie/HandleFactory.java,32,0,0.0,0,0,0.0,0,0,0.0,0,0,0,0,NO
4,bookkeeper-server/src/main/java/org/apache/bookkeeper/bookie/HandleFactoryImpl.java,66,0,0.0,0,0,0.0,0,0,0.0,0,0,0,0,NO
4,bookkeeper-server/src/main/java/org/apache/bookkeeper/bookie/InterleavedLedgerStorage.java,188,2,1.0,1,2,1.0,1,0,0.0,0,2,1,1,YES
4,bookkeeper-server/src/main/java/org/apache/bookkeeper/bookie/Journal.java,582,0,0.0,0,0,0.0,0,0,0.0,0,0,0,0,NO
4,bookkeeper-server/src/main/java/org/apache/bookkeeper/bookie/JournalChannel.java,160,3,3.0,3,1,1.0,1,2,2.0,2,1,1,1,YES
4,bookkeeper-server/src/main/java/org/apache/bookkeeper/bookie/LedgerCache.java,50,0,0.0,0,0,0.0,0,0,0.0,0,0,0,0,NO
4,bookkeeper-server/src/main/java/org/apache/bookkeeper/bookie/LedgerCacheBean.java,27,0,0.0,0,0,0.0,0,0,0.0,0,0,0,0,NO
4,bookkeeper-server/src/main/java/org/apache/bookkeeper/bookie/LedgerCacheImpl.java,923,26,5.2,11,27,5.4,13,29,5.8,9,5,2,3,YES
4,bookkeeper-server/src/main/java/org/apache/bookkeeper/bookie/LedgerCacheMXBean.java,60,0,0.0,0,0,0.0,0,0,0.0,0,0,0,0,NO
4,bookkeeper-server/src/main/java/org/apache/bookkeeper/bookie/LedgerDescriptor.java,62,0,0.0,0,0,0.0,0,0,0.0,0,0,0,0,NO
4,bookkeeper-server/src/main/java/org/apache/bookkeeper/bookie/LedgerDescriptorImpl.java,87,0,0.0,0,0,0.0,0,0,0.0,0,0,0,0,NO
4,bookkeeper-server/src/main/java/org/apache/bookkeeper/bookie/LedgerDescriptorReadOnlyImpl.java,52,0,0.0,0,0,0.0,0,0,0.0,0,0,0,0,NO
4,bookkeeper-server/src/main/java/org/apache/bookkeeper/bookie/LedgerDirsManager.java,268,0,0.0,0,0,0.0,0,0,0.0,0,0,0,0,YES
4,bookkeeper-server/src/main/java/org/apache/bookkeeper/bookie/LedgerEntryPage.java,163,0,0.0,0,0,0.0,0,0,0.0,0,0,0,0,NO
4,bookkeeper-server/src/main/java/org/apache/bookkeeper/bookie/LedgerStorage.java,109,0,0.0,0,0,0.0,0,0,0.0,0,0,0,0,NO
4,bookkeeper-server/src/main/java/org/apache/bookkeeper/bookie/MarkerFileChannel.java,147,0,0.0,0,0,0.0,0,0,0.0,0,0,0,0,NO
4,bookkeeper-server/src/main/java/org/apache/bookkeeper/bookie/ReadOnlyEntryLogger.java,58,0,0.0,0,0,0.0,0,0,0.0,0,0,0,0,NO
4,bookkeeper-server/src/main/java/org/apache/bookkeeper/bookie/ReadOnlyFileInfo.java,44,0,0.0,0,0,0.0,0,0,0.0,0,0,0,0,NO
4,bookkeeper-server/src/main/java/org/apache/bookkeeper/bookie/ScanAndCompareGarbageCollector.java,106,0,0.0,0,0,0.0,0,0,0.0,0,0,0,0,YES
4,bookkeeper-server/src/main/java/org/apache/bookkeeper/client/AsyncCallback.java,139,0,0.0,0,0,0.0,0,0,0.0,0,0,0,0,NO
4,bookkeeper-server/src/main/java/org/apache/bookkeeper/client/BKException.java,326,0,0.0,0,0,0.0,0,0,0.0,0,0,0,0,YES
4,bookkeeper-server/src/main/java/org/apache/bookkeeper/client/BookKeeper.java,648,0,0.0,0,0,0.0,0,0,0.0,0,0,0,0,YES
4,bookkeeper-server/src/main/java/org/apache/bookkeeper/client/BookKeeperAdmin.java,792,17,8.5,12,3,1.5,3,14,7.0,12,2,1,1,YES
4,bookkeeper-server/src/main/java/org/apache/bookkeeper/client/BookieWatcher.java,319,6,3.0,5,1,0.5,1,5,2.5,5,2,1,2,YES
4,bookkeeper-server/src/main/java/org/apache/bookkeeper/client/CRC32DigestManager.java,55,0,0.0,0,0,0.0,0,0,0.0,0,0,0,0,NO
4,bookkeeper-server/src/main/java/org/apache/bookkeeper/client/DigestManager.java,191,0,0.0,0,0,0.0,0,0,0.0,0,0,0,0,NO
4,bookkeeper-server/src/main/java/org/apache/bookkeeper/client/DistributionSchedule.java,90,0,0.0,0,0,0.0,0,0,0.0,0,0,0,0,NO
4,bookkeeper-server/src/main/java/org/apache/bookkeeper/client/LedgerChecker.java,273,0,0.0,0,0,0.0,0,0,0.0,0,0,0,0,NO
4,bookkeeper-server/src/main/java/org/apache/bookkeeper/client/LedgerCreateOp.java,137,0,0.0,0,0,0.0,0,0,0.0,0,0,0,0,NO
4,bookkeeper-server/src/main/java/org/apache/bookkeeper/client/LedgerDeleteOp.java,79,0,0.0,0,0,0.0,0,0,0.0,0,0,0,0,NO
4,bookkeeper-server/src/main/java/org/apache/bookkeeper/client/LedgerEntry.java,82,0,0.0,0,0,0.0,0,0,0.0,0,0,0,0,NO
4,bookkeeper-server/src/main/java/org/apache/bookkeeper/client/LedgerFragment.java,147,0,0.0,0,0,0.0,0,0,0.0,0,0,0,0,NO
4,bookkeeper-server/src/main/java/org/apache/bookkeeper/client/LedgerFragmentReplicator.java,422,0,0.0,0,0,0.0,0,0,0.0,0,0,0,0,NO
4,bookkeeper-server/src/main/java/org/apache/bookkeeper/client/LedgerHandle.java,979,5,5.0,5,4,4.0,4,1,1.0,1,1,1,1,YES
4,bookkeeper-server/src/main/java/org/apache/bookkeeper/client/LedgerMetadata.java,495,45,22.5,40,17,8.5,14,28,14.0,26,2,1,2,YES
4,bookkeeper-server/src/main/java/org/apache/bookkeeper/client/LedgerOpenOp.java,189,0,0.0,0,0,0.0,0,0,0.0,0,0,0,0,NO
4,bookkeeper-server/src/main/java/org/apache/bookkeeper/client/LedgerRecoveryOp.java,167,36,36.0,36,22,22.0,22,14,14.0,14,1,0,1,YES
4,bookkeeper-server/src/main/java/org/apache/bookkeeper/client/MacDigestManager.java,86,3,3.0,3,1,1.0,1,2,2.0,2,1,1,1,YES
4,bookkeeper-server/src/main/java/org/apache/bookkeeper/client/PendingAddOp.java,182,0,0.0,0,0,0.0,0,0,0.0,0,0,0,0,YES
4,bookkeeper-server/src/main/java/org/apache/bookkeeper/client/PendingReadOp.java,361,21,21.0,21,18,18.0,18,3,3.0,3,1,0,1,NO
4,bookkeeper-server/src/main/java/org/apache/bookkeeper/client/ReadLastConfirmedOp.java,126,0,0.0,0,0,0.0,0,0,0.0,0,0,0,0,NO
4,bookkeeper-server/src/main/java/org/apache/bookkeeper/client/ReadOnlyLedgerHandle.java,106,0,0.0,0,0,0.0,0,0,0.0,0,0,0,0,NO
4,bookkeeper-server/src/main/java/org/apache/bookkeeper/client/RoundRobinDistributionSchedule.java,109,0,0.0,0,0,0.0,0,0,0.0,0,0,0,0,NO
4,bookkeeper-server/src/main/java/org/apache/bookkeeper/client/SyncCounter.java,85,0,0.0,0,0,0.0,0,0,0.0,0,0,0,0,NO
4,bookkeeper-server/src/main/java/org/apache/bookkeeper/conf/AbstractConfiguration.java,236,0,0.0,0,0,0.0,0,0,0.0,0,0,0,0,NO
4,bookkeeper-server/src/main/java/org/apache/bookkeeper/conf/ClientConfiguration.java,315,4,2.0,3,3,1.5,2,1,0.5,1,2,2,2,YES
4,bookkeeper-server/src/main/java/org/apache/bookkeeper/conf/ServerConfiguration.java,695,20,3.3333333333333335,5,16,2.6666666666666665,3,8,1.3333333333333333,2,6,4,3,YES
4,bookkeeper-server/src/main/java/org/apache/bookkeeper/jmx/BKMBeanInfo.java,27,0,0.0,0,0,0.0,0,0,0.0,0,0,0,0,NO
4,bookkeeper-server/src/main/java/org/apache/bookkeeper/jmx/BKMBeanRegistry.java,89,0,0.0,0,0,0.0,0,0,0.0,0,0,0,0,NO
4,bookkeeper-server/src/main/java/org/apache/bookkeeper/meta/AbstractZkLedgerManager.java,301,1,1.0,1,1,1.0,1,0,0.0,0,1,1,1,YES
4,bookkeeper-server/src/main/java/org/apache/bookkeeper/meta/FlatLedgerManager.java,153,0,0.0,0,0,0.0,0,0,0.0,0,0,0,0,YES
4,bookkeeper-server/src/main/java/org/apache/bookkeeper/meta/FlatLedgerManagerFactory.java,92,0,0.0,0,0,0.0,0,0,0.0,0,0,0,0,NO
4,bookkeeper-server/src/main/java/org/apache/bookkeeper/meta/HierarchicalLedgerManager.java,466,2,1.0,1,2,1.0,1,0,0.0,0,2,1,1,YES
4,bookkeeper-server/src/main/java/org/apache/bookkeeper/meta/HierarchicalLedgerManagerFactory.java,93,0,0.0,0,0,0.0,0,0,0.0,0,0,0,0,NO
4,bookkeeper-server/src/main/java/org/apache/bookkeeper/meta/LedgerLayout.java,244,0,0.0,0,0,0.0,0,0,0.0,0,0,0,0,NO
4,bookkeeper-server/src/main/java/org/apache/bookkeeper/meta/LedgerManager.java,192,0,0.0,0,0,0.0,0,0,0.0,0,0,0,0,YES
4,bookkeeper-server/src/main/java/org/apache/bookkeeper/meta/LedgerManagerFactory.java,252,6,6.0,6,4,4.0,4,2,2.0,2,1,1,1,YES
4,bookkeeper-server/src/main/java/org/apache/bookkeeper/meta/LedgerUnderreplicationManager.java,109,0,0.0,0,0,0.0,0,0,0.0,0,0,0,0,NO
4,bookkeeper-server/src/main/java/org/apache/bookkeeper/meta/MSLedgerManagerFactory.java,601,0,0.0,0,0,0.0,0,0,0.0,0,0,0,0,YES
4,bookkeeper-server/src/main/java/org/apache/bookkeeper/meta/ZkLedgerUnderreplicationManager.java,565,1,1.0,1,1,1.0,1,0,0.0,0,1,1,1,YES
4,bookkeeper-server/src/main/java/org/apache/bookkeeper/meta/ZkVersion.java,69,0,0.0,0,0,0.0,0,0,0.0,0,0,0,0,NO
4,bookkeeper-server/src/main/java/org/apache/bookkeeper/metastore/InMemoryMetaStore.java,77,0,0.0,0,0,0.0,0,0,0.0,0,0,0,0,NO
4,bookkeeper-server/src/main/java/org/apache/bookkeeper/metastore/InMemoryMetastoreCursor.java,94,0,0.0,0,0,0.0,0,0,0.0,0,0,0,0,YES
4,bookkeeper-server/src/main/java/org/apache/bookkeeper/metastore/InMemoryMetastoreTable.java,337,0,0.0,0,0,0.0,0,0,0.0,0,0,0,0,NO
4,bookkeeper-server/src/main/java/org/apache/bookkeeper/metastore/MSException.java,214,0,0.0,0,0,0.0,0,0,0.0,0,0,0,0,NO
4,bookkeeper-server/src/main/java/org/apache/bookkeeper/metastore/MetaStore.java,79,0,0.0,0,0,0.0,0,0,0.0,0,0,0,0,NO
4,bookkeeper-server/src/main/java/org/apache/bookkeeper/metastore/MetastoreCallback.java,25,0,0.0,0,0,0.0,0,0,0.0,0,0,0,0,NO
4,bookkeeper-server/src/main/java/org/apache/bookkeeper/metastore/MetastoreCursor.java,84,0,0.0,0,0,0.0,0,0,0.0,0,0,0,0,NO
4,bookkeeper-server/src/main/java/org/apache/bookkeeper/metastore/MetastoreException.java,34,0,0.0,0,0,0.0,0,0,0.0,0,0,0,0,NO
4,bookkeeper-server/src/main/java/org/apache/bookkeeper/metastore/MetastoreFactory.java,33,0,0.0,0,0,0.0,0,0,0.0,0,0,0,0,NO
4,bookkeeper-server/src/main/java/org/apache/bookkeeper/metastore/MetastoreScannableTable.java,104,0,0.0,0,0,0.0,0,0,0.0,0,0,0,0,NO
4,bookkeeper-server/src/main/java/org/apache/bookkeeper/metastore/MetastoreTable.java,172,0,0.0,0,0,0.0,0,0,0.0,0,0,0,0,NO
4,bookkeeper-server/src/main/java/org/apache/bookkeeper/metastore/MetastoreTableItem.java,70,0,0.0,0,0,0.0,0,0,0.0,0,0,0,0,NO
4,bookkeeper-server/src/main/java/org/apache/bookkeeper/metastore/MetastoreUtils.java,140,0,0.0,0,0,0.0,0,0,0.0,0,0,0,0,NO
4,bookkeeper-server/src/main/java/org/apache/bookkeeper/metastore/Value.java,156,3,3.0,3,1,1.0,1,2,2.0,2,1,1,1,YES
4,bookkeeper-server/src/main/java/org/apache/bookkeeper/proto/BKStats.java,248,0,0.0,0,0,0.0,0,0,0.0,0,0,0,0,NO
4,bookkeeper-server/src/main/java/org/apache/bookkeeper/proto/BookieClient.java,277,3,3.0,3,1,1.0,1,2,2.0,2,1,1,1,YES
4,bookkeeper-server/src/main/java/org/apache/bookkeeper/proto/BookieNettyServer.java,189,191,95.5,189,2,1.0,2,189,94.5,189,2,0,2,NO
4,bookkeeper-server/src/main/java/org/apache/bookkeeper/proto/BookieProtoEncoding.java,194,203,101.5,118,9,4.5,9,194,97.0,118,2,0,2,NO
4,bookkeeper-server/src/main/java/org/apache/bookkeeper/proto/BookieProtocol.java,346,187,93.5,158,17,8.5,17,170,85.0,158,2,0,2,NO
4,bookkeeper-server/src/main/java/org/apache/bookkeeper/proto/BookieRequestHandler.java,304,306,153.0,303,2,1.0,2,304,152.0,303,2,0,2,NO
4,bookkeeper-server/src/main/java/org/apache/bookkeeper/proto/BookieServer.java,356,15,7.5,10,283,141.5,283,278,139.0,273,2,1,2,YES
4,bookkeeper-server/src/main/java/org/apache/bookkeeper/proto/BookieServerBean.java,84,2,1.0,2,9,4.5,5,7,3.5,5,2,1,2,YES
4,bookkeeper-server/src/main/java/org/apache/bookkeeper/proto/BookieServerMXBean.java,53,0,0.0,0,5,5.0,5,5,5.0,5,1,1,1,YES
4,bookkeeper-server/src/main/java/org/apache/bookkeeper/proto/BookkeeperInternalCallbacks.java,132,0,0.0,0,0,0.0,0,0,0.0,0,0,0,0,NO
4,bookkeeper-server/src/main/java/org/apache/bookkeeper/proto/DataFormats.java,4088,0,0.0,0,0,0.0,0,0,0.0,0,0,0,0,NO
4,bookkeeper-server/src/main/java/org/apache/bookkeeper/proto/PerChannelBookieClient.java,691,80,26.666666666666668,79,116,38.666666666666664,112,36,12.0,33,3,2,2,YES
4,bookkeeper-server/src/main/java/org/apache/bookkeeper/proto/ResponseBuilder.java,47,52,26.0,40,5,2.5,5,47,23.5,40,2,0,2,NO
4,bookkeeper-server/src/main/java/org/apache/bookkeeper/proto/ServerStats.java,101,0,0.0,0,49,49.0,49,49,49.0,49,1,1,1,YES
4,bookkeeper-server/src/main/java/org/apache/bookkeeper/replication/Auditor.java,510,8,4.0,6,1,0.5,1,7,3.5,5,2,2,1,YES
4,bookkeeper-server/src/main/java/org/apache/bookkeeper/replication/AuditorElector.java,328,3,3.0,3,0,0.0,0,3,3.0,3,1,1,1,YES
4,bookkeeper-server/src/main/java/org/apache/bookkeeper/replication/AutoRecoveryMain.java,273,0,0.0,0,0,0.0,0,0,0.0,0,0,0,0,NO
4,bookkeeper-server/src/main/java/org/apache/bookkeeper/replication/BookieLedgerIndexer.java,136,0,0.0,0,0,0.0,0,0,0.0,0,0,0,0,NO
4,bookkeeper-server/src/main/java/org/apache/bookkeeper/replication/ReplicationEnableCb.java,56,0,0.0,0,0,0.0,0,0,0.0,0,0,0,0,NO
4,bookkeeper-server/src/main/java/org/apache/bookkeeper/replication/ReplicationException.java,74,0,0.0,0,0,0.0,0,0,0.0,0,0,0,0,NO
4,bookkeeper-server/src/main/java/org/apache/bookkeeper/replication/ReplicationWorker.java,359,2,2.0,2,0,0.0,0,2,2.0,2,1,1,1,YES
4,bookkeeper-server/src/main/java/org/apache/bookkeeper/streaming/LedgerInputStream.java,174,0,0.0,0,0,0.0,0,0,0.0,0,0,0,0,NO
4,bookkeeper-server/src/main/java/org/apache/bookkeeper/streaming/LedgerOutputStream.java,148,0,0.0,0,0,0.0,0,0,0.0,0,0,0,0,NO
4,bookkeeper-server/src/main/java/org/apache/bookkeeper/tools/BookKeeperTools.java,92,0,0.0,0,0,0.0,0,0,0.0,0,0,0,0,NO
4,bookkeeper-server/src/main/java/org/apache/bookkeeper/util/BookKeeperConstants.java,45,0,0.0,0,0,0.0,0,0,0.0,0,0,0,0,NO
4,bookkeeper-server/src/main/java/org/apache/bookkeeper/util/DiskChecker.java,168,0,0.0,0,0,0.0,0,0,0.0,0,0,0,0,NO
4,bookkeeper-server/src/main/java/org/apache/bookkeeper/util/EntryFormatter.java,77,0,0.0,0,0,0.0,0,0,0.0,0,0,0,0,NO
4,bookkeeper-server/src/main/java/org/apache/bookkeeper/util/HardLink.java,666,9,9.0,9,7,7.0,7,2,2.0,2,1,1,1,YES
4,bookkeeper-server/src/main/java/org/apache/bookkeeper/util/IOUtils.java,88,0,0.0,0,0,0.0,0,0,0.0,0,0,0,0,NO
4,bookkeeper-server/src/main/java/org/apache/bookkeeper/util/LocalBookKeeper.java,262,4,4.0,4,2,2.0,2,2,2.0,2,1,1,1,YES
4,bookkeeper-server/src/main/java/org/apache/bookkeeper/util/Main.java,54,0,0.0,0,0,0.0,0,0,0.0,0,0,0,0,NO
4,bookkeeper-server/src/main/java/org/apache/bookkeeper/util/MathUtils.java,48,0,0.0,0,0,0.0,0,0,0.0,0,0,0,0,NO
4,bookkeeper-server/src/main/java/org/apache/bookkeeper/util/OrderedSafeExecutor.java,140,0,0.0,0,0,0.0,0,0,0.0,0,0,0,0,NO
4,bookkeeper-server/src/main/java/org/apache/bookkeeper/util/ReflectionUtils.java,152,0,0.0,0,0,0.0,0,0,0.0,0,0,0,0,NO
4,bookkeeper-server/src/main/java/org/apache/bookkeeper/util/SafeRunnable.java,39,0,0.0,0,0,0.0,0,0,0.0,0,0,0,0,NO
4,bookkeeper-server/src/main/java/org/apache/bookkeeper/util/SnapshotMap.java,131,0,0.0,0,0,0.0,0,0,0.0,0,0,0,0,NO
4,bookkeeper-server/src/main/java/org/apache/bookkeeper/util/StringEntryFormatter.java,47,0,0.0,0,0,0.0,0,0,0.0,0,0,0,0,NO
4,bookkeeper-server/src/main/java/org/apache/bookkeeper/util/StringUtils.java,129,0,0.0,0,0,0.0,0,0,0.0,0,0,0,0,NO
4,bookkeeper-server/src/main/java/org/apache/bookkeeper/util/Tool.java,43,0,0.0,0,0,0.0,0,0,0.0,0,0,0,0,NO
4,bookkeeper-server/src/main/java/org/apache/bookkeeper/util/ZkUtils.java,243,0,0.0,0,0,0.0,0,0,0.0,0,0,0,0,YES
4,bookkeeper-server/src/main/java/org/apache/bookkeeper/versioning/Version.java,62,0,0.0,0,0,0.0,0,0,0.0,0,0,0,0,NO
4,bookkeeper-server/src/main/java/org/apache/bookkeeper/versioning/Versioned.java,45,0,0.0,0,0,0.0,0,0,0.0,0,0,0,0,NO
4,bookkeeper-server/src/main/java/org/apache/bookkeeper/zookeeper/ZooKeeperWatcherBase.java,97,3,3.0,3,0,0.0,0,3,3.0,3,1,1,1,YES
4,hedwig-client-jms/src/main/java/org/apache/hedwig/jms/ConnectionImpl.java,476,476,476.0,476,0,0.0,0,476,476.0,476,1,0,1,NO
4,hedwig-client-jms/src/main/java/org/apache/hedwig/jms/ConnectionMetaDataImpl.java,77,77,77.0,77,0,0.0,0,77,77.0,77,1,0,1,NO
4,hedwig-client-jms/src/main/java/org/apache/hedwig/jms/DebugUtil.java,69,69,69.0,69,0,0.0,0,69,69.0,69,1,0,1,NO
4,hedwig-client-jms/src/main/java/org/apache/hedwig/jms/LRUCacheMap.java,104,104,104.0,104,0,0.0,0,104,104.0,104,1,0,1,NO
4,hedwig-client-jms/src/main/java/org/apache/hedwig/jms/LRUCacheSet.java,115,115,115.0,115,0,0.0,0,115,115.0,115,1,0,1,NO
4,hedwig-client-jms/src/main/java/org/apache/hedwig/jms/MessagingSessionFacade.java,421,421,421.0,421,0,0.0,0,421,421.0,421,1,0,1,NO
4,hedwig-client-jms/src/main/java/org/apache/hedwig/jms/Mutable.java,61,61,61.0,61,0,0.0,0,61,61.0,61,1,0,1,NO
4,hedwig-client-jms/src/main/java/org/apache/hedwig/jms/SessionImpl.java,2009,2021,1010.5,2009,12,6.0,12,2009,1004.5,2009,2,1,2,YES
4,hedwig-client-jms/src/main/java/org/apache/hedwig/jms/StateManager.java,179,179,179.0,179,0,0.0,0,179,179.0,179,1,0,1,NO
4,hedwig-client-jms/src/main/java/org/apache/hedwig/jms/jndi/HedwigInitialContext.java,106,106,106.0,106,0,0.0,0,106,106.0,106,1,0,1,NO
4,hedwig-client-jms/src/main/java/org/apache/hedwig/jms/jndi/HedwigInitialContextFactory.java,33,33,33.0,33,0,0.0,0,33,33.0,33,1,0,1,NO
4,hedwig-client-jms/src/main/java/org/apache/hedwig/jms/message/BytesMessageImpl.java,657,657,657.0,657,0,0.0,0,657,657.0,657,1,0,1,NO
4,hedwig-client-jms/src/main/java/org/apache/hedwig/jms/message/MapMessageImpl.java,295,295,295.0,295,0,0.0,0,295,295.0,295,1,0,1,NO
4,hedwig-client-jms/src/main/java/org/apache/hedwig/jms/message/MessageImpl.java,872,872,872.0,872,0,0.0,0,872,872.0,872,1,0,1,NO
4,hedwig-client-jms/src/main/java/org/apache/hedwig/jms/message/MessageUtil.java,444,444,444.0,444,0,0.0,0,444,444.0,444,1,0,1,NO
4,hedwig-client-jms/src/main/java/org/apache/hedwig/jms/message/ObjectMessageImpl.java,168,168,168.0,168,0,0.0,0,168,168.0,168,1,0,1,NO
4,hedwig-client-jms/src/main/java/org/apache/hedwig/jms/message/StreamMessageImpl.java,752,752,752.0,752,0,0.0,0,752,752.0,752,1,0,1,NO
4,hedwig-client-jms/src/main/java/org/apache/hedwig/jms/message/TextMessageImpl.java,135,135,135.0,135,0,0.0,0,135,135.0,135,1,0,1,NO
4,hedwig-client-jms/src/main/java/org/apache/hedwig/jms/message/header/JmsHeader.java,1126,1126,1126.0,1126,0,0.0,0,1126,1126.0,1126,1,0,1,NO
4,hedwig-client-jms/src/main/java/org/apache/hedwig/jms/message/header/MetadataProcessor.java,163,163,163.0,163,0,0.0,0,163,163.0,163,1,0,1,NO
4,hedwig-client-jms/src/main/java/org/apache/hedwig/jms/selector/BinaryArithmeticFunction.java,184,184,184.0,184,0,0.0,0,184,184.0,184,1,0,1,NO
4,hedwig-client-jms/src/main/java/org/apache/hedwig/jms/selector/BinaryExprFunction.java,51,51,51.0,51,0,0.0,0,51,51.0,51,1,0,1,NO
4,hedwig-client-jms/src/main/java/org/apache/hedwig/jms/selector/ExprFunction.java,25,25,25.0,25,0,0.0,0,25,25.0,25,1,0,1,NO
4,hedwig-client-jms/src/main/java/org/apache/hedwig/jms/selector/InterpretSelectorParserVisitor.java,180,180,180.0,180,0,0.0,0,180,180.0,180,1,0,1,NO
4,hedwig-client-jms/src/main/java/org/apache/hedwig/jms/selector/LogicalComparisonFunction.java,64,64,64.0,64,0,0.0,0,64,64.0,64,1,0,1,NO
4,hedwig-client-jms/src/main/java/org/apache/hedwig/jms/selector/MyNode.java,101,101,101.0,101,0,0.0,0,101,101.0,101,1,0,1,NO
4,hedwig-client-jms/src/main/java/org/apache/hedwig/jms/selector/PropertyExprFunction.java,512,512,512.0,512,0,0.0,0,512,512.0,512,1,0,1,NO
4,hedwig-client-jms/src/main/java/org/apache/hedwig/jms/selector/SelectorConstant.java,187,187,187.0,187,0,0.0,0,187,187.0,187,1,0,1,NO
4,hedwig-client-jms/src/main/java/org/apache/hedwig/jms/selector/SelectorEvalState.java,56,56,56.0,56,0,0.0,0,56,56.0,56,1,0,1,NO
4,hedwig-client-jms/src/main/java/org/apache/hedwig/jms/selector/SelectorEvaluationException.java,39,39,39.0,39,0,0.0,0,39,39.0,39,1,0,1,NO
4,hedwig-client-jms/src/main/java/org/apache/hedwig/jms/selector/TreeDumperSelectorParserVisitor.java,261,261,261.0,261,0,0.0,0,261,261.0,261,1,0,1,NO
4,hedwig-client-jms/src/main/java/org/apache/hedwig/jms/selector/UnaryArithmeticFunction.java,73,73,73.0,73,0,0.0,0,73,73.0,73,1,0,1,NO
4,hedwig-client-jms/src/main/java/org/apache/hedwig/jms/selector/UnaryExprFunction.java,65,65,65.0,65,0,0.0,0,65,65.0,65,1,0,1,NO
4,hedwig-client-jms/src/main/java/org/apache/hedwig/jms/selector/ValueComparisonFunction.java,329,329,329.0,329,0,0.0,0,329,329.0,329,1,0,1,NO
4,hedwig-client-jms/src/main/java/org/apache/hedwig/jms/spi/HedwigConnectionFactoryImpl.java,64,64,64.0,64,0,0.0,0,64,64.0,64,1,0,1,NO
4,hedwig-client-jms/src/main/java/org/apache/hedwig/jms/spi/HedwigConnectionImpl.java,164,164,164.0,164,0,0.0,0,164,164.0,164,1,0,1,NO
4,hedwig-client-jms/src/main/java/org/apache/hedwig/jms/spi/HedwigMessagingSessionFacade.java,624,626,313.0,621,2,1.0,2,624,312.0,621,2,1,2,YES
4,hedwig-client-jms/src/main/java/org/apache/hedwig/jms/spi/MessageConsumerImpl.java,74,74,74.0,74,0,0.0,0,74,74.0,74,1,0,1,NO
4,hedwig-client-jms/src/main/java/org/apache/hedwig/jms/spi/MessageProducerImpl.java,117,117,117.0,117,0,0.0,0,117,117.0,117,1,0,1,NO
4,hedwig-client-jms/src/main/java/org/apache/hedwig/jms/spi/QueueSessionImpl.java,84,84,84.0,84,0,0.0,0,84,84.0,84,1,0,1,NO
4,hedwig-client-jms/src/main/java/org/apache/hedwig/jms/spi/TopicPublisherImpl.java,226,227,113.5,226,1,0.5,1,226,113.0,226,2,1,2,YES
4,hedwig-client-jms/src/main/java/org/apache/hedwig/jms/spi/TopicSessionImpl.java,76,76,76.0,76,0,0.0,0,76,76.0,76,1,0,1,NO
4,hedwig-client-jms/src/main/java/org/apache/hedwig/jms/spi/TopicSubscriberImpl.java,323,323,323.0,323,0,0.0,0,323,323.0,323,1,0,1,NO
4,hedwig-client/src/main/java/org/apache/hedwig/client/HedwigClient.java,72,0,0.0,0,0,0.0,0,0,0.0,0,0,0,0,NO
4,hedwig-client/src/main/java/org/apache/hedwig/client/api/Client.java,42,0,0.0,0,0,0.0,0,0,0.0,0,0,0,0,NO
4,hedwig-client/src/main/java/org/apache/hedwig/client/api/MessageHandler.java,48,0,0.0,0,0,0.0,0,0,0.0,0,0,0,0,NO
4,hedwig-client/src/main/java/org/apache/hedwig/client/api/Publisher.java,89,0,0.0,0,0,0.0,0,0,0.0,0,0,0,0,NO
4,hedwig-client/src/main/java/org/apache/hedwig/client/api/Subscriber.java,380,0,0.0,0,0,0.0,0,0,0.0,0,0,0,0,NO
4,hedwig-client/src/main/java/org/apache/hedwig/client/benchmark/BenchmarkPublisher.java,141,4,4.0,4,1,1.0,1,3,3.0,3,1,1,1,YES
4,hedwig-client/src/main/java/org/apache/hedwig/client/benchmark/BenchmarkSubscriber.java,148,8,8.0,8,2,2.0,2,6,6.0,6,1,1,1,YES
4,hedwig-client/src/main/java/org/apache/hedwig/client/benchmark/BenchmarkUtils.java,191,0,0.0,0,0,0.0,0,0,0.0,0,0,0,0,NO
4,hedwig-client/src/main/java/org/apache/hedwig/client/benchmark/BenchmarkWorker.java,46,0,0.0,0,0,0.0,0,0,0.0,0,0,0,0,NO
4,hedwig-client/src/main/java/org/apache/hedwig/client/benchmark/HedwigBenchmark.java,165,0,0.0,0,0,0.0,0,0,0.0,0,0,0,0,NO
4,hedwig-client/src/main/java/org/apache/hedwig/client/conf/ClientConfiguration.java,171,0,0.0,0,0,0.0,0,0,0.0,0,0,0,0,NO
4,hedwig-client/src/main/java/org/apache/hedwig/client/data/MessageConsumeData.java,56,0,0.0,0,0,0.0,0,0,0.0,0,0,0,0,NO
4,hedwig-client/src/main/java/org/apache/hedwig/client/data/PubSubData.java,179,0,0.0,0,0,0.0,0,0,0.0,0,0,0,0,NO
4,hedwig-client/src/main/java/org/apache/hedwig/client/data/TopicSubscriber.java,74,0,0.0,0,0,0.0,0,0,0.0,0,0,0,0,NO
4,hedwig-client/src/main/java/org/apache/hedwig/client/exceptions/AlreadyStartDeliveryException.java,36,0,0.0,0,0,0.0,0,0,0.0,0,0,0,0,NO
4,hedwig-client/src/main/java/org/apache/hedwig/client/exceptions/InvalidSubscriberIdException.java,37,0,0.0,0,0,0.0,0,0,0.0,0,0,0,0,NO
4,hedwig-client/src/main/java/org/apache/hedwig/client/exceptions/NoResponseHandlerException.java,34,0,0.0,0,0,0.0,0,0,0.0,0,0,0,0,NO
4,hedwig-client/src/main/java/org/apache/hedwig/client/exceptions/ResubscribeException.java,34,0,0.0,0,0,0.0,0,0,0.0,0,0,0,0,NO
4,hedwig-client/src/main/java/org/apache/hedwig/client/exceptions/ServerRedirectLoopException.java,38,0,0.0,0,0,0.0,0,0,0.0,0,0,0,0,NO
4,hedwig-client/src/main/java/org/apache/hedwig/client/exceptions/TooManyServerRedirectsException.java,39,0,0.0,0,0,0.0,0,0,0.0,0,0,0,0,NO
4,hedwig-client/src/main/java/org/apache/hedwig/client/handlers/AbstractResponseHandler.java,156,0,0.0,0,0,0.0,0,0,0.0,0,0,0,0,NO
4,hedwig-client/src/main/java/org/apache/hedwig/client/handlers/CloseSubscriptionResponseHandler.java,84,0,0.0,0,0,0.0,0,0,0.0,0,0,0,0,NO
4,hedwig-client/src/main/java/org/apache/hedwig/client/handlers/MessageConsumeCallback.java,117,0,0.0,0,0,0.0,0,0,0.0,0,0,0,0,NO
4,hedwig-client/src/main/java/org/apache/hedwig/client/handlers/PubSubCallback.java,94,0,0.0,0,0,0.0,0,0,0.0,0,0,0,0,NO
4,hedwig-client/src/main/java/org/apache/hedwig/client/handlers/PublishResponseHandler.java,71,0,0.0,0,0,0.0,0,0,0.0,0,0,0,0,NO
4,hedwig-client/src/main/java/org/apache/hedwig/client/handlers/SubscribeResponseHandler.java,183,0,0.0,0,0,0.0,0,0,0.0,0,0,0,0,NO
4,hedwig-client/src/main/java/org/apache/hedwig/client/handlers/UnsubscribeResponseHandler.java,85,0,0.0,0,0,0.0,0,0,0.0,0,0,0,0,NO
4,hedwig-client/src/main/java/org/apache/hedwig/client/netty/CleanupChannelMap.java,183,0,0.0,0,0,0.0,0,0,0.0,0,0,0,0,NO
4,hedwig-client/src/main/java/org/apache/hedwig/client/netty/FilterableMessageHandler.java,70,0,0.0,0,0,0.0,0,0,0.0,0,0,0,0,NO
4,hedwig-client/src/main/java/org/apache/hedwig/client/netty/HChannel.java,54,0,0.0,0,0,0.0,0,0,0.0,0,0,0,0,NO
4,hedwig-client/src/main/java/org/apache/hedwig/client/netty/HChannelManager.java,160,0,0.0,0,0,0.0,0,0,0.0,0,0,0,0,NO
4,hedwig-client/src/main/java/org/apache/hedwig/client/netty/HedwigClientImpl.java,125,0,0.0,0,0,0.0,0,0,0.0,0,0,0,0,NO
4,hedwig-client/src/main/java/org/apache/hedwig/client/netty/HedwigPublisher.java,151,0,0.0,0,0,0.0,0,0,0.0,0,0,0,0,NO
4,hedwig-client/src/main/java/org/apache/hedwig/client/netty/HedwigSubscriber.java,422,1,1.0,1,0,0.0,0,1,1.0,1,1,1,1,YES
4,hedwig-client/src/main/java/org/apache/hedwig/client/netty/NetUtils.java,221,2,2.0,2,0,0.0,0,2,2.0,2,1,1,1,YES
4,hedwig-client/src/main/java/org/apache/hedwig/client/netty/SubscriptionEventEmitter.java,50,0,0.0,0,0,0.0,0,0,0.0,0,0,0,0,NO
4,hedwig-client/src/main/java/org/apache/hedwig/client/netty/VoidCallbackAdapter.java,42,0,0.0,0,0,0.0,0,0,0.0,0,0,0,0,NO
4,hedwig-client/src/main/java/org/apache/hedwig/client/netty/impl/AbstractHChannelManager.java,624,0,0.0,0,0,0.0,0,0,0.0,0,0,0,0,NO
4,hedwig-client/src/main/java/org/apache/hedwig/client/netty/impl/AbstractSubscribeResponseHandler.java,377,0,0.0,0,0,0.0,0,0,0.0,0,0,0,0,NO
4,hedwig-client/src/main/java/org/apache/hedwig/client/netty/impl/ActiveSubscriber.java,383,0,0.0,0,0,0.0,0,0,0.0,0,0,0,0,NO
4,hedwig-client/src/main/java/org/apache/hedwig/client/netty/impl/ClientChannelPipelineFactory.java,72,0,0.0,0,0,0.0,0,0,0.0,0,0,0,0,NO
4,hedwig-client/src/main/java/org/apache/hedwig/client/netty/impl/DefaultServerChannel.java,92,0,0.0,0,0,0.0,0,0,0.0,0,0,0,0,NO
4,hedwig-client/src/main/java/org/apache/hedwig/client/netty/impl/HChannelHandler.java,282,1,1.0,1,3,3.0,3,2,2.0,2,1,1,1,YES
4,hedwig-client/src/main/java/org/apache/hedwig/client/netty/impl/HChannelImpl.java,371,0,0.0,0,0,0.0,0,0,0.0,0,0,0,0,NO
4,hedwig-client/src/main/java/org/apache/hedwig/client/netty/impl/NonSubscriptionChannelPipelineFactory.java,47,0,0.0,0,0,0.0,0,0,0.0,0,0,0,0,NO
4,hedwig-client/src/main/java/org/apache/hedwig/client/netty/impl/ResubscribeCallback.java,108,0,0.0,0,0,0.0,0,0,0.0,0,0,0,0,NO
4,hedwig-client/src/main/java/org/apache/hedwig/client/netty/impl/WriteCallback.java,111,0,0.0,0,0,0.0,0,0,0.0,0,0,0,0,NO
4,hedwig-client/src/main/java/org/apache/hedwig/client/netty/impl/multiplex/MultiplexHChannelManager.java,319,0,0.0,0,0,0.0,0,0,0.0,0,0,0,0,NO
4,hedwig-client/src/main/java/org/apache/hedwig/client/netty/impl/multiplex/MultiplexSubscribeResponseHandler.java,129,0,0.0,0,0,0.0,0,0,0.0,0,0,0,0,NO
4,hedwig-client/src/main/java/org/apache/hedwig/client/netty/impl/multiplex/MultiplexSubscriptionChannelPipelineFactory.java,49,0,0.0,0,0,0.0,0,0,0.0,0,0,0,0,NO
4,hedwig-client/src/main/java/org/apache/hedwig/client/netty/impl/simple/SimpleHChannelManager.java,358,0,0.0,0,0,0.0,0,0,0.0,0,0,0,0,NO
4,hedwig-client/src/main/java/org/apache/hedwig/client/netty/impl/simple/SimpleSubscribeResponseHandler.java,277,0,0.0,0,0,0.0,0,0,0.0,0,0,0,0,NO
4,hedwig-client/src/main/java/org/apache/hedwig/client/netty/impl/simple/SimpleSubscriptionChannelPipelineFactory.java,49,0,0.0,0,0,0.0,0,0,0.0,0,0,0,0,NO
4,hedwig-client/src/main/java/org/apache/hedwig/client/netty/package-info.java,89,0,0.0,0,0,0.0,0,0,0.0,0,0,0,0,NO
4,hedwig-client/src/main/java/org/apache/hedwig/client/ssl/SslClientContextFactory.java,41,0,0.0,0,0,0.0,0,0,0.0,0,0,0,0,NO
4,hedwig-client/src/main/java/org/apache/hedwig/client/ssl/SslContextFactory.java,66,0,0.0,0,0,0.0,0,0,0.0,0,0,0,0,NO
4,hedwig-client/src/main/java/org/apache/hedwig/conf/AbstractConfiguration.java,63,0,0.0,0,0,0.0,0,0,0.0,0,0,0,0,NO
4,hedwig-client/src/main/java/org/apache/hedwig/filter/ClientMessageFilter.java,24,0,0.0,0,0,0.0,0,0,0.0,0,0,0,0,NO
4,hedwig-client/src/main/java/org/apache/hedwig/filter/MessageFilterBase.java,50,0,0.0,0,0,0.0,0,0,0.0,0,0,0,0,NO
4,hedwig-client/src/main/java/org/apache/hedwig/filter/PipelineFilter.java,72,0,0.0,0,0,0.0,0,0,0.0,0,0,0,0,NO
4,hedwig-client/src/main/java/org/apache/hedwig/filter/ServerMessageFilter.java,47,0,0.0,0,0,0.0,0,0,0.0,0,0,0,0,NO
4,hedwig-client/src/main/java/org/apache/hedwig/util/Callback.java,47,0,0.0,0,0,0.0,0,0,0.0,0,0,0,0,NO
4,hedwig-client/src/main/java/org/apache/hedwig/util/CallbackUtils.java,183,0,0.0,0,0,0.0,0,0,0.0,0,0,0,0,NO
4,hedwig-client/src/main/java/org/apache/hedwig/util/ConcurrencyUtils.java,49,0,0.0,0,0,0.0,0,0,0.0,0,0,0,0,NO
4,hedwig-client/src/main/java/org/apache/hedwig/util/Either.java,50,0,0.0,0,0,0.0,0,0,0.0,0,0,0,0,NO
4,hedwig-client/src/main/java/org/apache/hedwig/util/FileUtils.java,98,0,0.0,0,0,0.0,0,0,0.0,0,0,0,0,NO
4,hedwig-client/src/main/java/org/apache/hedwig/util/HedwigSocketAddress.java,143,0,0.0,0,0,0.0,0,0,0.0,0,0,0,0,NO
4,hedwig-client/src/main/java/org/apache/hedwig/util/Option.java,43,0,0.0,0,0,0.0,0,0,0.0,0,0,0,0,NO
4,hedwig-client/src/main/java/org/apache/hedwig/util/Pair.java,42,0,0.0,0,0,0.0,0,0,0.0,0,0,0,0,NO
4,hedwig-client/src/main/java/org/apache/hedwig/util/PathUtils.java,56,0,0.0,0,0,0.0,0,0,0.0,0,0,0,0,NO
4,hedwig-client/src/main/java/org/apache/hedwig/util/SubscriptionListener.java,44,0,0.0,0,0,0.0,0,0,0.0,0,0,0,0,NO
4,hedwig-client/src/main/java/org/apache/hedwig/util/VarArgs.java,26,0,0.0,0,0,0.0,0,0,0.0,0,0,0,0,NO
4,hedwig-protocol/src/main/java/org/apache/hedwig/exceptions/PubSubException.java,254,0,0.0,0,0,0.0,0,0,0.0,0,0,0,0,NO
4,hedwig-protocol/src/main/java/org/apache/hedwig/protocol/PubSubProtocol.java,16883,0,0.0,0,0,0.0,0,0,0.0,0,0,0,0,NO
4,hedwig-protocol/src/main/java/org/apache/hedwig/protoextensions/MapUtils.java,74,0,0.0,0,0,0.0,0,0,0.0,0,0,0,0,NO
4,hedwig-protocol/src/main/java/org/apache/hedwig/protoextensions/MessageIdUtils.java,153,0,0.0,0,0,0.0,0,0,0.0,0,0,0,0,NO
4,hedwig-protocol/src/main/java/org/apache/hedwig/protoextensions/PubSubResponseUtils.java,68,0,0.0,0,0,0.0,0,0,0.0,0,0,0,0,NO
4,hedwig-protocol/src/main/java/org/apache/hedwig/protoextensions/SubscriptionStateUtils.java,100,0,0.0,0,0,0.0,0,0,0.0,0,0,0,0,NO
4,hedwig-server/src/main/java/org/apache/hedwig/admin/HedwigAdmin.java,550,3,3.0,3,2,2.0,2,1,1.0,1,1,1,1,YES
4,hedwig-server/src/main/java/org/apache/hedwig/admin/console/HedwigCommands.java,437,0,0.0,0,0,0.0,0,0,0.0,0,0,0,0,NO
4,hedwig-server/src/main/java/org/apache/hedwig/admin/console/HedwigConsole.java,1038,8,4.0,6,3,1.5,2,5,2.5,4,2,2,2,YES
4,hedwig-server/src/main/java/org/apache/hedwig/admin/console/JLineHedwigCompletor.java,104,9,9.0,9,6,6.0,6,3,3.0,3,1,1,1,YES
4,hedwig-server/src/main/java/org/apache/hedwig/admin/console/ReadTopic.java,332,2,2.0,2,1,1.0,1,1,1.0,1,1,1,1,YES
4,hedwig-server/src/main/java/org/apache/hedwig/data/MessageFormatter.java,123,0,0.0,0,0,0.0,0,0,0.0,0,0,0,0,NO
4,hedwig-server/src/main/java/org/apache/hedwig/server/benchmark/AbstractBenchmark.java,106,0,0.0,0,0,0.0,0,0,0.0,0,0,0,0,NO
4,hedwig-server/src/main/java/org/apache/hedwig/server/benchmark/BookieBenchmark.java,106,0,0.0,0,0,0.0,0,0,0.0,0,0,0,0,NO
4,hedwig-server/src/main/java/org/apache/hedwig/server/benchmark/BookkeeperBenchmark.java,94,2,2.0,2,1,1.0,1,1,1.0,1,1,1,1,YES
4,hedwig-server/src/main/java/org/apache/hedwig/server/benchmark/FakeBookie.java,101,2,2.0,2,2,2.0,2,0,0.0,0,1,1,1,YES
4,hedwig-server/src/main/java/org/apache/hedwig/server/common/ByteStringInterner.java,38,0,0.0,0,0,0.0,0,0,0.0,0,0,0,0,NO
4,hedwig-server/src/main/java/org/apache/hedwig/server/common/ServerConfiguration.java,628,45,15.0,33,1,0.3333333333333333,1,44,14.666666666666666,33,3,1,2,YES
4,hedwig-server/src/main/java/org/apache/hedwig/server/common/TerminateJVMExceptionHandler.java,32,0,0.0,0,0,0.0,0,0,0.0,0,0,0,0,NO
4,hedwig-server/src/main/java/org/apache/hedwig/server/common/TopicOpQueuer.java,111,0,0.0,0,0,0.0,0,0,0.0,0,0,0,0,NO
4,hedwig-server/src/main/java/org/apache/hedwig/server/common/UnexpectedError.java,35,0,0.0,0,0,0.0,0,0,0.0,0,0,0,0,NO
4,hedwig-server/src/main/java/org/apache/hedwig/server/delivery/ChannelEndPoint.java,90,0,0.0,0,0,0.0,0,0,0.0,0,0,0,0,NO
4,hedwig-server/src/main/java/org/apache/hedwig/server/delivery/DeliveryCallback.java,27,0,0.0,0,0,0.0,0,0,0.0,0,0,0,0,NO
4,hedwig-server/src/main/java/org/apache/hedwig/server/delivery/DeliveryEndPoint.java,28,0,0.0,0,0,0.0,0,0,0.0,0,0,0,0,NO
4,hedwig-server/src/main/java/org/apache/hedwig/server/delivery/DeliveryManager.java,92,0,0.0,0,0,0.0,0,0,0.0,0,0,0,0,NO
4,hedwig-server/src/main/java/org/apache/hedwig/server/delivery/FIFODeliveryManager.java,956,211,70.33333333333333,199,140,46.666666666666664,136,73,24.333333333333332,63,3,1,1,YES
4,hedwig-server/src/main/java/org/apache/hedwig/server/handlers/BaseHandler.java,67,0,0.0,0,0,0.0,0,0,0.0,0,0,0,0,NO
4,hedwig-server/src/main/java/org/apache/hedwig/server/handlers/ChannelDisconnectListener.java,29,0,0.0,0,0,0.0,0,0,0.0,0,0,0,0,NO
4,hedwig-server/src/main/java/org/apache/hedwig/server/handlers/CloseSubscriptionHandler.java,105,0,0.0,0,0,0.0,0,0,0.0,0,0,0,0,NO
4,hedwig-server/src/main/java/org/apache/hedwig/server/handlers/ConsumeHandler.java,72,0,0.0,0,0,0.0,0,0,0.0,0,0,0,0,NO
4,hedwig-server/src/main/java/org/apache/hedwig/server/handlers/Handler.java,37,0,0.0,0,0,0.0,0,0,0.0,0,0,0,0,NO
4,hedwig-server/src/main/java/org/apache/hedwig/server/handlers/NettyHandlerBean.java,47,0,0.0,0,0,0.0,0,0,0.0,0,0,0,0,NO
4,hedwig-server/src/main/java/org/apache/hedwig/server/handlers/NettyHandlerMXBean.java,31,0,0.0,0,0,0.0,0,0,0.0,0,0,0,0,NO
4,hedwig-server/src/main/java/org/apache/hedwig/server/handlers/PublishHandler.java,90,0,0.0,0,0,0.0,0,0,0.0,0,0,0,0,NO
4,hedwig-server/src/main/java/org/apache/hedwig/server/handlers/SubscribeHandler.java,223,0,0.0,0,0,0.0,0,0,0.0,0,0,0,0,NO
4,hedwig-server/src/main/java/org/apache/hedwig/server/handlers/SubscriptionChannelManager.java,214,0,0.0,0,0,0.0,0,0,0.0,0,0,0,0,NO
4,hedwig-server/src/main/java/org/apache/hedwig/server/handlers/UnsubscribeHandler.java,107,0,0.0,0,0,0.0,0,0,0.0,0,0,0,0,NO
4,hedwig-server/src/main/java/org/apache/hedwig/server/jmx/HedwigJMXService.java,37,0,0.0,0,0,0.0,0,0,0.0,0,0,0,0,NO
4,hedwig-server/src/main/java/org/apache/hedwig/server/jmx/HedwigMBeanInfo.java,27,0,0.0,0,0,0.0,0,0,0.0,0,0,0,0,NO
4,hedwig-server/src/main/java/org/apache/hedwig/server/jmx/HedwigMBeanRegistry.java,48,0,0.0,0,0,0.0,0,0,0.0,0,0,0,0,NO
4,hedwig-server/src/main/java/org/apache/hedwig/server/meta/FactoryLayout.java,167,3,3.0,3,2,2.0,2,1,1.0,1,1,1,1,YES
4,hedwig-server/src/main/java/org/apache/hedwig/server/meta/MetadataManagerFactory.java,213,0,0.0,0,0,0.0,0,0,0.0,0,0,0,0,NO
4,hedwig-server/src/main/java/org/apache/hedwig/server/meta/MsMetadataManagerFactory.java,867,6,6.0,6,5,5.0,5,1,1.0,1,1,1,1,YES
4,hedwig-server/src/main/java/org/apache/hedwig/server/meta/SubscriptionDataManager.java,159,0,0.0,0,0,0.0,0,0,0.0,0,0,0,0,NO
4,hedwig-server/src/main/java/org/apache/hedwig/server/meta/TopicOwnershipManager.java,100,0,0.0,0,0,0.0,0,0,0.0,0,0,0,0,NO
4,hedwig-server/src/main/java/org/apache/hedwig/server/meta/TopicPersistenceManager.java,96,0,0.0,0,0,0.0,0,0,0.0,0,0,0,0,NO
4,hedwig-server/src/main/java/org/apache/hedwig/server/meta/ZkMetadataManagerFactory.java,842,10,5.0,6,9,4.5,6,1,0.5,1,2,2,2,YES
4,hedwig-server/src/main/java/org/apache/hedwig/server/netty/PubSubServer.java,525,1,1.0,1,1,1.0,1,0,0.0,0,1,0,1,NO
4,hedwig-server/src/main/java/org/apache/hedwig/server/netty/PubSubServerBean.java,83,0,0.0,0,0,0.0,0,0,0.0,0,0,0,0,NO
4,hedwig-server/src/main/java/org/apache/hedwig/server/netty/PubSubServerMXBean.java,63,0,0.0,0,0,0.0,0,0,0.0,0,0,0,0,NO
4,hedwig-server/src/main/java/org/apache/hedwig/server/netty/PubSubServerPipelineFactory.java,76,0,0.0,0,0,0.0,0,0,0.0,0,0,0,0,NO
4,hedwig-server/src/main/java/org/apache/hedwig/server/netty/ServerStats.java,202,0,0.0,0,0,0.0,0,0,0.0,0,0,0,0,NO
4,hedwig-server/src/main/java/org/apache/hedwig/server/netty/UmbrellaHandler.java,155,3,3.0,3,3,3.0,3,0,0.0,0,1,1,1,YES
4,hedwig-server/src/main/java/org/apache/hedwig/server/persistence/BookkeeperPersistenceManager.java,1263,2,2.0,2,1,1.0,1,1,1.0,1,1,1,1,YES
4,hedwig-server/src/main/java/org/apache/hedwig/server/persistence/CacheKey.java,74,0,0.0,0,0,0.0,0,0,0.0,0,0,0,0,NO
4,hedwig-server/src/main/java/org/apache/hedwig/server/persistence/CacheValue.java,101,0,0.0,0,0,0.0,0,0,0.0,0,0,0,0,NO
4,hedwig-server/src/main/java/org/apache/hedwig/server/persistence/CancelScanRequest.java,27,0,0.0,0,0,0.0,0,0,0.0,0,0,0,0,NO
4,hedwig-server/src/main/java/org/apache/hedwig/server/persistence/Factory.java,22,0,0.0,0,0,0.0,0,0,0.0,0,0,0,0,NO
4,hedwig-server/src/main/java/org/apache/hedwig/server/persistence/LocalDBPersistenceManager.java,491,3,3.0,3,1,1.0,1,2,2.0,2,1,1,1,YES
4,hedwig-server/src/main/java/org/apache/hedwig/server/persistence/MapMethods.java,62,0,0.0,0,0,0.0,0,0,0.0,0,0,0,0,NO
4,hedwig-server/src/main/java/org/apache/hedwig/server/persistence/PersistRequest.java,59,0,0.0,0,0,0.0,0,0,0.0,0,0,0,0,NO
4,hedwig-server/src/main/java/org/apache/hedwig/server/persistence/PersistenceManager.java,99,0,0.0,0,0,0.0,0,0,0.0,0,0,0,0,NO
4,hedwig-server/src/main/java/org/apache/hedwig/server/persistence/PersistenceManagerWithRangeScan.java,27,0,0.0,0,0,0.0,0,0,0.0,0,0,0,0,NO
4,hedwig-server/src/main/java/org/apache/hedwig/server/persistence/RangeScanRequest.java,77,0,0.0,0,0,0.0,0,0,0.0,0,0,0,0,NO
4,hedwig-server/src/main/java/org/apache/hedwig/server/persistence/ReadAheadCache.java,846,0,0.0,0,0,0.0,0,0,0.0,0,0,0,0,YES
4,hedwig-server/src/main/java/org/apache/hedwig/server/persistence/ReadAheadCacheBean.java,64,0,0.0,0,0,0.0,0,0,0.0,0,0,0,0,NO
4,hedwig-server/src/main/java/org/apache/hedwig/server/persistence/ReadAheadCacheMXBean.java,45,0,0.0,0,0,0.0,0,0,0.0,0,0,0,0,NO
4,hedwig-server/src/main/java/org/apache/hedwig/server/persistence/ScanCallback.java,63,0,0.0,0,0,0.0,0,0,0.0,0,0,0,0,NO
4,hedwig-server/src/main/java/org/apache/hedwig/server/persistence/ScanCallbackWithContext.java,54,0,0.0,0,0,0.0,0,0,0.0,0,0,0,0,NO
4,hedwig-server/src/main/java/org/apache/hedwig/server/persistence/ScanRequest.java,64,0,0.0,0,0,0.0,0,0,0.0,0,0,0,0,NO
4,hedwig-server/src/main/java/org/apache/hedwig/server/proxy/ChannelTracker.java,132,0,0.0,0,0,0.0,0,0,0.0,0,0,0,0,NO
4,hedwig-server/src/main/java/org/apache/hedwig/server/proxy/HedwigProxy.java,177,0,0.0,0,0,0.0,0,0,0.0,0,0,0,0,NO
4,hedwig-server/src/main/java/org/apache/hedwig/server/proxy/ProxyCloseSubscriptionHandler.java,70,0,0.0,0,0,0.0,0,0,0.0,0,0,0,0,NO
4,hedwig-server/src/main/java/org/apache/hedwig/server/proxy/ProxyConfiguration.java,36,0,0.0,0,0,0.0,0,0,0.0,0,0,0,0,NO
4,hedwig-server/src/main/java/org/apache/hedwig/server/proxy/ProxyConsumeHandler.java,58,0,0.0,0,0,0.0,0,0,0.0,0,0,0,0,NO
4,hedwig-server/src/main/java/org/apache/hedwig/server/proxy/ProxyPublishHander.java,62,0,0.0,0,0,0.0,0,0,0.0,0,0,0,0,NO
4,hedwig-server/src/main/java/org/apache/hedwig/server/proxy/ProxyStartDeliveryHandler.java,132,0,0.0,0,0,0.0,0,0,0.0,0,0,0,0,NO
4,hedwig-server/src/main/java/org/apache/hedwig/server/proxy/ProxyStopDeliveryHandler.java,74,0,0.0,0,0,0.0,0,0,0.0,0,0,0,0,NO
4,hedwig-server/src/main/java/org/apache/hedwig/server/proxy/ProxySubscribeHandler.java,86,5,5.0,5,2,2.0,2,3,3.0,3,1,1,1,YES
4,hedwig-server/src/main/java/org/apache/hedwig/server/proxy/ProxyUnsubscribeHandler.java,74,0,0.0,0,0,0.0,0,0,0.0,0,0,0,0,NO
4,hedwig-server/src/main/java/org/apache/hedwig/server/regions/HedwigHubClient.java,48,0,0.0,0,0,0.0,0,0,0.0,0,0,0,0,NO
4,hedwig-server/src/main/java/org/apache/hedwig/server/regions/HedwigHubClientFactory.java,74,0,0.0,0,0,0.0,0,0,0.0,0,0,0,0,NO
4,hedwig-server/src/main/java/org/apache/hedwig/server/regions/HedwigHubSubscriber.java,86,0,0.0,0,0,0.0,0,0,0.0,0,0,0,0,NO
4,hedwig-server/src/main/java/org/apache/hedwig/server/regions/RegionManager.java,355,0,0.0,0,0,0.0,0,0,0.0,0,0,0,0,NO
4,hedwig-server/src/main/java/org/apache/hedwig/server/ssl/SslServerContextFactory.java,53,0,0.0,0,0,0.0,0,0,0.0,0,0,0,0,NO
4,hedwig-server/src/main/java/org/apache/hedwig/server/subscriptions/AbstractSubscriptionManager.java,804,8,8.0,8,2,2.0,2,6,6.0,6,1,1,1,YES
4,hedwig-server/src/main/java/org/apache/hedwig/server/subscriptions/AllToAllTopologyFilter.java,75,0,0.0,0,0,0.0,0,0,0.0,0,0,0,0,NO
4,hedwig-server/src/main/java/org/apache/hedwig/server/subscriptions/InMemorySubscriptionManager.java,125,0,0.0,0,0,0.0,0,0,0.0,0,0,0,0,NO
4,hedwig-server/src/main/java/org/apache/hedwig/server/subscriptions/InMemorySubscriptionState.java,200,0,0.0,0,0,0.0,0,0,0.0,0,0,0,0,NO
4,hedwig-server/src/main/java/org/apache/hedwig/server/subscriptions/MMSubscriptionManager.java,134,0,0.0,0,0,0.0,0,0,0.0,0,0,0,0,NO
4,hedwig-server/src/main/java/org/apache/hedwig/server/subscriptions/SubscriptionEventListener.java,57,0,0.0,0,0,0.0,0,0,0.0,0,0,0,0,NO
4,hedwig-server/src/main/java/org/apache/hedwig/server/subscriptions/SubscriptionManager.java,123,0,0.0,0,0,0.0,0,0,0.0,0,0,0,0,NO
4,hedwig-server/src/main/java/org/apache/hedwig/server/topics/AbstractTopicManager.java,266,87,87.0,87,25,25.0,25,62,62.0,62,1,0,1,NO
4,hedwig-server/src/main/java/org/apache/hedwig/server/topics/HubInfo.java,162,0,0.0,0,0,0.0,0,0,0.0,0,0,0,0,NO
4,hedwig-server/src/main/java/org/apache/hedwig/server/topics/HubLoad.java,130,0,0.0,0,0,0.0,0,0,0.0,0,0,0,0,NO
4,hedwig-server/src/main/java/org/apache/hedwig/server/topics/HubServerManager.java,108,0,0.0,0,0,0.0,0,0,0.0,0,0,0,0,NO
4,hedwig-server/src/main/java/org/apache/hedwig/server/topics/MMTopicManager.java,354,2,2.0,2,1,1.0,1,1,1.0,1,1,0,1,NO
4,hedwig-server/src/main/java/org/apache/hedwig/server/topics/TopicManager.java,88,8,8.0,8,0,0.0,0,8,8.0,8,1,0,1,NO
4,hedwig-server/src/main/java/org/apache/hedwig/server/topics/TopicOwnershipChangeListener.java,28,0,0.0,0,0,0.0,0,0,0.0,0,0,0,0,NO
4,hedwig-server/src/main/java/org/apache/hedwig/server/topics/TrivialOwnAllTopicManager.java,58,2,2.0,2,1,1.0,1,1,1.0,1,1,0,1,NO
4,hedwig-server/src/main/java/org/apache/hedwig/server/topics/ZkHubServerManager.java,308,5,5.0,5,3,3.0,3,2,2.0,2,1,1,1,YES
4,hedwig-server/src/main/java/org/apache/hedwig/server/topics/ZkTopicManager.java,343,8,4.0,6,5,2.5,4,3,1.5,2,2,1,2,YES
4,hedwig-server/src/main/java/org/apache/hedwig/zookeeper/SafeAsynBKCallback.java,103,0,0.0,0,0,0.0,0,0,0.0,0,0,0,0,NO
4,hedwig-server/src/main/java/org/apache/hedwig/zookeeper/SafeAsyncCallback.java,35,0,0.0,0,0,0.0,0,0,0.0,0,0,0,0,NO
4,hedwig-server/src/main/java/org/apache/hedwig/zookeeper/SafeAsyncZKCallback.java,98,0,0.0,0,0,0.0,0,0,0.0,0,0,0,0,NO
4,hedwig-server/src/main/java/org/apache/hedwig/zookeeper/ZkUtils.java,117,1,1.0,1,1,1.0,1,0,0.0,0,1,1,1,YES
5,bookkeeper-benchmark/src/main/java/org/apache/bookkeeper/benchmark/BenchBookie.java,215,1,1.0,1,1,1.0,1,0,0.0,0,1,0,1,NO
5,bookkeeper-benchmark/src/main/java/org/apache/bookkeeper/benchmark/BenchReadThroughputLatency.java,271,0,0.0,0,0,0.0,0,0,0.0,0,0,0,0,NO
5,bookkeeper-benchmark/src/main/java/org/apache/bookkeeper/benchmark/BenchThroughputLatency.java,458,0,0.0,0,0,0.0,0,0,0.0,0,0,0,0,NO
5,bookkeeper-benchmark/src/main/java/org/apache/bookkeeper/benchmark/MySqlClient.java,137,0,0.0,0,0,0.0,0,0,0.0,0,0,0,0,NO
5,bookkeeper-benchmark/src/main/java/org/apache/bookkeeper/benchmark/TestClient.java,357,0,0.0,0,0,0.0,0,0,0.0,0,0,0,0,NO
5,bookkeeper-server/src/main/java/org/apache/bookkeeper/bookie/Bookie.java,1243,191,13.642857142857142,66,285,20.357142857142858,145,256,18.285714285714285,141,14,4,3,YES
5,bookkeeper-server/src/main/java/org/apache/bookkeeper/bookie/BookieBean.java,51,0,0.0,0,0,0.0,0,0,0.0,0,0,0,0,NO
5,bookkeeper-server/src/main/java/org/apache/bookkeeper/bookie/BookieException.java,154,0,0.0,0,0,0.0,0,0,0.0,0,0,0,0,NO
5,bookkeeper-server/src/main/java/org/apache/bookkeeper/bookie/BookieMXBean.java,31,0,0.0,0,0,0.0,0,0,0.0,0,0,0,0,NO
5,bookkeeper-server/src/main/java/org/apache/bookkeeper/bookie/BookieShell.java,934,45,11.25,29,11,2.75,7,34,8.5,22,4,1,2,YES
5,bookkeeper-server/src/main/java/org/apache/bookkeeper/bookie/BufferedChannel.java,180,14,14.0,14,1,1.0,1,13,13.0,13,1,0,1,NO
5,bookkeeper-server/src/main/java/org/apache/bookkeeper/bookie/Cookie.java,260,0,0.0,0,0,0.0,0,0,0.0,0,0,0,0,NO
5,bookkeeper-server/src/main/java/org/apache/bookkeeper/bookie/EntryLogger.java,584,152,30.4,112,34,6.8,22,128,25.6,90,5,2,2,YES
5,bookkeeper-server/src/main/java/org/apache/bookkeeper/bookie/ExitCode.java,40,0,0.0,0,0,0.0,0,0,0.0,0,0,0,0,NO
5,bookkeeper-server/src/main/java/org/apache/bookkeeper/bookie/FileInfo.java,372,78,39.0,39,68,34.0,34,10,5.0,5,2,1,2,YES
5,bookkeeper-server/src/main/java/org/apache/bookkeeper/bookie/FileSystemUpgrade.java,388,0,0.0,0,0,0.0,0,0,0.0,0,0,0,0,NO
5,bookkeeper-server/src/main/java/org/apache/bookkeeper/bookie/GarbageCollector.java,51,0,0.0,0,0,0.0,0,0,0.0,0,0,0,0,NO
5,bookkeeper-server/src/main/java/org/apache/bookkeeper/bookie/GarbageCollectorThread.java,609,135,19.285714285714285,110,97,13.857142857142858,82,38,5.428571428571429,28,7,2,2,YES
5,bookkeeper-server/src/main/java/org/apache/bookkeeper/bookie/HandleFactory.java,32,0,0.0,0,0,0.0,0,0,0.0,0,0,0,0,NO
5,bookkeeper-server/src/main/java/org/apache/bookkeeper/bookie/HandleFactoryImpl.java,66,0,0.0,0,0,0.0,0,0,0.0,0,0,0,0,NO
5,bookkeeper-server/src/main/java/org/apache/bookkeeper/bookie/InterleavedLedgerStorage.java,180,112,37.333333333333336,106,48,16.0,35,80,26.666666666666668,71,3,1,2,NO
5,bookkeeper-server/src/main/java/org/apache/bookkeeper/bookie/Journal.java,587,130,18.571428571428573,105,111,15.857142857142858,103,19,2.7142857142857144,7,7,0,2,NO
5,bookkeeper-server/src/main/java/org/apache/bookkeeper/bookie/JournalChannel.java,164,48,16.0,36,4,1.3333333333333333,4,44,14.666666666666666,32,3,0,2,NO
5,bookkeeper-server/src/main/java/org/apache/bookkeeper/bookie/LedgerCache.java,50,0,0.0,0,0,0.0,0,0,0.0,0,0,0,0,NO
5,bookkeeper-server/src/main/java/org/apache/bookkeeper/bookie/LedgerCacheBean.java,27,0,0.0,0,0,0.0,0,0,0.0,0,0,0,0,NO
5,bookkeeper-server/src/main/java/org/apache/bookkeeper/bookie/LedgerCacheImpl.java,938,44,6.285714285714286,15,35,5.0,14,9,1.2857142857142858,3,7,3,2,YES
5,bookkeeper-server/src/main/java/org/apache/bookkeeper/bookie/LedgerCacheMXBean.java,60,0,0.0,0,0,0.0,0,0,0.0,0,0,0,0,NO
5,bookkeeper-server/src/main/java/org/apache/bookkeeper/bookie/LedgerDescriptor.java,62,0,0.0,0,0,0.0,0,0,0.0,0,0,0,0,NO
5,bookkeeper-server/src/main/java/org/apache/bookkeeper/bookie/LedgerDescriptorImpl.java,87,0,0.0,0,0,0.0,0,0,0.0,0,0,0,0,NO
5,bookkeeper-server/src/main/java/org/apache/bookkeeper/bookie/LedgerDescriptorReadOnlyImpl.java,52,0,0.0,0,0,0.0,0,0,0.0,0,0,0,0,NO
5,bookkeeper-server/src/main/java/org/apache/bookkeeper/bookie/LedgerDirsManager.java,270,33,8.25,26,2,0.5,1,31,7.75,26,4,1,3,YES
5,bookkeeper-server/src/main/java/org/apache/bookkeeper/bookie/LedgerEntryPage.java,163,0,0.0,0,0,0.0,0,0,0.0,0,0,0,0,NO
5,bookkeeper-server/src/main/java/org/apache/bookkeeper/bookie/LedgerStorage.java,109,14,14.0,14,5,5.0,5,9,9.0,9,1,0,1,NO
5,bookkeeper-server/src/main/java/org/apache/bookkeeper/bookie/MarkerFileChannel.java,147,0,0.0,0,0,0.0,0,0,0.0,0,0,0,0,NO
5,bookkeeper-server/src/main/java/org/apache/bookkeeper/bookie/ReadOnlyEntryLogger.java,58,0,0.0,0,0,0.0,0,0,0.0,0,0,0,0,NO
5,bookkeeper-server/src/main/java/org/apache/bookkeeper/bookie/ReadOnlyFileInfo.java,44,0,0.0,0,0,0.0,0,0,0.0,0,0,0,0,NO
5,bookkeeper-server/src/main/java/org/apache/bookkeeper/bookie/ScanAndCompareGarbageCollector.java,106,28,14.0,14,28,14.0,14,0,0.0,0,2,1,1,YES
5,bookkeeper-server/src/main/java/org/apache/bookkeeper/client/AsyncCallback.java,151,24,12.0,12,0,0.0,0,24,12.0,12,2,0,2,NO
5,bookkeeper-server/src/main/java/org/apache/bookkeeper/client/BKException.java,352,56,28.0,28,4,2.0,2,52,26.0,26,2,1,1,YES
5,bookkeeper-server/src/main/java/org/apache/bookkeeper/client/BookKeeper.java,715,191,31.833333333333332,64,20,3.3333333333333335,10,171,28.5,64,6,1,3,YES
5,bookkeeper-server/src/main/java/org/apache/bookkeeper/client/BookKeeperAdmin.java,876,188,31.333333333333332,64,5,0.8333333333333334,3,183,30.5,64,6,1,1,YES
5,bookkeeper-server/src/main/java/org/apache/bookkeeper/client/BookieWatcher.java,356,105,35.0,42,63,21.0,59,104,34.666666666666664,42,3,0,1,NO
5,bookkeeper-server/src/main/java/org/apache/bookkeeper/client/BookiesListener.java,27,54,27.0,27,0,0.0,0,54,27.0,27,2,0,1,NO
5,bookkeeper-server/src/main/java/org/apache/bookkeeper/client/CRC32DigestManager.java,55,0,0.0,0,0,0.0,0,0,0.0,0,0,0,0,NO
5,bookkeeper-server/src/main/java/org/apache/bookkeeper/client/DigestManager.java,191,0,0.0,0,0,0.0,0,0,0.0,0,0,0,0,NO
5,bookkeeper-server/src/main/java/org/apache/bookkeeper/client/DistributionSchedule.java,90,0,0.0,0,0,0.0,0,0,0.0,0,0,0,0,NO
5,bookkeeper-server/src/main/java/org/apache/bookkeeper/client/LedgerChecker.java,271,2,1.0,1,6,3.0,3,4,2.0,2,2,0,1,NO
5,bookkeeper-server/src/main/java/org/apache/bookkeeper/client/LedgerCreateOp.java,137,2,2.0,2,1,1.0,1,1,1.0,1,1,0,1,NO
5,bookkeeper-server/src/main/java/org/apache/bookkeeper/client/LedgerDeleteOp.java,79,0,0.0,0,0,0.0,0,0,0.0,0,0,0,0,NO
5,bookkeeper-server/src/main/java/org/apache/bookkeeper/client/LedgerEntry.java,82,0,0.0,0,0,0.0,0,0,0.0,0,0,0,0,NO
5,bookkeeper-server/src/main/java/org/apache/bookkeeper/client/LedgerFragment.java,147,0,0.0,0,0,0.0,0,0,0.0,0,0,0,0,NO
5,bookkeeper-server/src/main/java/org/apache/bookkeeper/client/LedgerFragmentReplicator.java,422,0,0.0,0,0,0.0,0,0,0.0,0,0,0,0,NO
5,bookkeeper-server/src/main/java/org/apache/bookkeeper/client/LedgerHandle.java,1030,182,20.22222222222222,46,83,9.222222222222221,26,99,11.0,25,9,3,1,YES
5,bookkeeper-server/src/main/java/org/apache/bookkeeper/client/LedgerMetadata.java,529,147,21.0,34,50,7.142857142857143,19,97,13.857142857142858,29,7,2,2,YES
5,bookkeeper-server/src/main/java/org/apache/bookkeeper/client/LedgerOpenOp.java,189,0,0.0,0,0,0.0,0,0,0.0,0,0,0,0,NO
5,bookkeeper-server/src/main/java/org/apache/bookkeeper/client/LedgerRecoveryOp.java,167,40,13.333333333333334,36,26,8.666666666666666,22,14,4.666666666666667,14,3,1,1,YES
5,bookkeeper-server/src/main/java/org/apache/bookkeeper/client/MacDigestManager.java,84,0,0.0,0,0,0.0,0,0,0.0,0,0,0,0,NO
5,bookkeeper-server/src/main/java/org/apache/bookkeeper/client/PendingAddOp.java,195,36,9.0,11,10,2.5,3,26,6.5,8,4,1,1,YES
5,bookkeeper-server/src/main/java/org/apache/bookkeeper/client/PendingReadOp.java,374,65,13.0,21,36,7.2,18,29,5.8,11,5,0,1,NO
5,bookkeeper-server/src/main/java/org/apache/bookkeeper/client/ReadLastConfirmedOp.java,126,0,0.0,0,0,0.0,0,0,0.0,0,0,0,0,NO
5,bookkeeper-server/src/main/java/org/apache/bookkeeper/client/ReadOnlyLedgerHandle.java,106,4,2.0,2,4,2.0,2,0,0.0,0,2,0,1,NO
5,bookkeeper-server/src/main/java/org/apache/bookkeeper/client/RoundRobinDistributionSchedule.java,109,0,0.0,0,0,0.0,0,0,0.0,0,0,0,0,NO
5,bookkeeper-server/src/main/java/org/apache/bookkeeper/client/SyncCounter.java,85,0,0.0,0,0,0.0,0,0,0.0,0,0,0,0,NO
5,bookkeeper-server/src/main/java/org/apache/bookkeeper/conf/AbstractConfiguration.java,236,5,5.0,5,4,4.0,4,1,1.0,1,1,0,1,NO
5,bookkeeper-server/src/main/java/org/apache/bookkeeper/conf/ClientConfiguration.java,314,31,31.0,31,1,1.0,1,30,30.0,30,1,0,1,NO
5,bookkeeper-server/src/main/java/org/apache/bookkeeper/conf/ServerConfiguration.java,813,202,50.5,61,0,0.0,0,202,50.5,61,4,1,3,NO
5,bookkeeper-server/src/main/java/org/apache/bookkeeper/jmx/BKMBeanInfo.java,27,0,0.0,0,0,0.0,0,0,0.0,0,0,0,0,NO
5,bookkeeper-server/src/main/java/org/apache/bookkeeper/jmx/BKMBeanRegistry.java,89,0,0.0,0,0,0.0,0,0,0.0,0,0,0,0,NO
5,bookkeeper-server/src/main/java/org/apache/bookkeeper/meta/AbstractZkLedgerManager.java,300,28,7.0,10,30,7.5,12,6,1.5,2,4,2,1,YES
5,bookkeeper-server/src/main/java/org/apache/bookkeeper/meta/FlatLedgerManager.java,166,60,10.0,27,34,5.666666666666667,14,26,4.333333333333333,13,6,3,1,YES
5,bookkeeper-server/src/main/java/org/apache/bookkeeper/meta/FlatLedgerManagerFactory.java,92,0,0.0,0,0,0.0,0,0,0.0,0,0,0,0,NO
5,bookkeeper-server/src/main/java/org/apache/bookkeeper/meta/HierarchicalLedgerManager.java,492,124,13.777777777777779,40,67,7.444444444444445,19,57,6.333333333333333,21,9,4,2,YES
5,bookkeeper-server/src/main/java/org/apache/bookkeeper/meta/HierarchicalLedgerManagerFactory.java,93,0,0.0,0,0,0.0,0,0,0.0,0,0,0,0,NO
5,bookkeeper-server/src/main/java/org/apache/bookkeeper/meta/LedgerLayout.java,244,0,0.0,0,0,0.0,0,0,0.0,0,0,0,0,NO
5,bookkeeper-server/src/main/java/org/apache/bookkeeper/meta/LedgerManager.java,183,16,8.0,8,34,17.0,17,18,9.0,9,2,1,1,YES
5,bookkeeper-server/src/main/java/org/apache/bookkeeper/meta/LedgerManagerFactory.java,250,0,0.0,0,0,0.0,0,0,0.0,0,0,0,0,NO
5,bookkeeper-server/src/main/java/org/apache/bookkeeper/meta/LedgerUnderreplicationManager.java,109,0,0.0,0,0,0.0,0,0,0.0,0,0,0,0,NO
5,bookkeeper-server/src/main/java/org/apache/bookkeeper/meta/MSLedgerManagerFactory.java,602,18,3.6,6,11,2.2,4,7,1.4,5,5,2,2,YES
5,bookkeeper-server/src/main/java/org/apache/bookkeeper/meta/ZkLedgerUnderreplicationManager.java,565,14,3.5,4,14,3.5,6,8,2.0,2,4,1,2,YES
5,bookkeeper-server/src/main/java/org/apache/bookkeeper/meta/ZkVersion.java,69,0,0.0,0,0,0.0,0,0,0.0,0,0,0,0,NO
5,bookkeeper-server/src/main/java/org/apache/bookkeeper/metastore/InMemoryMetaStore.java,77,0,0.0,0,0,0.0,0,0,0.0,0,0,0,0,NO
5,bookkeeper-server/src/main/java/org/apache/bookkeeper/metastore/InMemoryMetastoreCursor.java,97,12,6.0,6,6,3.0,3,6,3.0,3,2,1,1,YES
5,bookkeeper-server/src/main/java/org/apache/bookkeeper/metastore/InMemoryMetastoreTable.java,337,7,7.0,7,1,1.0,1,6,6.0,6,1,0,1,NO
5,bookkeeper-server/src/main/java/org/apache/bookkeeper/metastore/MSException.java,214,0,0.0,0,0,0.0,0,0,0.0,0,0,0,0,NO
5,bookkeeper-server/src/main/java/org/apache/bookkeeper/metastore/MetaStore.java,79,0,0.0,0,0,0.0,0,0,0.0,0,0,0,0,NO
5,bookkeeper-server/src/main/java/org/apache/bookkeeper/metastore/MetastoreCallback.java,25,0,0.0,0,0,0.0,0,0,0.0,0,0,0,0,NO
5,bookkeeper-server/src/main/java/org/apache/bookkeeper/metastore/MetastoreCursor.java,84,0,0.0,0,0,0.0,0,0,0.0,0,0,0,0,NO
5,bookkeeper-server/src/main/java/org/apache/bookkeeper/metastore/MetastoreException.java,34,0,0.0,0,0,0.0,0,0,0.0,0,0,0,0,NO
5,bookkeeper-server/src/main/java/org/apache/bookkeeper/metastore/MetastoreFactory.java,33,0,0.0,0,0,0.0,0,0,0.0,0,0,0,0,NO
5,bookkeeper-server/src/main/java/org/apache/bookkeeper/metastore/MetastoreScannableTable.java,104,0,0.0,0,0,0.0,0,0,0.0,0,0,0,0,NO
5,bookkeeper-server/src/main/java/org/apache/bookkeeper/metastore/MetastoreTable.java,172,0,0.0,0,0,0.0,0,0,0.0,0,0,0,0,NO
5,bookkeeper-server/src/main/java/org/apache/bookkeeper/metastore/MetastoreTableItem.java,70,0,0.0,0,0,0.0,0,0,0.0,0,0,0,0,NO
5,bookkeeper-server/src/main/java/org/apache/bookkeeper/metastore/MetastoreUtils.java,140,0,0.0,0,0,0.0,0,0,0.0,0,0,0,0,NO
5,bookkeeper-server/src/main/java/org/apache/bookkeeper/metastore/Value.java,154,0,0.0,0,0,0.0,0,0,0.0,0,0,0,0,NO
5,bookkeeper-server/src/main/java/org/apache/bookkeeper/net/DNS.java,356,356,356.0,356,0,0.0,0,356,356.0,356,1,0,1,NO
5,bookkeeper-server/src/main/java/org/apache/bookkeeper/proto/BKStats.java,248,0,0.0,0,0,0.0,0,0,0.0,0,0,0,0,NO
5,bookkeeper-server/src/main/java/org/apache/bookkeeper/proto/BookieClient.java,276,13,4.333333333333333,11,3,1.0,3,10,3.3333333333333335,8,3,0,2,NO
5,bookkeeper-server/src/main/java/org/apache/bookkeeper/proto/BookieProtocol.java,176,0,0.0,0,0,0.0,0,0,0.0,0,0,0,0,NO
5,bookkeeper-server/src/main/java/org/apache/bookkeeper/proto/BookieServer.java,637,39,4.333333333333333,8,19,2.111111111111111,6,26,2.888888888888889,5,9,3,3,YES
5,bookkeeper-server/src/main/java/org/apache/bookkeeper/proto/BookieServerBean.java,86,0,0.0,0,5,5.0,5,5,5.0,5,1,1,1,NO
5,bookkeeper-server/src/main/java/org/apache/bookkeeper/proto/BookieServerMXBean.java,53,0,0.0,0,5,5.0,5,5,5.0,5,1,1,1,NO
5,bookkeeper-server/src/main/java/org/apache/bookkeeper/proto/BookkeeperInternalCallbacks.java,132,0,0.0,0,0,0.0,0,0,0.0,0,0,0,0,NO
5,bookkeeper-server/src/main/java/org/apache/bookkeeper/proto/DataFormats.java,4088,0,0.0,0,0,0.0,0,0,0.0,0,0,0,0,NO
5,bookkeeper-server/src/main/java/org/apache/bookkeeper/proto/NIOServerFactory.java,577,22,5.5,8,3,0.75,1,19,4.75,7,4,3,2,YES
5,bookkeeper-server/src/main/java/org/apache/bookkeeper/proto/PerChannelBookieClient.java,758,159,22.714285714285715,41,98,14.0,25,61,8.714285714285714,16,7,2,2,YES
5,bookkeeper-server/src/main/java/org/apache/bookkeeper/proto/ServerStats.java,101,0,0.0,0,49,49.0,49,49,49.0,49,1,1,1,NO
5,bookkeeper-server/src/main/java/org/apache/bookkeeper/replication/Auditor.java,515,80,16.0,33,61,12.2,16,59,11.8,17,5,2,1,YES
5,bookkeeper-server/src/main/java/org/apache/bookkeeper/replication/AuditorElector.java,327,5,1.6666666666666667,3,4,1.3333333333333333,2,5,1.6666666666666667,3,3,1,1,NO
5,bookkeeper-server/src/main/java/org/apache/bookkeeper/replication/AutoRecoveryMain.java,273,3,1.0,1,2,0.6666666666666666,1,1,0.3333333333333333,1,3,0,2,NO
5,bookkeeper-server/src/main/java/org/apache/bookkeeper/replication/BookieLedgerIndexer.java,136,0,0.0,0,0,0.0,0,0,0.0,0,0,0,0,NO
5,bookkeeper-server/src/main/java/org/apache/bookkeeper/replication/ReplicationEnableCb.java,56,0,0.0,0,0,0.0,0,0,0.0,0,0,0,0,NO
5,bookkeeper-server/src/main/java/org/apache/bookkeeper/replication/ReplicationException.java,74,0,0.0,0,0,0.0,0,0,0.0,0,0,0,0,NO
5,bookkeeper-server/src/main/java/org/apache/bookkeeper/replication/ReplicationWorker.java,359,18,3.0,4,14,2.3333333333333335,7,16,2.6666666666666665,3,6,2,2,YES
5,bookkeeper-server/src/main/java/org/apache/bookkeeper/streaming/LedgerInputStream.java,174,0,0.0,0,0,0.0,0,0,0.0,0,0,0,0,NO
5,bookkeeper-server/src/main/java/org/apache/bookkeeper/streaming/LedgerOutputStream.java,148,0,0.0,0,0,0.0,0,0,0.0,0,0,0,0,NO
5,bookkeeper-server/src/main/java/org/apache/bookkeeper/tools/BookKeeperTools.java,92,0,0.0,0,0,0.0,0,0,0.0,0,0,0,0,NO
5,bookkeeper-server/src/main/java/org/apache/bookkeeper/util/BookKeeperConstants.java,45,0,0.0,0,0,0.0,0,0,0.0,0,0,0,0,NO
5,bookkeeper-server/src/main/java/org/apache/bookkeeper/util/DiskChecker.java,168,0,0.0,0,0,0.0,0,0,0.0,0,0,0,0,NO
5,bookkeeper-server/src/main/java/org/apache/bookkeeper/util/EntryFormatter.java,77,0,0.0,0,0,0.0,0,0,0.0,0,0,0,0,NO
5,bookkeeper-server/src/main/java/org/apache/bookkeeper/util/HardLink.java,664,0,0.0,0,0,0.0,0,0,0.0,0,0,0,0,NO
5,bookkeeper-server/src/main/java/org/apache/bookkeeper/util/IOUtils.java,88,0,0.0,0,0,0.0,0,0,0.0,0,0,0,0,NO
5,bookkeeper-server/src/main/java/org/apache/bookkeeper/util/LocalBookKeeper.java,261,2,1.0,1,0,0.0,0,2,1.0,1,2,0,1,NO
5,bookkeeper-server/src/main/java/org/apache/bookkeeper/util/Main.java,54,0,0.0,0,0,0.0,0,0,0.0,0,0,0,0,NO
5,bookkeeper-server/src/main/java/org/apache/bookkeeper/util/MathUtils.java,51,10,5.0,5,4,2.0,2,6,3.0,3,2,0,1,NO
5,bookkeeper-server/src/main/java/org/apache/bookkeeper/util/OrderedSafeExecutor.java,140,23,23.0,23,3,3.0,3,20,20.0,20,1,0,1,NO
5,bookkeeper-server/src/main/java/org/apache/bookkeeper/util/ReflectionUtils.java,152,0,0.0,0,0,0.0,0,0,0.0,0,0,0,0,NO
5,bookkeeper-server/src/main/java/org/apache/bookkeeper/util/SafeRunnable.java,39,0,0.0,0,0,0.0,0,0,0.0,0,0,0,0,NO
5,bookkeeper-server/src/main/java/org/apache/bookkeeper/util/SnapshotMap.java,131,0,0.0,0,0,0.0,0,0,0.0,0,0,0,0,NO
5,bookkeeper-server/src/main/java/org/apache/bookkeeper/util/StringEntryFormatter.java,47,0,0.0,0,0,0.0,0,0,0.0,0,0,0,0,NO
5,bookkeeper-server/src/main/java/org/apache/bookkeeper/util/StringUtils.java,129,0,0.0,0,0,0.0,0,0,0.0,0,0,0,0,NO
5,bookkeeper-server/src/main/java/org/apache/bookkeeper/util/Tool.java,43,0,0.0,0,0,0.0,0,0,0.0,0,0,0,0,NO
5,bookkeeper-server/src/main/java/org/apache/bookkeeper/util/ZkUtils.java,257,106,53.0,53,78,39.0,39,28,14.0,14,2,1,1,YES
5,bookkeeper-server/src/main/java/org/apache/bookkeeper/versioning/Version.java,62,0,0.0,0,0,0.0,0,0,0.0,0,0,0,0,NO
5,bookkeeper-server/src/main/java/org/apache/bookkeeper/versioning/Versioned.java,45,0,0.0,0,0,0.0,0,0,0.0,0,0,0,0,NO
5,bookkeeper-server/src/main/java/org/apache/bookkeeper/zookeeper/ZooKeeperWatcherBase.java,94,0,0.0,0,0,0.0,0,0,0.0,0,0,0,0,NO
5,hedwig-client/src/main/java/org/apache/hedwig/client/HedwigClient.java,72,0,0.0,0,0,0.0,0,0,0.0,0,0,0,0,NO
5,hedwig-client/src/main/java/org/apache/hedwig/client/api/Client.java,42,0,0.0,0,0,0.0,0,0,0.0,0,0,0,0,NO
5,hedwig-client/src/main/java/org/apache/hedwig/client/api/MessageHandler.java,48,0,0.0,0,0,0.0,0,0,0.0,0,0,0,0,NO
5,hedwig-client/src/main/java/org/apache/hedwig/client/api/Publisher.java,89,0,0.0,0,0,0.0,0,0,0.0,0,0,0,0,NO
5,hedwig-client/src/main/java/org/apache/hedwig/client/api/Subscriber.java,380,0,0.0,0,0,0.0,0,0,0.0,0,0,0,0,NO
5,hedwig-client/src/main/java/org/apache/hedwig/client/benchmark/BenchmarkPublisher.java,138,0,0.0,0,0,0.0,0,0,0.0,0,0,0,0,NO
5,hedwig-client/src/main/java/org/apache/hedwig/client/benchmark/BenchmarkSubscriber.java,142,0,0.0,0,0,0.0,0,0,0.0,0,0,0,0,NO
5,hedwig-client/src/main/java/org/apache/hedwig/client/benchmark/BenchmarkUtils.java,191,0,0.0,0,0,0.0,0,0,0.0,0,0,0,0,NO
5,hedwig-client/src/main/java/org/apache/hedwig/client/benchmark/BenchmarkWorker.java,46,0,0.0,0,0,0.0,0,0,0.0,0,0,0,0,NO
5,hedwig-client/src/main/java/org/apache/hedwig/client/benchmark/HedwigBenchmark.java,165,0,0.0,0,0,0.0,0,0,0.0,0,0,0,0,NO
5,hedwig-client/src/main/java/org/apache/hedwig/client/conf/ClientConfiguration.java,171,0,0.0,0,0,0.0,0,0,0.0,0,0,0,0,NO
5,hedwig-client/src/main/java/org/apache/hedwig/client/data/MessageConsumeData.java,56,0,0.0,0,0,0.0,0,0,0.0,0,0,0,0,NO
5,hedwig-client/src/main/java/org/apache/hedwig/client/data/PubSubData.java,179,0,0.0,0,0,0.0,0,0,0.0,0,0,0,0,NO
5,hedwig-client/src/main/java/org/apache/hedwig/client/data/TopicSubscriber.java,74,0,0.0,0,0,0.0,0,0,0.0,0,0,0,0,NO
5,hedwig-client/src/main/java/org/apache/hedwig/client/exceptions/AlreadyStartDeliveryException.java,36,0,0.0,0,0,0.0,0,0,0.0,0,0,0,0,NO
5,hedwig-client/src/main/java/org/apache/hedwig/client/exceptions/InvalidSubscriberIdException.java,37,0,0.0,0,0,0.0,0,0,0.0,0,0,0,0,NO
5,hedwig-client/src/main/java/org/apache/hedwig/client/exceptions/NoResponseHandlerException.java,34,0,0.0,0,0,0.0,0,0,0.0,0,0,0,0,NO
5,hedwig-client/src/main/java/org/apache/hedwig/client/exceptions/ResubscribeException.java,34,0,0.0,0,0,0.0,0,0,0.0,0,0,0,0,NO
5,hedwig-client/src/main/java/org/apache/hedwig/client/exceptions/ServerRedirectLoopException.java,38,0,0.0,0,0,0.0,0,0,0.0,0,0,0,0,NO
5,hedwig-client/src/main/java/org/apache/hedwig/client/exceptions/TooManyServerRedirectsException.java,39,0,0.0,0,0,0.0,0,0,0.0,0,0,0,0,NO
5,hedwig-client/src/main/java/org/apache/hedwig/client/handlers/AbstractResponseHandler.java,156,0,0.0,0,0,0.0,0,0,0.0,0,0,0,0,NO
5,hedwig-client/src/main/java/org/apache/hedwig/client/handlers/CloseSubscriptionResponseHandler.java,84,0,0.0,0,0,0.0,0,0,0.0,0,0,0,0,NO
5,hedwig-client/src/main/java/org/apache/hedwig/client/handlers/MessageConsumeCallback.java,117,0,0.0,0,0,0.0,0,0,0.0,0,0,0,0,NO
5,hedwig-client/src/main/java/org/apache/hedwig/client/handlers/PubSubCallback.java,94,0,0.0,0,0,0.0,0,0,0.0,0,0,0,0,NO
5,hedwig-client/src/main/java/org/apache/hedwig/client/handlers/PublishResponseHandler.java,71,0,0.0,0,0,0.0,0,0,0.0,0,0,0,0,NO
5,hedwig-client/src/main/java/org/apache/hedwig/client/handlers/SubscribeResponseHandler.java,183,0,0.0,0,0,0.0,0,0,0.0,0,0,0,0,NO
5,hedwig-client/src/main/java/org/apache/hedwig/client/handlers/UnsubscribeResponseHandler.java,85,0,0.0,0,0,0.0,0,0,0.0,0,0,0,0,NO
5,hedwig-client/src/main/java/org/apache/hedwig/client/netty/CleanupChannelMap.java,183,0,0.0,0,0,0.0,0,0,0.0,0,0,0,0,NO
5,hedwig-client/src/main/java/org/apache/hedwig/client/netty/FilterableMessageHandler.java,70,0,0.0,0,0,0.0,0,0,0.0,0,0,0,0,NO
5,hedwig-client/src/main/java/org/apache/hedwig/client/netty/HChannel.java,54,0,0.0,0,0,0.0,0,0,0.0,0,0,0,0,NO
5,hedwig-client/src/main/java/org/apache/hedwig/client/netty/HChannelManager.java,160,0,0.0,0,0,0.0,0,0,0.0,0,0,0,0,NO
5,hedwig-client/src/main/java/org/apache/hedwig/client/netty/HedwigClientImpl.java,125,5,5.0,5,2,2.0,2,3,3.0,3,1,0,1,NO
5,hedwig-client/src/main/java/org/apache/hedwig/client/netty/HedwigPublisher.java,151,0,0.0,0,0,0.0,0,0,0.0,0,0,0,0,NO
5,hedwig-client/src/main/java/org/apache/hedwig/client/netty/HedwigSubscriber.java,421,0,0.0,0,0,0.0,0,0,0.0,0,0,0,0,NO
5,hedwig-client/src/main/java/org/apache/hedwig/client/netty/NetUtils.java,219,0,0.0,0,0,0.0,0,0,0.0,0,0,0,0,NO
5,hedwig-client/src/main/java/org/apache/hedwig/client/netty/SubscriptionEventEmitter.java,50,0,0.0,0,0,0.0,0,0,0.0,0,0,0,0,NO
5,hedwig-client/src/main/java/org/apache/hedwig/client/netty/VoidCallbackAdapter.java,42,0,0.0,0,0,0.0,0,0,0.0,0,0,0,0,NO
5,hedwig-client/src/main/java/org/apache/hedwig/client/netty/impl/AbstractHChannelManager.java,624,0,0.0,0,0,0.0,0,0,0.0,0,0,0,0,NO
5,hedwig-client/src/main/java/org/apache/hedwig/client/netty/impl/AbstractSubscribeResponseHandler.java,377,0,0.0,0,0,0.0,0,0,0.0,0,0,0,0,NO
5,hedwig-client/src/main/java/org/apache/hedwig/client/netty/impl/ActiveSubscriber.java,382,18,9.0,9,20,10.0,10,2,1.0,1,2,1,1,NO
5,hedwig-client/src/main/java/org/apache/hedwig/client/netty/impl/ClientChannelPipelineFactory.java,72,0,0.0,0,0,0.0,0,0,0.0,0,0,0,0,NO
5,hedwig-client/src/main/java/org/apache/hedwig/client/netty/impl/DefaultServerChannel.java,92,0,0.0,0,0,0.0,0,0,0.0,0,0,0,0,NO
5,hedwig-client/src/main/java/org/apache/hedwig/client/netty/impl/HChannelHandler.java,284,0,0.0,0,0,0.0,0,0,0.0,0,0,0,0,NO
5,hedwig-client/src/main/java/org/apache/hedwig/client/netty/impl/HChannelImpl.java,371,0,0.0,0,0,0.0,0,0,0.0,0,0,0,0,NO
5,hedwig-client/src/main/java/org/apache/hedwig/client/netty/impl/NonSubscriptionChannelPipelineFactory.java,47,0,0.0,0,0,0.0,0,0,0.0,0,0,0,0,NO
5,hedwig-client/src/main/java/org/apache/hedwig/client/netty/impl/ResubscribeCallback.java,108,0,0.0,0,0,0.0,0,0,0.0,0,0,0,0,NO
5,hedwig-client/src/main/java/org/apache/hedwig/client/netty/impl/WriteCallback.java,111,0,0.0,0,0,0.0,0,0,0.0,0,0,0,0,NO
5,hedwig-client/src/main/java/org/apache/hedwig/client/netty/impl/multiplex/MultiplexHChannelManager.java,319,0,0.0,0,0,0.0,0,0,0.0,0,0,0,0,NO
5,hedwig-client/src/main/java/org/apache/hedwig/client/netty/impl/multiplex/MultiplexSubscribeResponseHandler.java,129,0,0.0,0,0,0.0,0,0,0.0,0,0,0,0,NO
5,hedwig-client/src/main/java/org/apache/hedwig/client/netty/impl/multiplex/MultiplexSubscriptionChannelPipelineFactory.java,49,0,0.0,0,0,0.0,0,0,0.0,0,0,0,0,NO
5,hedwig-client/src/main/java/org/apache/hedwig/client/netty/impl/simple/SimpleHChannelManager.java,358,0,0.0,0,0,0.0,0,0,0.0,0,0,0,0,NO
5,hedwig-client/src/main/java/org/apache/hedwig/client/netty/impl/simple/SimpleSubscribeResponseHandler.java,277,0,0.0,0,0,0.0,0,0,0.0,0,0,0,0,NO
5,hedwig-client/src/main/java/org/apache/hedwig/client/netty/impl/simple/SimpleSubscriptionChannelPipelineFactory.java,49,0,0.0,0,0,0.0,0,0,0.0,0,0,0,0,NO
5,hedwig-client/src/main/java/org/apache/hedwig/client/netty/package-info.java,89,0,0.0,0,0,0.0,0,0,0.0,0,0,0,0,NO
5,hedwig-client/src/main/java/org/apache/hedwig/client/ssl/SslClientContextFactory.java,41,0,0.0,0,0,0.0,0,0,0.0,0,0,0,0,NO
5,hedwig-client/src/main/java/org/apache/hedwig/client/ssl/SslContextFactory.java,66,0,0.0,0,0,0.0,0,0,0.0,0,0,0,0,NO
5,hedwig-client/src/main/java/org/apache/hedwig/conf/AbstractConfiguration.java,63,0,0.0,0,0,0.0,0,0,0.0,0,0,0,0,NO
5,hedwig-client/src/main/java/org/apache/hedwig/filter/ClientMessageFilter.java,24,0,0.0,0,0,0.0,0,0,0.0,0,0,0,0,NO
5,hedwig-client/src/main/java/org/apache/hedwig/filter/MessageFilterBase.java,50,0,0.0,0,0,0.0,0,0,0.0,0,0,0,0,NO
5,hedwig-client/src/main/java/org/apache/hedwig/filter/PipelineFilter.java,72,0,0.0,0,0,0.0,0,0,0.0,0,0,0,0,NO
5,hedwig-client/src/main/java/org/apache/hedwig/filter/ServerMessageFilter.java,47,0,0.0,0,0,0.0,0,0,0.0,0,0,0,0,NO
5,hedwig-client/src/main/java/org/apache/hedwig/util/Callback.java,47,0,0.0,0,0,0.0,0,0,0.0,0,0,0,0,NO
5,hedwig-client/src/main/java/org/apache/hedwig/util/CallbackUtils.java,183,0,0.0,0,0,0.0,0,0,0.0,0,0,0,0,NO
5,hedwig-client/src/main/java/org/apache/hedwig/util/ConcurrencyUtils.java,49,0,0.0,0,0,0.0,0,0,0.0,0,0,0,0,NO
5,hedwig-client/src/main/java/org/apache/hedwig/util/Either.java,50,0,0.0,0,0,0.0,0,0,0.0,0,0,0,0,NO
5,hedwig-client/src/main/java/org/apache/hedwig/util/FileUtils.java,98,0,0.0,0,0,0.0,0,0,0.0,0,0,0,0,NO
5,hedwig-client/src/main/java/org/apache/hedwig/util/HedwigSocketAddress.java,143,0,0.0,0,0,0.0,0,0,0.0,0,0,0,0,NO
5,hedwig-client/src/main/java/org/apache/hedwig/util/Option.java,43,0,0.0,0,0,0.0,0,0,0.0,0,0,0,0,NO
5,hedwig-client/src/main/java/org/apache/hedwig/util/Pair.java,42,0,0.0,0,0,0.0,0,0,0.0,0,0,0,0,NO
5,hedwig-client/src/main/java/org/apache/hedwig/util/PathUtils.java,56,0,0.0,0,0,0.0,0,0,0.0,0,0,0,0,NO
5,hedwig-client/src/main/java/org/apache/hedwig/util/SubscriptionListener.java,44,0,0.0,0,0,0.0,0,0,0.0,0,0,0,0,NO
5,hedwig-client/src/main/java/org/apache/hedwig/util/VarArgs.java,26,0,0.0,0,0,0.0,0,0,0.0,0,0,0,0,NO
5,hedwig-protocol/src/main/java/org/apache/hedwig/exceptions/PubSubException.java,254,0,0.0,0,0,0.0,0,0,0.0,0,0,0,0,NO
5,hedwig-protocol/src/main/java/org/apache/hedwig/protocol/PubSubProtocol.java,16883,0,0.0,0,0,0.0,0,0,0.0,0,0,0,0,NO
5,hedwig-protocol/src/main/java/org/apache/hedwig/protoextensions/MapUtils.java,74,0,0.0,0,0,0.0,0,0,0.0,0,0,0,0,NO
5,hedwig-protocol/src/main/java/org/apache/hedwig/protoextensions/MessageIdUtils.java,153,0,0.0,0,0,0.0,0,0,0.0,0,0,0,0,NO
5,hedwig-protocol/src/main/java/org/apache/hedwig/protoextensions/PubSubResponseUtils.java,68,0,0.0,0,0,0.0,0,0,0.0,0,0,0,0,NO
5,hedwig-protocol/src/main/java/org/apache/hedwig/protoextensions/SubscriptionStateUtils.java,100,0,0.0,0,0,0.0,0,0,0.0,0,0,0,0,NO
5,hedwig-server/src/main/java/org/apache/hedwig/admin/HedwigAdmin.java,549,0,0.0,0,0,0.0,0,0,0.0,0,0,0,0,NO
5,hedwig-server/src/main/java/org/apache/hedwig/admin/console/HedwigCommands.java,437,0,0.0,0,0,0.0,0,0,0.0,0,0,0,0,NO
5,hedwig-server/src/main/java/org/apache/hedwig/admin/console/HedwigConsole.java,1033,0,0.0,0,0,0.0,0,0,0.0,0,0,0,0,NO
5,hedwig-server/src/main/java/org/apache/hedwig/admin/console/JLineHedwigCompletor.java,101,0,0.0,0,0,0.0,0,0,0.0,0,0,0,0,NO
5,hedwig-server/src/main/java/org/apache/hedwig/admin/console/ReadTopic.java,331,0,0.0,0,0,0.0,0,0,0.0,0,0,0,0,NO
5,hedwig-server/src/main/java/org/apache/hedwig/data/MessageFormatter.java,123,0,0.0,0,0,0.0,0,0,0.0,0,0,0,0,NO
5,hedwig-server/src/main/java/org/apache/hedwig/server/benchmark/AbstractBenchmark.java,106,0,0.0,0,0,0.0,0,0,0.0,0,0,0,0,NO
5,hedwig-server/src/main/java/org/apache/hedwig/server/benchmark/BookieBenchmark.java,106,1,1.0,1,1,1.0,1,0,0.0,0,1,0,1,NO
5,hedwig-server/src/main/java/org/apache/hedwig/server/benchmark/BookkeeperBenchmark.java,93,0,0.0,0,0,0.0,0,0,0.0,0,0,0,0,NO
5,hedwig-server/src/main/java/org/apache/hedwig/server/benchmark/FakeBookie.java,101,0,0.0,0,0,0.0,0,0,0.0,0,0,0,0,NO
5,hedwig-server/src/main/java/org/apache/hedwig/server/common/ByteStringInterner.java,38,0,0.0,0,0,0.0,0,0,0.0,0,0,0,0,NO
5,hedwig-server/src/main/java/org/apache/hedwig/server/common/ServerConfiguration.java,584,0,0.0,0,0,0.0,0,0,0.0,0,0,0,0,NO
5,hedwig-server/src/main/java/org/apache/hedwig/server/common/TerminateJVMExceptionHandler.java,32,0,0.0,0,0,0.0,0,0,0.0,0,0,0,0,NO
5,hedwig-server/src/main/java/org/apache/hedwig/server/common/TopicOpQueuer.java,111,0,0.0,0,0,0.0,0,0,0.0,0,0,0,0,NO
5,hedwig-server/src/main/java/org/apache/hedwig/server/common/UnexpectedError.java,35,0,0.0,0,0,0.0,0,0,0.0,0,0,0,0,NO
5,hedwig-server/src/main/java/org/apache/hedwig/server/delivery/ChannelEndPoint.java,90,0,0.0,0,0,0.0,0,0,0.0,0,0,0,0,NO
5,hedwig-server/src/main/java/org/apache/hedwig/server/delivery/DeliveryCallback.java,27,0,0.0,0,0,0.0,0,0,0.0,0,0,0,0,NO
5,hedwig-server/src/main/java/org/apache/hedwig/server/delivery/DeliveryEndPoint.java,28,0,0.0,0,0,0.0,0,0,0.0,0,0,0,0,NO
5,hedwig-server/src/main/java/org/apache/hedwig/server/delivery/DeliveryManager.java,92,0,0.0,0,0,0.0,0,0,0.0,0,0,0,0,NO
5,hedwig-server/src/main/java/org/apache/hedwig/server/delivery/FIFODeliveryManager.java,907,54,27.0,28,9,4.5,5,45,22.5,23,2,1,1,YES
5,hedwig-server/src/main/java/org/apache/hedwig/server/handlers/BaseHandler.java,67,0,0.0,0,0,0.0,0,0,0.0,0,0,0,0,NO
5,hedwig-server/src/main/java/org/apache/hedwig/server/handlers/ChannelDisconnectListener.java,29,0,0.0,0,0,0.0,0,0,0.0,0,0,0,0,NO
5,hedwig-server/src/main/java/org/apache/hedwig/server/handlers/CloseSubscriptionHandler.java,105,0,0.0,0,0,0.0,0,0,0.0,0,0,0,0,NO
5,hedwig-server/src/main/java/org/apache/hedwig/server/handlers/ConsumeHandler.java,72,0,0.0,0,0,0.0,0,0,0.0,0,0,0,0,NO
5,hedwig-server/src/main/java/org/apache/hedwig/server/handlers/Handler.java,37,0,0.0,0,0,0.0,0,0,0.0,0,0,0,0,NO
5,hedwig-server/src/main/java/org/apache/hedwig/server/handlers/NettyHandlerBean.java,47,0,0.0,0,0,0.0,0,0,0.0,0,0,0,0,NO
5,hedwig-server/src/main/java/org/apache/hedwig/server/handlers/NettyHandlerMXBean.java,31,0,0.0,0,0,0.0,0,0,0.0,0,0,0,0,NO
5,hedwig-server/src/main/java/org/apache/hedwig/server/handlers/PublishHandler.java,90,0,0.0,0,0,0.0,0,0,0.0,0,0,0,0,NO
5,hedwig-server/src/main/java/org/apache/hedwig/server/handlers/SubscribeHandler.java,223,0,0.0,0,0,0.0,0,0,0.0,0,0,0,0,NO
5,hedwig-server/src/main/java/org/apache/hedwig/server/handlers/SubscriptionChannelManager.java,214,0,0.0,0,0,0.0,0,0,0.0,0,0,0,0,NO
5,hedwig-server/src/main/java/org/apache/hedwig/server/handlers/UnsubscribeHandler.java,107,0,0.0,0,0,0.0,0,0,0.0,0,0,0,0,NO
5,hedwig-server/src/main/java/org/apache/hedwig/server/jmx/HedwigJMXService.java,37,0,0.0,0,0,0.0,0,0,0.0,0,0,0,0,NO
5,hedwig-server/src/main/java/org/apache/hedwig/server/jmx/HedwigMBeanInfo.java,27,0,0.0,0,0,0.0,0,0,0.0,0,0,0,0,NO
5,hedwig-server/src/main/java/org/apache/hedwig/server/jmx/HedwigMBeanRegistry.java,48,0,0.0,0,0,0.0,0,0,0.0,0,0,0,0,NO
5,hedwig-server/src/main/java/org/apache/hedwig/server/meta/FactoryLayout.java,166,0,0.0,0,0,0.0,0,0,0.0,0,0,0,0,NO
5,hedwig-server/src/main/java/org/apache/hedwig/server/meta/MetadataManagerFactory.java,213,0,0.0,0,0,0.0,0,0,0.0,0,0,0,0,NO
5,hedwig-server/src/main/java/org/apache/hedwig/server/meta/MsMetadataManagerFactory.java,866,0,0.0,0,0,0.0,0,0,0.0,0,0,0,0,NO
5,hedwig-server/src/main/java/org/apache/hedwig/server/meta/SubscriptionDataManager.java,159,0,0.0,0,0,0.0,0,0,0.0,0,0,0,0,NO
5,hedwig-server/src/main/java/org/apache/hedwig/server/meta/TopicOwnershipManager.java,100,0,0.0,0,0,0.0,0,0,0.0,0,0,0,0,NO
5,hedwig-server/src/main/java/org/apache/hedwig/server/meta/TopicPersistenceManager.java,96,0,0.0,0,0,0.0,0,0,0.0,0,0,0,0,NO
5,hedwig-server/src/main/java/org/apache/hedwig/server/meta/ZkMetadataManagerFactory.java,841,0,0.0,0,0,0.0,0,0,0.0,0,0,0,0,NO
5,hedwig-server/src/main/java/org/apache/hedwig/server/netty/PubSubServer.java,525,15,15.0,15,5,5.0,5,10,10.0,10,1,0,1,NO
5,hedwig-server/src/main/java/org/apache/hedwig/server/netty/PubSubServerBean.java,83,0,0.0,0,0,0.0,0,0,0.0,0,0,0,0,NO
5,hedwig-server/src/main/java/org/apache/hedwig/server/netty/PubSubServerMXBean.java,63,0,0.0,0,0,0.0,0,0,0.0,0,0,0,0,NO
5,hedwig-server/src/main/java/org/apache/hedwig/server/netty/PubSubServerPipelineFactory.java,76,0,0.0,0,0,0.0,0,0,0.0,0,0,0,0,NO
5,hedwig-server/src/main/java/org/apache/hedwig/server/netty/ServerStats.java,202,0,0.0,0,0,0.0,0,0,0.0,0,0,0,0,NO
5,hedwig-server/src/main/java/org/apache/hedwig/server/netty/UmbrellaHandler.java,155,0,0.0,0,0,0.0,0,0,0.0,0,0,0,0,NO
5,hedwig-server/src/main/java/org/apache/hedwig/server/persistence/BookkeeperPersistenceManager.java,1262,0,0.0,0,0,0.0,0,0,0.0,0,0,0,0,NO
5,hedwig-server/src/main/java/org/apache/hedwig/server/persistence/CacheKey.java,74,0,0.0,0,0,0.0,0,0,0.0,0,0,0,0,NO
5,hedwig-server/src/main/java/org/apache/hedwig/server/persistence/CacheValue.java,101,0,0.0,0,0,0.0,0,0,0.0,0,0,0,0,NO
5,hedwig-server/src/main/java/org/apache/hedwig/server/persistence/CancelScanRequest.java,27,0,0.0,0,0,0.0,0,0,0.0,0,0,0,0,NO
5,hedwig-server/src/main/java/org/apache/hedwig/server/persistence/Factory.java,22,0,0.0,0,0,0.0,0,0,0.0,0,0,0,0,NO
5,hedwig-server/src/main/java/org/apache/hedwig/server/persistence/LocalDBPersistenceManager.java,489,0,0.0,0,0,0.0,0,0,0.0,0,0,0,0,NO
5,hedwig-server/src/main/java/org/apache/hedwig/server/persistence/MapMethods.java,62,0,0.0,0,0,0.0,0,0,0.0,0,0,0,0,NO
5,hedwig-server/src/main/java/org/apache/hedwig/server/persistence/PersistRequest.java,59,0,0.0,0,0,0.0,0,0,0.0,0,0,0,0,NO
5,hedwig-server/src/main/java/org/apache/hedwig/server/persistence/PersistenceManager.java,99,0,0.0,0,0,0.0,0,0,0.0,0,0,0,0,NO
5,hedwig-server/src/main/java/org/apache/hedwig/server/persistence/PersistenceManagerWithRangeScan.java,27,0,0.0,0,0,0.0,0,0,0.0,0,0,0,0,NO
5,hedwig-server/src/main/java/org/apache/hedwig/server/persistence/RangeScanRequest.java,77,0,0.0,0,0,0.0,0,0,0.0,0,0,0,0,NO
5,hedwig-server/src/main/java/org/apache/hedwig/server/persistence/ReadAheadCache.java,862,72,24.0,35,39,13.0,19,33,11.0,16,3,1,2,YES
5,hedwig-server/src/main/java/org/apache/hedwig/server/persistence/ReadAheadCacheBean.java,64,0,0.0,0,0,0.0,0,0,0.0,0,0,0,0,NO
5,hedwig-server/src/main/java/org/apache/hedwig/server/persistence/ReadAheadCacheMXBean.java,45,0,0.0,0,0,0.0,0,0,0.0,0,0,0,0,NO
5,hedwig-server/src/main/java/org/apache/hedwig/server/persistence/ScanCallback.java,63,0,0.0,0,0,0.0,0,0,0.0,0,0,0,0,NO
5,hedwig-server/src/main/java/org/apache/hedwig/server/persistence/ScanCallbackWithContext.java,54,0,0.0,0,0,0.0,0,0,0.0,0,0,0,0,NO
5,hedwig-server/src/main/java/org/apache/hedwig/server/persistence/ScanRequest.java,64,0,0.0,0,0,0.0,0,0,0.0,0,0,0,0,NO
5,hedwig-server/src/main/java/org/apache/hedwig/server/proxy/ChannelTracker.java,132,0,0.0,0,0,0.0,0,0,0.0,0,0,0,0,NO
5,hedwig-server/src/main/java/org/apache/hedwig/server/proxy/HedwigProxy.java,177,8,8.0,8,3,3.0,3,5,5.0,5,1,0,1,NO
5,hedwig-server/src/main/java/org/apache/hedwig/server/proxy/ProxyCloseSubscriptionHandler.java,70,0,0.0,0,0,0.0,0,0,0.0,0,0,0,0,NO
5,hedwig-server/src/main/java/org/apache/hedwig/server/proxy/ProxyConfiguration.java,36,0,0.0,0,0,0.0,0,0,0.0,0,0,0,0,NO
5,hedwig-server/src/main/java/org/apache/hedwig/server/proxy/ProxyConsumeHandler.java,58,0,0.0,0,0,0.0,0,0,0.0,0,0,0,0,NO
5,hedwig-server/src/main/java/org/apache/hedwig/server/proxy/ProxyPublishHander.java,62,0,0.0,0,0,0.0,0,0,0.0,0,0,0,0,NO
5,hedwig-server/src/main/java/org/apache/hedwig/server/proxy/ProxyStartDeliveryHandler.java,132,0,0.0,0,0,0.0,0,0,0.0,0,0,0,0,NO
5,hedwig-server/src/main/java/org/apache/hedwig/server/proxy/ProxyStopDeliveryHandler.java,74,0,0.0,0,0,0.0,0,0,0.0,0,0,0,0,NO
5,hedwig-server/src/main/java/org/apache/hedwig/server/proxy/ProxySubscribeHandler.java,83,0,0.0,0,0,0.0,0,0,0.0,0,0,0,0,NO
5,hedwig-server/src/main/java/org/apache/hedwig/server/proxy/ProxyUnsubscribeHandler.java,74,0,0.0,0,0,0.0,0,0,0.0,0,0,0,0,NO
5,hedwig-server/src/main/java/org/apache/hedwig/server/regions/HedwigHubClient.java,48,0,0.0,0,0,0.0,0,0,0.0,0,0,0,0,NO
5,hedwig-server/src/main/java/org/apache/hedwig/server/regions/HedwigHubClientFactory.java,74,0,0.0,0,0,0.0,0,0,0.0,0,0,0,0,NO
5,hedwig-server/src/main/java/org/apache/hedwig/server/regions/HedwigHubSubscriber.java,86,0,0.0,0,0,0.0,0,0,0.0,0,0,0,0,NO
5,hedwig-server/src/main/java/org/apache/hedwig/server/regions/RegionManager.java,355,0,0.0,0,0,0.0,0,0,0.0,0,0,0,0,NO
5,hedwig-server/src/main/java/org/apache/hedwig/server/ssl/SslServerContextFactory.java,53,0,0.0,0,0,0.0,0,0,0.0,0,0,0,0,NO
5,hedwig-server/src/main/java/org/apache/hedwig/server/subscriptions/AbstractSubscriptionManager.java,798,0,0.0,0,0,0.0,0,0,0.0,0,0,0,0,NO
5,hedwig-server/src/main/java/org/apache/hedwig/server/subscriptions/AllToAllTopologyFilter.java,75,0,0.0,0,0,0.0,0,0,0.0,0,0,0,0,NO
5,hedwig-server/src/main/java/org/apache/hedwig/server/subscriptions/InMemorySubscriptionManager.java,125,0,0.0,0,0,0.0,0,0,0.0,0,0,0,0,NO
5,hedwig-server/src/main/java/org/apache/hedwig/server/subscriptions/InMemorySubscriptionState.java,200,0,0.0,0,0,0.0,0,0,0.0,0,0,0,0,NO
5,hedwig-server/src/main/java/org/apache/hedwig/server/subscriptions/MMSubscriptionManager.java,134,0,0.0,0,0,0.0,0,0,0.0,0,0,0,0,NO
5,hedwig-server/src/main/java/org/apache/hedwig/server/subscriptions/SubscriptionEventListener.java,57,0,0.0,0,0,0.0,0,0,0.0,0,0,0,0,NO
5,hedwig-server/src/main/java/org/apache/hedwig/server/subscriptions/SubscriptionManager.java,123,0,0.0,0,0,0.0,0,0,0.0,0,0,0,0,NO
5,hedwig-server/src/main/java/org/apache/hedwig/server/topics/AbstractTopicManager.java,204,0,0.0,0,0,0.0,0,0,0.0,0,0,0,0,NO
5,hedwig-server/src/main/java/org/apache/hedwig/server/topics/HubInfo.java,162,0,0.0,0,0,0.0,0,0,0.0,0,0,0,0,NO
5,hedwig-server/src/main/java/org/apache/hedwig/server/topics/HubLoad.java,130,0,0.0,0,0,0.0,0,0,0.0,0,0,0,0,NO
5,hedwig-server/src/main/java/org/apache/hedwig/server/topics/HubServerManager.java,108,0,0.0,0,0,0.0,0,0,0.0,0,0,0,0,NO
5,hedwig-server/src/main/java/org/apache/hedwig/server/topics/MMTopicManager.java,353,0,0.0,0,0,0.0,0,0,0.0,0,0,0,0,NO
5,hedwig-server/src/main/java/org/apache/hedwig/server/topics/TopicManager.java,80,0,0.0,0,0,0.0,0,0,0.0,0,0,0,0,NO
5,hedwig-server/src/main/java/org/apache/hedwig/server/topics/TopicOwnershipChangeListener.java,28,0,0.0,0,0,0.0,0,0,0.0,0,0,0,0,NO
5,hedwig-server/src/main/java/org/apache/hedwig/server/topics/TrivialOwnAllTopicManager.java,57,0,0.0,0,0,0.0,0,0,0.0,0,0,0,0,NO
5,hedwig-server/src/main/java/org/apache/hedwig/server/topics/ZkHubServerManager.java,306,0,0.0,0,0,0.0,0,0,0.0,0,0,0,0,NO
5,hedwig-server/src/main/java/org/apache/hedwig/server/topics/ZkTopicManager.java,340,0,0.0,0,0,0.0,0,0,0.0,0,0,0,0,NO
5,hedwig-server/src/main/java/org/apache/hedwig/zookeeper/SafeAsynBKCallback.java,103,0,0.0,0,0,0.0,0,0,0.0,0,0,0,0,NO
5,hedwig-server/src/main/java/org/apache/hedwig/zookeeper/SafeAsyncCallback.java,35,0,0.0,0,0,0.0,0,0,0.0,0,0,0,0,NO
5,hedwig-server/src/main/java/org/apache/hedwig/zookeeper/SafeAsyncZKCallback.java,98,0,0.0,0,0,0.0,0,0,0.0,0,0,0,0,NO
5,hedwig-server/src/main/java/org/apache/hedwig/zookeeper/ZkUtils.java,117,0,0.0,0,0,0.0,0,0,0.0,0,0,0,0,NO
