RELEASE_ID,FILE_NAME,SIZE,LOC_ADDED,AVG_LOC_ADDED,MAX_LOC_ADDED,LOC_REMOVED,AVG_LOC_REMOVED,MAX_LOC_REMOVED,CHURN,AVG_CHURN,MAX_CHURN,NUMBER_OF_REVISIONS,NUMBER_OF_DEFECT_FIXES,NUMBER_OF_AUTHORS,IS_BUGGY
1,storm-core/src/jvm/backtype/storm/Config.java,958,3504,100.11428571428571,799,829,23.685714285714287,122,2819,80.54285714285714,799,35,0,9,YES
1,storm-core/src/jvm/backtype/storm/ConfigValidation.java,89,108,21.6,82,12,2.4,6,96,19.2,82,5,0,3,YES
1,storm-core/src/jvm/backtype/storm/Constants.java,18,54,18.0,18,0,0.0,0,54,18.0,18,3,0,2,NO
1,storm-core/src/jvm/backtype/storm/ILocalCluster.java,30,90,30.0,30,0,0.0,0,90,30.0,30,3,0,2,NO
1,storm-core/src/jvm/backtype/storm/ILocalDRPC.java,10,30,10.0,10,0,0.0,0,30,10.0,10,3,0,2,NO
1,storm-core/src/jvm/backtype/storm/StormSubmitter.java,152,456,152.0,152,0,0.0,0,456,152.0,152,3,0,2,NO
1,storm-core/src/jvm/backtype/storm/clojure/ClojureBolt.java,102,306,102.0,102,0,0.0,0,306,102.0,102,3,0,2,NO
1,storm-core/src/jvm/backtype/storm/clojure/ClojureSpout.java,136,408,136.0,136,0,0.0,0,408,136.0,136,3,0,2,NO
1,storm-core/src/jvm/backtype/storm/clojure/RichShellBolt.java,34,104,20.8,34,2,0.4,1,102,20.4,34,5,0,3,NO
1,storm-core/src/jvm/backtype/storm/clojure/RichShellSpout.java,34,104,20.8,34,2,0.4,1,102,20.4,34,5,0,3,NO
1,storm-core/src/jvm/backtype/storm/coordination/BatchBoltExecutor.java,91,273,91.0,91,0,0.0,0,273,91.0,91,3,0,2,NO
1,storm-core/src/jvm/backtype/storm/coordination/BatchOutputCollector.java,29,87,29.0,29,0,0.0,0,87,29.0,29,3,0,2,NO
1,storm-core/src/jvm/backtype/storm/coordination/BatchOutputCollectorImpl.java,36,108,36.0,36,0,0.0,0,108,36.0,36,3,0,2,NO
1,storm-core/src/jvm/backtype/storm/coordination/BatchSubtopologyBuilder.java,419,1257,419.0,419,0,0.0,0,1257,419.0,419,3,0,2,NO
1,storm-core/src/jvm/backtype/storm/coordination/CoordinatedBolt.java,365,1095,365.0,365,0,0.0,0,1095,365.0,365,3,0,2,NO
1,storm-core/src/jvm/backtype/storm/coordination/IBatchBolt.java,13,39,13.0,13,0,0.0,0,39,13.0,13,3,0,2,NO
1,storm-core/src/jvm/backtype/storm/daemon/Shutdownable.java,5,15,5.0,5,0,0.0,0,15,5.0,5,3,0,2,NO
1,storm-core/src/jvm/backtype/storm/drpc/DRPCInvocationsClient.java,74,222,74.0,74,0,0.0,0,222,74.0,74,3,0,2,NO
1,storm-core/src/jvm/backtype/storm/drpc/DRPCSpout.java,152,456,152.0,152,0,0.0,0,456,152.0,152,3,0,2,NO
1,storm-core/src/jvm/backtype/storm/drpc/JoinResult.java,58,174,58.0,58,0,0.0,0,174,58.0,58,3,0,2,NO
1,storm-core/src/jvm/backtype/storm/drpc/KeyedFairBolt.java,76,228,76.0,76,0,0.0,0,228,76.0,76,3,0,2,NO
1,storm-core/src/jvm/backtype/storm/drpc/LinearDRPCInputDeclarer.java,32,96,32.0,32,0,0.0,0,96,32.0,32,3,0,2,NO
1,storm-core/src/jvm/backtype/storm/drpc/LinearDRPCTopologyBuilder.java,366,1098,366.0,366,0,0.0,0,1098,366.0,366,3,0,2,NO
1,storm-core/src/jvm/backtype/storm/drpc/PrepareRequest.java,42,126,42.0,42,0,0.0,0,126,42.0,42,3,0,2,NO
1,storm-core/src/jvm/backtype/storm/drpc/ReturnResults.java,78,234,78.0,78,0,0.0,0,234,78.0,78,3,0,2,NO
1,storm-core/src/jvm/backtype/storm/generated/AlreadyAliveException.java,327,984,328.0,328,0,0.0,0,984,328.0,328,3,0,2,NO
1,storm-core/src/jvm/backtype/storm/generated/Bolt.java,426,1281,427.0,427,0,0.0,0,1281,427.0,427,3,0,2,NO
1,storm-core/src/jvm/backtype/storm/generated/BoltStats.java,1110,3333,1111.0,1111,0,0.0,0,3333,1111.0,1111,3,0,2,NO
1,storm-core/src/jvm/backtype/storm/generated/ClusterSummary.java,597,1794,598.0,598,0,0.0,0,1794,598.0,598,3,0,2,NO
1,storm-core/src/jvm/backtype/storm/generated/ComponentCommon.java,706,2121,707.0,707,0,0.0,0,2121,707.0,707,3,0,2,NO
1,storm-core/src/jvm/backtype/storm/generated/ComponentObject.java,385,1155,385.0,385,0,0.0,0,1155,385.0,385,3,0,2,NO
1,storm-core/src/jvm/backtype/storm/generated/DRPCExecutionException.java,327,984,328.0,328,0,0.0,0,984,328.0,328,3,0,2,NO
1,storm-core/src/jvm/backtype/storm/generated/DRPCRequest.java,424,1275,425.0,425,0,0.0,0,1275,425.0,425,3,0,2,NO
1,storm-core/src/jvm/backtype/storm/generated/DistributedRPC.java,964,2892,964.0,964,0,0.0,0,2892,964.0,964,3,0,2,NO
1,storm-core/src/jvm/backtype/storm/generated/DistributedRPCInvocations.java,2015,6045,2015.0,2015,0,0.0,0,6045,2015.0,2015,3,0,2,NO
1,storm-core/src/jvm/backtype/storm/generated/ErrorInfo.java,424,1275,425.0,425,0,0.0,0,1275,425.0,425,3,0,2,NO
1,storm-core/src/jvm/backtype/storm/generated/ExecutorInfo.java,419,1260,420.0,420,0,0.0,0,1260,420.0,420,3,0,2,NO
1,storm-core/src/jvm/backtype/storm/generated/ExecutorSpecificStats.java,318,954,318.0,318,0,0.0,0,954,318.0,318,3,0,2,NO
1,storm-core/src/jvm/backtype/storm/generated/ExecutorStats.java,678,2037,679.0,679,0,0.0,0,2037,679.0,679,3,0,2,NO
1,storm-core/src/jvm/backtype/storm/generated/ExecutorSummary.java,807,2424,808.0,808,0,0.0,0,2424,808.0,808,3,0,2,NO
1,storm-core/src/jvm/backtype/storm/generated/GlobalStreamId.java,424,1275,425.0,425,0,0.0,0,1275,425.0,425,3,0,2,NO
1,storm-core/src/jvm/backtype/storm/generated/Grouping.java,662,1986,662.0,662,0,0.0,0,1986,662.0,662,3,0,2,NO
1,storm-core/src/jvm/backtype/storm/generated/InvalidTopologyException.java,327,984,328.0,328,0,0.0,0,984,328.0,328,3,0,2,NO
1,storm-core/src/jvm/backtype/storm/generated/JavaObject.java,462,1389,463.0,463,0,0.0,0,1389,463.0,463,3,0,2,NO
1,storm-core/src/jvm/backtype/storm/generated/JavaObjectArg.java,532,1596,532.0,532,0,0.0,0,1596,532.0,532,3,0,2,NO
1,storm-core/src/jvm/backtype/storm/generated/KillOptions.java,319,960,320.0,320,0,0.0,0,960,320.0,320,3,0,2,NO
1,storm-core/src/jvm/backtype/storm/generated/Nimbus.java,13491,40473,13491.0,13491,0,0.0,0,40473,13491.0,13491,3,0,2,NO
1,storm-core/src/jvm/backtype/storm/generated/NotAliveException.java,327,984,328.0,328,0,0.0,0,984,328.0,328,3,0,2,NO
1,storm-core/src/jvm/backtype/storm/generated/NullStruct.java,224,675,225.0,225,0,0.0,0,675,225.0,225,3,0,2,NO
1,storm-core/src/jvm/backtype/storm/generated/RebalanceOptions.java,548,1647,549.0,549,0,0.0,0,1647,549.0,549,3,0,2,NO
1,storm-core/src/jvm/backtype/storm/generated/ShellComponent.java,416,1251,417.0,417,0,0.0,0,1251,417.0,417,3,0,2,NO
1,storm-core/src/jvm/backtype/storm/generated/SpoutSpec.java,426,1281,427.0,427,0,0.0,0,1281,427.0,427,3,0,2,NO
1,storm-core/src/jvm/backtype/storm/generated/SpoutStats.java,755,2268,756.0,756,0,0.0,0,2268,756.0,756,3,0,2,NO
1,storm-core/src/jvm/backtype/storm/generated/StateSpoutSpec.java,426,1281,427.0,427,0,0.0,0,1281,427.0,427,3,0,2,NO
1,storm-core/src/jvm/backtype/storm/generated/StormTopology.java,659,1980,660.0,660,0,0.0,0,1980,660.0,660,3,0,2,NO
1,storm-core/src/jvm/backtype/storm/generated/StreamInfo.java,461,1386,462.0,462,0,0.0,0,1386,462.0,462,3,0,2,NO
1,storm-core/src/jvm/backtype/storm/generated/SubmitOptions.java,339,1020,340.0,340,0,0.0,0,1020,340.0,340,3,0,2,NO
1,storm-core/src/jvm/backtype/storm/generated/SupervisorSummary.java,705,2118,706.0,706,0,0.0,0,2118,706.0,706,3,0,2,NO
1,storm-core/src/jvm/backtype/storm/generated/TopologyInfo.java,917,2754,918.0,918,0,0.0,0,2754,918.0,918,3,0,2,NO
1,storm-core/src/jvm/backtype/storm/generated/TopologyInitialStatus.java,44,132,44.0,44,0,0.0,0,132,44.0,44,3,0,2,NO
1,storm-core/src/jvm/backtype/storm/generated/TopologySummary.java,894,2685,895.0,895,0,0.0,0,2685,895.0,895,3,0,2,NO
1,storm-core/src/jvm/backtype/storm/grouping/CustomStreamGrouping.java,26,78,26.0,26,0,0.0,0,78,26.0,26,3,0,2,NO
1,storm-core/src/jvm/backtype/storm/hooks/BaseTaskHook.java,44,132,44.0,44,0,0.0,0,132,44.0,44,3,0,2,NO
1,storm-core/src/jvm/backtype/storm/hooks/ITaskHook.java,21,63,21.0,21,0,0.0,0,63,21.0,21,3,0,2,NO
1,storm-core/src/jvm/backtype/storm/hooks/info/BoltAckInfo.java,15,45,15.0,15,0,0.0,0,45,15.0,15,3,0,2,NO
1,storm-core/src/jvm/backtype/storm/hooks/info/BoltExecuteInfo.java,15,45,15.0,15,0,0.0,0,45,15.0,15,3,0,2,NO
1,storm-core/src/jvm/backtype/storm/hooks/info/BoltFailInfo.java,15,45,15.0,15,0,0.0,0,45,15.0,15,3,0,2,NO
1,storm-core/src/jvm/backtype/storm/hooks/info/EmitInfo.java,18,54,18.0,18,0,0.0,0,54,18.0,18,3,0,2,NO
1,storm-core/src/jvm/backtype/storm/hooks/info/SpoutAckInfo.java,13,39,13.0,13,0,0.0,0,39,13.0,13,3,0,2,NO
1,storm-core/src/jvm/backtype/storm/hooks/info/SpoutFailInfo.java,13,39,13.0,13,0,0.0,0,39,13.0,13,3,0,2,NO
1,storm-core/src/jvm/backtype/storm/messaging/IConnection.java,21,63,21.0,21,0,0.0,0,63,21.0,21,3,0,2,NO
1,storm-core/src/jvm/backtype/storm/messaging/IContext.java,42,126,42.0,42,0,0.0,0,126,42.0,42,3,0,2,NO
1,storm-core/src/jvm/backtype/storm/messaging/TaskMessage.java,36,166,23.714285714285715,36,58,8.285714285714286,25,192,27.428571428571427,36,7,0,3,NO
1,storm-core/src/jvm/backtype/storm/messaging/TransportFactory.java,40,120,40.0,40,0,0.0,0,120,40.0,40,3,0,2,NO
1,storm-core/src/jvm/backtype/storm/metric/LoggingMetricsConsumer.java,55,110,55.0,55,0,0.0,0,110,55.0,55,2,0,2,NO
1,storm-core/src/jvm/backtype/storm/metric/MetricsConsumerBolt.java,47,141,47.0,47,0,0.0,0,141,47.0,47,3,0,2,NO
1,storm-core/src/jvm/backtype/storm/metric/SystemBolt.java,138,459,45.9,139,45,4.5,14,420,42.0,139,10,0,5,NO
1,storm-core/src/jvm/backtype/storm/metric/api/AssignableMetric.java,17,51,17.0,17,0,0.0,0,51,17.0,17,3,0,2,NO
1,storm-core/src/jvm/backtype/storm/metric/api/CombinedMetric.java,21,63,21.0,21,0,0.0,0,63,21.0,21,3,0,2,NO
1,storm-core/src/jvm/backtype/storm/metric/api/CountMetric.java,24,72,24.0,24,0,0.0,0,72,24.0,24,3,0,2,NO
1,storm-core/src/jvm/backtype/storm/metric/api/ICombiner.java,6,18,6.0,6,0,0.0,0,18,6.0,6,3,0,2,NO
1,storm-core/src/jvm/backtype/storm/metric/api/IMetric.java,5,15,5.0,5,0,0.0,0,15,5.0,5,3,0,2,NO
1,storm-core/src/jvm/backtype/storm/metric/api/IMetricsConsumer.java,43,129,43.0,43,0,0.0,0,129,43.0,43,3,0,2,NO
1,storm-core/src/jvm/backtype/storm/metric/api/IReducer.java,7,21,7.0,7,0,0.0,0,21,7.0,7,3,0,2,NO
1,storm-core/src/jvm/backtype/storm/metric/api/IStatefulObject.java,5,10,5.0,5,0,0.0,0,10,5.0,5,2,0,2,NO
1,storm-core/src/jvm/backtype/storm/metric/api/MeanReducer.java,38,114,38.0,38,0,0.0,0,114,38.0,38,3,0,2,NO
1,storm-core/src/jvm/backtype/storm/metric/api/MultiCountMetric.java,28,84,28.0,28,0,0.0,0,84,28.0,28,3,0,2,NO
1,storm-core/src/jvm/backtype/storm/metric/api/MultiReducedMetric.java,33,99,33.0,33,0,0.0,0,99,33.0,33,3,0,2,NO
1,storm-core/src/jvm/backtype/storm/metric/api/ReducedMetric.java,21,63,21.0,21,0,0.0,0,63,21.0,21,3,0,2,NO
1,storm-core/src/jvm/backtype/storm/metric/api/StateMetric.java,14,28,14.0,14,0,0.0,0,28,14.0,14,2,0,2,NO
1,storm-core/src/jvm/backtype/storm/nimbus/DefaultTopologyValidator.java,14,42,6.0,11,3,0.42857142857142855,1,39,5.571428571428571,11,7,0,3,NO
1,storm-core/src/jvm/backtype/storm/nimbus/ITopologyValidator.java,11,35,4.375,10,3,0.375,1,32,4.0,10,8,0,3,NO
1,storm-core/src/jvm/backtype/storm/planner/CompoundSpout.java,8,24,8.0,8,0,0.0,0,24,8.0,8,3,0,2,NO
1,storm-core/src/jvm/backtype/storm/planner/CompoundTask.java,8,24,8.0,8,0,0.0,0,24,8.0,8,3,0,2,NO
1,storm-core/src/jvm/backtype/storm/planner/TaskBundle.java,16,48,16.0,16,0,0.0,0,48,16.0,16,3,0,2,NO
1,storm-core/src/jvm/backtype/storm/scheduler/Cluster.java,418,1254,418.0,418,0,0.0,0,1254,418.0,418,3,0,2,NO
1,storm-core/src/jvm/backtype/storm/scheduler/ExecutorDetails.java,37,111,37.0,37,0,0.0,0,111,37.0,37,3,0,2,NO
1,storm-core/src/jvm/backtype/storm/scheduler/INimbus.java,22,66,22.0,22,0,0.0,0,66,22.0,22,3,0,2,NO
1,storm-core/src/jvm/backtype/storm/scheduler/IScheduler.java,23,69,23.0,23,0,0.0,0,69,23.0,23,3,0,2,NO
1,storm-core/src/jvm/backtype/storm/scheduler/ISupervisor.java,28,84,28.0,28,0,0.0,0,84,28.0,28,3,0,2,NO
1,storm-core/src/jvm/backtype/storm/scheduler/SchedulerAssignment.java,41,123,41.0,41,0,0.0,0,123,41.0,41,3,0,2,NO
1,storm-core/src/jvm/backtype/storm/scheduler/SchedulerAssignmentImpl.java,93,279,93.0,93,0,0.0,0,279,93.0,93,3,0,2,NO
1,storm-core/src/jvm/backtype/storm/scheduler/SupervisorDetails.java,72,216,72.0,72,0,0.0,0,216,72.0,72,3,0,2,NO
1,storm-core/src/jvm/backtype/storm/scheduler/Topologies.java,40,120,40.0,40,0,0.0,0,120,40.0,40,3,0,2,NO
1,storm-core/src/jvm/backtype/storm/scheduler/TopologyDetails.java,72,216,72.0,72,0,0.0,0,216,72.0,72,3,0,2,NO
1,storm-core/src/jvm/backtype/storm/scheduler/WorkerSlot.java,35,105,35.0,35,0,0.0,0,105,35.0,35,3,0,2,NO
1,storm-core/src/jvm/backtype/storm/security/auth/AuthUtils.java,80,243,81.0,81,0,0.0,0,243,81.0,81,3,0,2,NO
1,storm-core/src/jvm/backtype/storm/security/auth/IAuthorizer.java,30,90,30.0,30,0,0.0,0,90,30.0,30,3,0,2,NO
1,storm-core/src/jvm/backtype/storm/security/auth/ITransportPlugin.java,38,114,38.0,38,0,0.0,0,114,38.0,38,3,0,2,NO
1,storm-core/src/jvm/backtype/storm/security/auth/ReqContext.java,91,273,91.0,91,0,0.0,0,273,91.0,91,3,0,2,NO
1,storm-core/src/jvm/backtype/storm/security/auth/SaslTransportPlugin.java,143,429,143.0,143,0,0.0,0,429,143.0,143,3,0,2,NO
1,storm-core/src/jvm/backtype/storm/security/auth/SimpleTransportPlugin.java,107,321,107.0,107,0,0.0,0,321,107.0,107,3,0,2,NO
1,storm-core/src/jvm/backtype/storm/security/auth/ThriftClient.java,62,186,62.0,62,0,0.0,0,186,62.0,62,3,0,2,NO
1,storm-core/src/jvm/backtype/storm/security/auth/ThriftServer.java,62,186,62.0,62,0,0.0,0,186,62.0,62,3,0,2,NO
1,storm-core/src/jvm/backtype/storm/security/auth/authorizer/DenyAuthorizer.java,40,120,40.0,40,0,0.0,0,120,40.0,40,3,0,2,NO
1,storm-core/src/jvm/backtype/storm/security/auth/authorizer/NoopAuthorizer.java,40,120,40.0,40,0,0.0,0,120,40.0,40,3,0,2,NO
1,storm-core/src/jvm/backtype/storm/security/auth/digest/ClientCallbackHandler.java,93,279,93.0,93,0,0.0,0,279,93.0,93,3,0,2,NO
1,storm-core/src/jvm/backtype/storm/security/auth/digest/DigestSaslTransportPlugin.java,52,156,52.0,52,0,0.0,0,156,52.0,52,3,0,2,NO
1,storm-core/src/jvm/backtype/storm/security/auth/digest/ServerCallbackHandler.java,97,291,97.0,97,0,0.0,0,291,97.0,97,3,0,2,NO
1,storm-core/src/jvm/backtype/storm/security/serialization/BlowfishTupleSerializer.java,72,216,72.0,72,0,0.0,0,216,72.0,72,3,0,2,NO
1,storm-core/src/jvm/backtype/storm/serialization/DefaultKryoFactory.java,47,141,47.0,47,0,0.0,0,141,47.0,47,3,0,2,NO
1,storm-core/src/jvm/backtype/storm/serialization/IKryoDecorator.java,6,18,6.0,6,0,0.0,0,18,6.0,6,3,0,2,NO
1,storm-core/src/jvm/backtype/storm/serialization/IKryoFactory.java,23,69,23.0,23,0,0.0,0,69,23.0,23,3,0,2,NO
1,storm-core/src/jvm/backtype/storm/serialization/ITupleDeserializer.java,8,24,8.0,8,0,0.0,0,24,8.0,8,3,0,2,NO
1,storm-core/src/jvm/backtype/storm/serialization/ITupleSerializer.java,9,27,9.0,9,0,0.0,0,27,9.0,9,3,0,2,NO
1,storm-core/src/jvm/backtype/storm/serialization/KryoTupleDeserializer.java,42,126,42.0,42,0,0.0,0,126,42.0,42,3,0,2,NO
1,storm-core/src/jvm/backtype/storm/serialization/KryoTupleSerializer.java,43,129,43.0,43,0,0.0,0,129,43.0,43,3,0,2,NO
1,storm-core/src/jvm/backtype/storm/serialization/KryoValuesDeserializer.java,34,102,34.0,34,0,0.0,0,102,34.0,34,3,0,2,NO
1,storm-core/src/jvm/backtype/storm/serialization/KryoValuesSerializer.java,41,123,41.0,41,0,0.0,0,123,41.0,41,3,0,2,NO
1,storm-core/src/jvm/backtype/storm/serialization/SerializableSerializer.java,44,132,44.0,44,0,0.0,0,132,44.0,44,3,0,2,NO
1,storm-core/src/jvm/backtype/storm/serialization/SerializationFactory.java,207,621,207.0,207,0,0.0,0,621,207.0,207,3,0,2,NO
1,storm-core/src/jvm/backtype/storm/serialization/types/ArrayListSerializer.java,15,45,15.0,15,0,0.0,0,45,15.0,15,3,0,2,NO
1,storm-core/src/jvm/backtype/storm/serialization/types/HashMapSerializer.java,15,45,15.0,15,0,0.0,0,45,15.0,15,3,0,2,NO
1,storm-core/src/jvm/backtype/storm/serialization/types/HashSetSerializer.java,15,45,15.0,15,0,0.0,0,45,15.0,15,3,0,2,NO
1,storm-core/src/jvm/backtype/storm/serialization/types/ListDelegateSerializer.java,15,45,15.0,15,0,0.0,0,45,15.0,15,3,0,2,NO
1,storm-core/src/jvm/backtype/storm/spout/IMultiSchemableSpout.java,6,18,6.0,6,0,0.0,0,18,6.0,6,3,0,2,NO
1,storm-core/src/jvm/backtype/storm/spout/ISchemableSpout.java,7,21,7.0,7,0,0.0,0,21,7.0,7,3,0,2,NO
1,storm-core/src/jvm/backtype/storm/spout/ISpout.java,88,264,88.0,88,0,0.0,0,264,88.0,88,3,0,2,NO
1,storm-core/src/jvm/backtype/storm/spout/ISpoutOutputCollector.java,12,39,13.0,13,0,0.0,0,39,13.0,13,3,0,2,NO
1,storm-core/src/jvm/backtype/storm/spout/ISpoutWaitStrategy.java,17,51,17.0,17,0,0.0,0,51,17.0,17,3,0,2,NO
1,storm-core/src/jvm/backtype/storm/spout/MultiScheme.java,11,33,11.0,11,0,0.0,0,33,11.0,11,3,0,2,NO
1,storm-core/src/jvm/backtype/storm/spout/NothingEmptyEmitStrategy.java,14,42,14.0,14,0,0.0,0,42,14.0,14,3,0,2,NO
1,storm-core/src/jvm/backtype/storm/spout/RawMultiScheme.java,21,63,21.0,21,0,0.0,0,63,21.0,21,3,0,2,NO
1,storm-core/src/jvm/backtype/storm/spout/RawScheme.java,15,45,15.0,15,0,0.0,0,45,15.0,15,3,0,2,NO
1,storm-core/src/jvm/backtype/storm/spout/Scheme.java,11,33,11.0,11,0,0.0,0,33,11.0,11,3,0,2,NO
1,storm-core/src/jvm/backtype/storm/spout/SchemeAsMultiScheme.java,24,72,24.0,24,0,0.0,0,72,24.0,24,3,0,2,NO
1,storm-core/src/jvm/backtype/storm/spout/ShellSpout.java,120,508,56.44444444444444,120,43,4.777777777777778,19,497,55.22222222222222,120,9,0,3,NO
1,storm-core/src/jvm/backtype/storm/spout/SleepSpoutWaitStrategy.java,24,72,24.0,24,0,0.0,0,72,24.0,24,3,0,2,NO
1,storm-core/src/jvm/backtype/storm/spout/SpoutOutputCollector.java,117,351,117.0,117,0,0.0,0,351,117.0,117,3,0,2,NO
1,storm-core/src/jvm/backtype/storm/state/IStateSpout.java,12,36,12.0,12,0,0.0,0,36,12.0,12,3,0,2,NO
1,storm-core/src/jvm/backtype/storm/state/IStateSpoutOutputCollector.java,5,15,5.0,5,0,0.0,0,15,5.0,5,3,0,2,NO
1,storm-core/src/jvm/backtype/storm/state/ISubscribedState.java,8,24,8.0,8,0,0.0,0,24,8.0,8,3,0,2,NO
1,storm-core/src/jvm/backtype/storm/state/ISynchronizeOutputCollector.java,7,21,7.0,7,0,0.0,0,21,7.0,7,3,0,2,NO
1,storm-core/src/jvm/backtype/storm/state/StateSpoutOutputCollector.java,11,33,11.0,11,0,0.0,0,33,11.0,11,3,0,2,NO
1,storm-core/src/jvm/backtype/storm/state/SynchronizeOutputCollector.java,13,39,13.0,13,0,0.0,0,39,13.0,13,3,0,2,NO
1,storm-core/src/jvm/backtype/storm/task/GeneralTopologyContext.java,181,543,181.0,181,0,0.0,0,543,181.0,181,3,0,2,NO
1,storm-core/src/jvm/backtype/storm/task/IBolt.java,67,201,67.0,67,0,0.0,0,201,67.0,67,3,0,2,NO
1,storm-core/src/jvm/backtype/storm/task/IErrorReporter.java,5,15,5.0,5,0,0.0,0,15,5.0,5,3,0,2,NO
1,storm-core/src/jvm/backtype/storm/task/IMetricsContext.java,14,42,14.0,14,0,0.0,0,42,14.0,14,3,0,2,NO
1,storm-core/src/jvm/backtype/storm/task/IOutputCollector.java,15,45,15.0,15,0,0.0,0,45,15.0,15,3,0,2,NO
1,storm-core/src/jvm/backtype/storm/task/OutputCollector.java,208,624,208.0,208,0,0.0,0,624,208.0,208,3,0,2,NO
1,storm-core/src/jvm/backtype/storm/task/ShellBolt.java,228,967,74.38461538461539,223,80,6.153846153846154,34,907,69.76923076923077,223,13,0,4,NO
1,storm-core/src/jvm/backtype/storm/task/TopologyContext.java,249,747,249.0,249,0,0.0,0,747,249.0,249,3,0,2,NO
1,storm-core/src/jvm/backtype/storm/task/WorkerTopologyContext.java,89,267,89.0,89,0,0.0,0,267,89.0,89,3,0,2,NO
1,storm-core/src/jvm/backtype/storm/testing/AckFailDelegate.java,8,24,8.0,8,0,0.0,0,24,8.0,8,3,0,2,NO
1,storm-core/src/jvm/backtype/storm/testing/AckFailMapTracker.java,35,105,35.0,35,0,0.0,0,105,35.0,35,3,0,2,NO
1,storm-core/src/jvm/backtype/storm/testing/AckTracker.java,35,105,35.0,35,0,0.0,0,105,35.0,35,3,0,2,NO
1,storm-core/src/jvm/backtype/storm/testing/BatchNumberList.java,55,165,55.0,55,0,0.0,0,165,55.0,55,3,0,2,NO
1,storm-core/src/jvm/backtype/storm/testing/BatchProcessWord.java,22,66,22.0,22,0,0.0,0,66,22.0,22,3,0,2,NO
1,storm-core/src/jvm/backtype/storm/testing/BatchRepeatA.java,31,93,31.0,31,0,0.0,0,93,31.0,31,3,0,2,NO
1,storm-core/src/jvm/backtype/storm/testing/BoltTracker.java,25,75,25.0,25,0,0.0,0,75,25.0,25,3,0,2,NO
1,storm-core/src/jvm/backtype/storm/testing/CompleteTopologyParam.java,50,150,50.0,50,0,0.0,0,150,50.0,50,3,0,2,NO
1,storm-core/src/jvm/backtype/storm/testing/CountingBatchBolt.java,38,114,38.0,38,0,0.0,0,114,38.0,38,3,0,2,NO
1,storm-core/src/jvm/backtype/storm/testing/CountingCommitBolt.java,40,120,40.0,40,0,0.0,0,120,40.0,40,3,0,2,NO
1,storm-core/src/jvm/backtype/storm/testing/FeederSpout.java,83,249,83.0,83,0,0.0,0,249,83.0,83,3,0,2,NO
1,storm-core/src/jvm/backtype/storm/testing/FixedTuple.java,25,75,25.0,25,0,0.0,0,75,25.0,25,3,0,2,NO
1,storm-core/src/jvm/backtype/storm/testing/FixedTupleSpout.java,162,472,94.4,142,6,1.2,3,466,93.2,142,5,0,3,NO
1,storm-core/src/jvm/backtype/storm/testing/IdentityBolt.java,25,75,25.0,25,0,0.0,0,75,25.0,25,3,0,2,NO
1,storm-core/src/jvm/backtype/storm/testing/KeyedCountingBatchBolt.java,44,132,44.0,44,0,0.0,0,132,44.0,44,3,0,2,NO
1,storm-core/src/jvm/backtype/storm/testing/KeyedCountingCommitterBolt.java,7,21,7.0,7,0,0.0,0,21,7.0,7,3,0,2,NO
1,storm-core/src/jvm/backtype/storm/testing/KeyedSummingBatchBolt.java,44,132,44.0,44,0,0.0,0,132,44.0,44,3,0,2,NO
1,storm-core/src/jvm/backtype/storm/testing/MemoryTransactionalSpout.java,164,492,164.0,164,0,0.0,0,492,164.0,164,3,0,2,NO
1,storm-core/src/jvm/backtype/storm/testing/MemoryTransactionalSpoutMeta.java,21,63,21.0,21,0,0.0,0,63,21.0,21,3,0,2,NO
1,storm-core/src/jvm/backtype/storm/testing/MkClusterParam.java,40,120,40.0,40,0,0.0,0,120,40.0,40,3,0,2,NO
1,storm-core/src/jvm/backtype/storm/testing/MkTupleParam.java,34,102,34.0,34,0,0.0,0,102,34.0,34,3,0,2,NO
1,storm-core/src/jvm/backtype/storm/testing/MockedSources.java,43,129,43.0,43,0,0.0,0,129,43.0,43,3,0,2,NO
1,storm-core/src/jvm/backtype/storm/testing/NGrouping.java,33,99,33.0,33,0,0.0,0,99,33.0,33,3,0,2,NO
1,storm-core/src/jvm/backtype/storm/testing/NonRichBoltTracker.java,34,102,34.0,34,0,0.0,0,102,34.0,34,3,0,2,NO
1,storm-core/src/jvm/backtype/storm/testing/OpaqueMemoryTransactionalSpout.java,169,507,169.0,169,0,0.0,0,507,169.0,169,3,0,2,NO
1,storm-core/src/jvm/backtype/storm/testing/PrepareBatchBolt.java,35,105,35.0,35,0,0.0,0,105,35.0,35,3,0,2,NO
1,storm-core/src/jvm/backtype/storm/testing/SpoutTracker.java,88,264,88.0,88,0,0.0,0,264,88.0,88,3,0,2,NO
1,storm-core/src/jvm/backtype/storm/testing/TestAggregatesCounter.java,46,138,46.0,46,0,0.0,0,138,46.0,46,3,0,2,NO
1,storm-core/src/jvm/backtype/storm/testing/TestConfBolt.java,45,135,45.0,45,0,0.0,0,135,45.0,45,3,0,2,NO
1,storm-core/src/jvm/backtype/storm/testing/TestGlobalCount.java,43,129,43.0,43,0,0.0,0,129,43.0,43,3,0,2,NO
1,storm-core/src/jvm/backtype/storm/testing/TestJob.java,24,72,24.0,24,0,0.0,0,72,24.0,24,3,0,2,NO
1,storm-core/src/jvm/backtype/storm/testing/TestKryoDecorator.java,14,42,14.0,14,0,0.0,0,42,14.0,14,3,0,2,NO
1,storm-core/src/jvm/backtype/storm/testing/TestPlannerBolt.java,28,84,28.0,28,0,0.0,0,84,28.0,28,3,0,2,NO
1,storm-core/src/jvm/backtype/storm/testing/TestPlannerSpout.java,68,204,68.0,68,0,0.0,0,204,68.0,68,3,0,2,NO
1,storm-core/src/jvm/backtype/storm/testing/TestSerObject.java,20,60,20.0,20,0,0.0,0,60,20.0,20,3,0,2,NO
1,storm-core/src/jvm/backtype/storm/testing/TestWordCounter.java,44,132,44.0,44,0,0.0,0,132,44.0,44,3,0,2,NO
1,storm-core/src/jvm/backtype/storm/testing/TestWordSpout.java,69,207,69.0,69,0,0.0,0,207,69.0,69,3,0,2,NO
1,storm-core/src/jvm/backtype/storm/testing/TrackedTopology.java,17,51,17.0,17,0,0.0,0,51,17.0,17,3,0,2,NO
1,storm-core/src/jvm/backtype/storm/testing/TupleCaptureBolt.java,66,198,66.0,66,0,0.0,0,198,66.0,66,3,0,2,NO
1,storm-core/src/jvm/backtype/storm/topology/BaseConfigurationDeclarer.java,37,111,37.0,37,0,0.0,0,111,37.0,37,3,0,2,NO
1,storm-core/src/jvm/backtype/storm/topology/BasicBoltExecutor.java,50,150,50.0,50,0,0.0,0,150,50.0,50,3,0,2,NO
1,storm-core/src/jvm/backtype/storm/topology/BasicOutputCollector.java,45,135,45.0,45,0,0.0,0,135,45.0,45,3,0,2,NO
1,storm-core/src/jvm/backtype/storm/topology/BoltDeclarer.java,5,15,5.0,5,0,0.0,0,15,5.0,5,3,0,2,NO
1,storm-core/src/jvm/backtype/storm/topology/ComponentConfigurationDeclarer.java,12,36,12.0,12,0,0.0,0,36,12.0,12,3,0,2,NO
1,storm-core/src/jvm/backtype/storm/topology/FailedException.java,19,57,19.0,19,0,0.0,0,57,19.0,19,3,0,2,NO
1,storm-core/src/jvm/backtype/storm/topology/IBasicBolt.java,16,48,16.0,16,0,0.0,0,48,16.0,16,3,0,2,NO
1,storm-core/src/jvm/backtype/storm/topology/IBasicOutputCollector.java,9,27,9.0,9,0,0.0,0,27,9.0,9,3,0,2,NO
1,storm-core/src/jvm/backtype/storm/topology/IComponent.java,27,81,27.0,27,0,0.0,0,81,27.0,27,3,0,2,NO
1,storm-core/src/jvm/backtype/storm/topology/IRichBolt.java,12,36,12.0,12,0,0.0,0,36,12.0,12,3,0,2,NO
1,storm-core/src/jvm/backtype/storm/topology/IRichSpout.java,12,36,12.0,12,0,0.0,0,36,12.0,12,3,0,2,NO
1,storm-core/src/jvm/backtype/storm/topology/IRichStateSpout.java,8,24,8.0,8,0,0.0,0,24,8.0,8,3,0,2,NO
1,storm-core/src/jvm/backtype/storm/topology/InputDeclarer.java,36,108,36.0,36,0,0.0,0,108,36.0,36,3,0,2,NO
1,storm-core/src/jvm/backtype/storm/topology/OutputFieldsDeclarer.java,15,45,15.0,15,0,0.0,0,45,15.0,15,3,0,2,NO
1,storm-core/src/jvm/backtype/storm/topology/OutputFieldsGetter.java,36,108,36.0,36,0,0.0,0,108,36.0,36,3,0,2,NO
1,storm-core/src/jvm/backtype/storm/topology/ReportedFailedException.java,19,57,19.0,19,0,0.0,0,57,19.0,19,3,0,2,NO
1,storm-core/src/jvm/backtype/storm/topology/SpoutDeclarer.java,5,15,5.0,5,0,0.0,0,15,5.0,5,3,0,2,NO
1,storm-core/src/jvm/backtype/storm/topology/TopologyBuilder.java,342,1026,342.0,342,0,0.0,0,1026,342.0,342,3,0,2,NO
1,storm-core/src/jvm/backtype/storm/topology/base/BaseBasicBolt.java,16,48,16.0,16,0,0.0,0,48,16.0,16,3,0,2,NO
1,storm-core/src/jvm/backtype/storm/topology/base/BaseBatchBolt.java,8,24,8.0,8,0,0.0,0,24,8.0,8,3,0,2,NO
1,storm-core/src/jvm/backtype/storm/topology/base/BaseComponent.java,11,33,11.0,11,0,0.0,0,33,11.0,11,3,0,2,NO
1,storm-core/src/jvm/backtype/storm/topology/base/BaseOpaquePartitionedTransactionalSpout.java,8,24,8.0,8,0,0.0,0,24,8.0,8,3,0,2,NO
1,storm-core/src/jvm/backtype/storm/topology/base/BasePartitionedTransactionalSpout.java,8,24,8.0,8,0,0.0,0,24,8.0,8,3,0,2,NO
1,storm-core/src/jvm/backtype/storm/topology/base/BaseRichBolt.java,9,27,9.0,9,0,0.0,0,27,9.0,9,3,0,2,NO
1,storm-core/src/jvm/backtype/storm/topology/base/BaseRichSpout.java,33,99,33.0,33,0,0.0,0,99,33.0,33,3,0,2,NO
1,storm-core/src/jvm/backtype/storm/topology/base/BaseTransactionalBolt.java,7,21,7.0,7,0,0.0,0,21,7.0,7,3,0,2,NO
1,storm-core/src/jvm/backtype/storm/topology/base/BaseTransactionalSpout.java,8,24,8.0,8,0,0.0,0,24,8.0,8,3,0,2,NO
1,storm-core/src/jvm/backtype/storm/transactional/ICommitter.java,9,27,9.0,9,0,0.0,0,27,9.0,9,3,0,2,NO
1,storm-core/src/jvm/backtype/storm/transactional/ICommitterTransactionalSpout.java,14,42,14.0,14,0,0.0,0,42,14.0,14,3,0,2,NO
1,storm-core/src/jvm/backtype/storm/transactional/ITransactionalSpout.java,77,231,77.0,77,0,0.0,0,231,77.0,77,3,0,2,NO
1,storm-core/src/jvm/backtype/storm/transactional/TransactionAttempt.java,44,132,44.0,44,0,0.0,0,132,44.0,44,3,0,2,NO
1,storm-core/src/jvm/backtype/storm/transactional/TransactionalSpoutBatchExecutor.java,79,237,79.0,79,0,0.0,0,237,79.0,79,3,0,2,NO
1,storm-core/src/jvm/backtype/storm/transactional/TransactionalSpoutCoordinator.java,200,600,200.0,200,0,0.0,0,600,200.0,200,3,0,2,NO
1,storm-core/src/jvm/backtype/storm/transactional/TransactionalTopologyBuilder.java,493,1479,493.0,493,0,0.0,0,1479,493.0,493,3,0,2,NO
1,storm-core/src/jvm/backtype/storm/transactional/partitioned/IOpaquePartitionedTransactionalSpout.java,39,117,39.0,39,0,0.0,0,117,39.0,39,3,0,2,NO
1,storm-core/src/jvm/backtype/storm/transactional/partitioned/IPartitionedTransactionalSpout.java,52,156,52.0,52,0,0.0,0,156,52.0,52,3,0,2,NO
1,storm-core/src/jvm/backtype/storm/transactional/partitioned/OpaquePartitionedTransactionalSpoutExecutor.java,142,426,142.0,142,0,0.0,0,426,142.0,142,3,0,2,NO
1,storm-core/src/jvm/backtype/storm/transactional/partitioned/PartitionedTransactionalSpoutExecutor.java,125,375,125.0,125,0,0.0,0,375,125.0,125,3,0,2,NO
1,storm-core/src/jvm/backtype/storm/transactional/state/RotatingTransactionalState.java,132,396,132.0,132,0,0.0,0,396,132.0,132,3,0,2,NO
1,storm-core/src/jvm/backtype/storm/transactional/state/TransactionalState.java,122,366,122.0,122,0,0.0,0,366,122.0,122,3,0,2,NO
1,storm-core/src/jvm/backtype/storm/tuple/Fields.java,83,249,83.0,83,0,0.0,0,249,83.0,83,3,0,2,NO
1,storm-core/src/jvm/backtype/storm/tuple/MessageId.java,81,243,81.0,81,0,0.0,0,243,81.0,81,3,0,2,NO
1,storm-core/src/jvm/backtype/storm/tuple/Tuple.java,154,462,154.0,154,0,0.0,0,462,154.0,154,3,0,2,NO
1,storm-core/src/jvm/backtype/storm/tuple/TupleImpl.java,334,1002,334.0,334,0,0.0,0,1002,334.0,334,3,0,2,NO
1,storm-core/src/jvm/backtype/storm/tuple/Values.java,20,60,20.0,20,0,0.0,0,60,20.0,20,3,0,2,NO
1,storm-core/src/jvm/backtype/storm/utils/BufferFileInputStream.java,37,111,37.0,37,0,0.0,0,111,37.0,37,3,0,2,NO
1,storm-core/src/jvm/backtype/storm/utils/CRC32OutputStream.java,27,81,27.0,27,0,0.0,0,81,27.0,27,3,0,2,NO
1,storm-core/src/jvm/backtype/storm/utils/ClojureTimerTask.java,18,54,18.0,18,0,0.0,0,54,18.0,18,3,0,2,NO
1,storm-core/src/jvm/backtype/storm/utils/Container.java,7,21,7.0,7,0,0.0,0,21,7.0,7,3,0,2,NO
1,storm-core/src/jvm/backtype/storm/utils/DRPCClient.java,67,201,67.0,67,0,0.0,0,201,67.0,67,3,0,2,NO
1,storm-core/src/jvm/backtype/storm/utils/DisruptorQueue.java,165,475,95.0,143,2,0.4,1,473,94.6,143,5,0,3,NO
1,storm-core/src/jvm/backtype/storm/utils/IndifferentAccessMap.java,160,480,160.0,160,0,0.0,0,480,160.0,160,3,0,2,NO
1,storm-core/src/jvm/backtype/storm/utils/InprocMessaging.java,42,126,42.0,42,0,0.0,0,126,42.0,42,3,0,2,NO
1,storm-core/src/jvm/backtype/storm/utils/KeyedRoundRobinQueue.java,51,153,51.0,51,0,0.0,0,153,51.0,51,3,0,2,NO
1,storm-core/src/jvm/backtype/storm/utils/ListDelegate.java,139,417,139.0,139,0,0.0,0,417,139.0,139,3,0,2,NO
1,storm-core/src/jvm/backtype/storm/utils/LocalState.java,73,219,73.0,73,0,0.0,0,219,73.0,73,3,0,2,NO
1,storm-core/src/jvm/backtype/storm/utils/MutableInt.java,26,78,26.0,26,0,0.0,0,78,26.0,26,3,0,2,NO
1,storm-core/src/jvm/backtype/storm/utils/MutableLong.java,26,78,26.0,26,0,0.0,0,78,26.0,26,3,0,2,NO
1,storm-core/src/jvm/backtype/storm/utils/MutableObject.java,21,63,21.0,21,0,0.0,0,63,21.0,21,3,0,2,NO
1,storm-core/src/jvm/backtype/storm/utils/NimbusClient.java,37,111,37.0,37,0,0.0,0,111,37.0,37,3,0,2,NO
1,storm-core/src/jvm/backtype/storm/utils/RegisteredGlobalState.java,47,141,47.0,47,0,0.0,0,141,47.0,47,3,0,2,NO
1,storm-core/src/jvm/backtype/storm/utils/RotatingMap.java,107,321,107.0,107,0,0.0,0,321,107.0,107,3,0,2,NO
1,storm-core/src/jvm/backtype/storm/utils/ServiceRegistry.java,30,90,30.0,30,0,0.0,0,90,30.0,30,3,0,2,NO
1,storm-core/src/jvm/backtype/storm/utils/ShellProcess.java,132,634,90.57142857142857,132,86,12.285714285714286,35,556,79.42857142857143,132,7,0,3,NO
1,storm-core/src/jvm/backtype/storm/utils/ThriftTopologyUtils.java,41,123,41.0,41,0,0.0,0,123,41.0,41,3,0,2,NO
1,storm-core/src/jvm/backtype/storm/utils/Time.java,86,258,86.0,86,0,0.0,0,258,86.0,86,3,0,2,NO
1,storm-core/src/jvm/backtype/storm/utils/TimeCacheMap.java,144,432,144.0,144,0,0.0,0,432,144.0,144,3,0,2,NO
1,storm-core/src/jvm/backtype/storm/utils/Utils.java,398,1197,149.625,386,4,0.5,2,1193,149.125,386,8,0,3,YES
1,storm-core/src/jvm/backtype/storm/utils/VersionedStore.java,169,507,169.0,169,0,0.0,0,507,169.0,169,3,0,2,NO
1,storm-core/src/jvm/backtype/storm/utils/WindowedTimeThrottler.java,34,102,34.0,34,0,0.0,0,102,34.0,34,3,0,2,NO
1,storm-core/src/jvm/backtype/storm/utils/WritableUtils.java,358,1074,358.0,358,0,0.0,0,1074,358.0,358,3,0,2,NO
1,storm-core/src/jvm/backtype/storm/utils/ZookeeperAuthInfo.java,31,93,31.0,31,0,0.0,0,93,31.0,31,3,0,2,NO
1,storm-core/src/jvm/storm/trident/JoinType.java,13,39,13.0,13,0,0.0,0,39,13.0,13,3,0,2,NO
1,storm-core/src/jvm/storm/trident/Stream.java,357,1071,357.0,357,0,0.0,0,1071,357.0,357,3,0,2,NO
1,storm-core/src/jvm/storm/trident/TridentState.java,23,69,23.0,23,0,0.0,0,69,23.0,23,3,0,2,NO
1,storm-core/src/jvm/storm/trident/TridentTopology.java,796,2388,796.0,796,0,0.0,0,2388,796.0,796,3,0,2,NO
1,storm-core/src/jvm/storm/trident/drpc/ReturnResultsReducer.java,95,285,95.0,95,0,0.0,0,285,95.0,95,3,0,2,NO
1,storm-core/src/jvm/storm/trident/fluent/ChainedAggregatorDeclarer.java,166,498,166.0,166,0,0.0,0,498,166.0,166,3,0,2,NO
1,storm-core/src/jvm/storm/trident/fluent/ChainedFullAggregatorDeclarer.java,15,45,15.0,15,0,0.0,0,45,15.0,15,3,0,2,NO
1,storm-core/src/jvm/storm/trident/fluent/ChainedPartitionAggregatorDeclarer.java,15,45,15.0,15,0,0.0,0,45,15.0,15,3,0,2,NO
1,storm-core/src/jvm/storm/trident/fluent/GlobalAggregationScheme.java,9,27,9.0,9,0,0.0,0,27,9.0,9,3,0,2,NO
1,storm-core/src/jvm/storm/trident/fluent/GroupedStream.java,157,471,157.0,157,0,0.0,0,471,157.0,157,3,0,2,NO
1,storm-core/src/jvm/storm/trident/fluent/IAggregatableStream.java,14,42,14.0,14,0,0.0,0,42,14.0,14,3,0,2,NO
1,storm-core/src/jvm/storm/trident/fluent/IChainedAggregatorDeclarer.java,7,21,7.0,7,0,0.0,0,21,7.0,7,3,0,2,NO
1,storm-core/src/jvm/storm/trident/fluent/UniqueIdGen.java,17,51,17.0,17,0,0.0,0,51,17.0,17,3,0,2,NO
1,storm-core/src/jvm/storm/trident/graph/GraphGrouper.java,106,318,106.0,106,0,0.0,0,318,106.0,106,3,0,2,NO
1,storm-core/src/jvm/storm/trident/graph/Group.java,70,210,70.0,70,0,0.0,0,210,70.0,70,3,0,2,NO
1,storm-core/src/jvm/storm/trident/operation/Aggregator.java,9,27,9.0,9,0,0.0,0,27,9.0,9,3,0,2,NO
1,storm-core/src/jvm/storm/trident/operation/Assembly.java,8,24,8.0,8,0,0.0,0,24,8.0,8,3,0,2,NO
1,storm-core/src/jvm/storm/trident/operation/BaseAggregator.java,6,18,6.0,6,0,0.0,0,18,6.0,6,3,0,2,NO
1,storm-core/src/jvm/storm/trident/operation/BaseFilter.java,6,18,6.0,6,0,0.0,0,18,6.0,6,3,0,2,NO
1,storm-core/src/jvm/storm/trident/operation/BaseFunction.java,6,18,6.0,6,0,0.0,0,18,6.0,6,3,0,2,NO
1,storm-core/src/jvm/storm/trident/operation/BaseMultiReducer.java,16,48,16.0,16,0,0.0,0,48,16.0,16,3,0,2,NO
1,storm-core/src/jvm/storm/trident/operation/BaseOperation.java,15,45,15.0,15,0,0.0,0,45,15.0,15,3,0,2,NO
1,storm-core/src/jvm/storm/trident/operation/CombinerAggregator.java,12,36,12.0,12,0,0.0,0,36,12.0,12,3,0,2,NO
1,storm-core/src/jvm/storm/trident/operation/EachOperation.java,5,15,5.0,5,0,0.0,0,15,5.0,5,3,0,2,NO
1,storm-core/src/jvm/storm/trident/operation/Filter.java,8,24,8.0,8,0,0.0,0,24,8.0,8,3,0,2,NO
1,storm-core/src/jvm/storm/trident/operation/Function.java,7,21,7.0,7,0,0.0,0,21,7.0,7,3,0,2,NO
1,storm-core/src/jvm/storm/trident/operation/GroupedMultiReducer.java,14,42,14.0,14,0,0.0,0,42,14.0,14,3,0,2,NO
1,storm-core/src/jvm/storm/trident/operation/MultiReducer.java,14,42,14.0,14,0,0.0,0,42,14.0,14,3,0,2,NO
1,storm-core/src/jvm/storm/trident/operation/Operation.java,9,27,9.0,9,0,0.0,0,27,9.0,9,3,0,2,NO
1,storm-core/src/jvm/storm/trident/operation/ReducerAggregator.java,9,27,9.0,9,0,0.0,0,27,9.0,9,3,0,2,NO
1,storm-core/src/jvm/storm/trident/operation/TridentCollector.java,9,27,9.0,9,0,0.0,0,27,9.0,9,3,0,2,NO
1,storm-core/src/jvm/storm/trident/operation/TridentMultiReducerContext.java,19,57,19.0,19,0,0.0,0,57,19.0,19,3,0,2,NO
1,storm-core/src/jvm/storm/trident/operation/TridentOperationContext.java,48,144,48.0,48,0,0.0,0,144,48.0,48,3,0,2,NO
1,storm-core/src/jvm/storm/trident/operation/builtin/Count.java,24,72,24.0,24,0,0.0,0,72,24.0,24,3,0,2,NO
1,storm-core/src/jvm/storm/trident/operation/builtin/Debug.java,22,66,22.0,22,0,0.0,0,66,22.0,22,3,0,2,NO
1,storm-core/src/jvm/storm/trident/operation/builtin/Equals.java,21,63,21.0,21,0,0.0,0,63,21.0,21,3,0,2,NO
1,storm-core/src/jvm/storm/trident/operation/builtin/FilterNull.java,14,42,14.0,14,0,0.0,0,42,14.0,14,3,0,2,NO
1,storm-core/src/jvm/storm/trident/operation/builtin/FirstN.java,108,324,108.0,108,0,0.0,0,324,108.0,108,3,0,2,NO
1,storm-core/src/jvm/storm/trident/operation/builtin/MapGet.java,21,63,21.0,21,0,0.0,0,63,21.0,21,3,0,2,NO
1,storm-core/src/jvm/storm/trident/operation/builtin/Negate.java,31,93,31.0,31,0,0.0,0,93,31.0,31,3,0,2,NO
1,storm-core/src/jvm/storm/trident/operation/builtin/SnapshotGet.java,27,81,27.0,27,0,0.0,0,81,27.0,27,3,0,2,NO
1,storm-core/src/jvm/storm/trident/operation/builtin/Sum.java,25,75,25.0,25,0,0.0,0,75,25.0,25,3,0,2,NO
1,storm-core/src/jvm/storm/trident/operation/builtin/TupleCollectionGet.java,29,87,29.0,29,0,0.0,0,87,29.0,29,3,0,2,NO
1,storm-core/src/jvm/storm/trident/operation/impl/CaptureCollector.java,25,75,25.0,25,0,0.0,0,75,25.0,25,3,0,2,NO
1,storm-core/src/jvm/storm/trident/operation/impl/ChainedAggregatorImpl.java,96,288,96.0,96,0,0.0,0,288,96.0,96,3,0,2,NO
1,storm-core/src/jvm/storm/trident/operation/impl/ChainedResult.java,36,108,36.0,36,0,0.0,0,108,36.0,36,3,0,2,NO
1,storm-core/src/jvm/storm/trident/operation/impl/CombinerAggStateUpdater.java,39,117,39.0,39,0,0.0,0,117,39.0,39,3,0,2,NO
1,storm-core/src/jvm/storm/trident/operation/impl/CombinerAggregatorCombineImpl.java,44,132,44.0,44,0,0.0,0,132,44.0,44,3,0,2,NO
1,storm-core/src/jvm/storm/trident/operation/impl/CombinerAggregatorInitImpl.java,32,96,32.0,32,0,0.0,0,96,32.0,32,3,0,2,NO
1,storm-core/src/jvm/storm/trident/operation/impl/FilterExecutor.java,36,108,36.0,36,0,0.0,0,108,36.0,36,3,0,2,NO
1,storm-core/src/jvm/storm/trident/operation/impl/GlobalBatchToPartition.java,12,36,12.0,12,0,0.0,0,36,12.0,12,3,0,2,NO
1,storm-core/src/jvm/storm/trident/operation/impl/GroupCollector.java,31,93,31.0,31,0,0.0,0,93,31.0,31,3,0,2,NO
1,storm-core/src/jvm/storm/trident/operation/impl/GroupedAggregator.java,79,237,79.0,79,0,0.0,0,237,79.0,79,3,0,2,NO
1,storm-core/src/jvm/storm/trident/operation/impl/GroupedMultiReducerExecutor.java,78,234,78.0,78,0,0.0,0,234,78.0,78,3,0,2,NO
1,storm-core/src/jvm/storm/trident/operation/impl/IdentityMultiReducer.java,34,102,34.0,34,0,0.0,0,102,34.0,34,3,0,2,NO
1,storm-core/src/jvm/storm/trident/operation/impl/IndexHashBatchToPartition.java,12,36,12.0,12,0,0.0,0,36,12.0,12,3,0,2,NO
1,storm-core/src/jvm/storm/trident/operation/impl/JoinerMultiReducer.java,142,426,142.0,142,0,0.0,0,426,142.0,142,3,0,2,NO
1,storm-core/src/jvm/storm/trident/operation/impl/ReducerAggStateUpdater.java,36,108,36.0,36,0,0.0,0,108,36.0,36,3,0,2,NO
1,storm-core/src/jvm/storm/trident/operation/impl/ReducerAggregatorImpl.java,39,117,39.0,39,0,0.0,0,117,39.0,39,3,0,2,NO
1,storm-core/src/jvm/storm/trident/operation/impl/Result.java,10,30,10.0,10,0,0.0,0,30,10.0,10,3,0,2,NO
1,storm-core/src/jvm/storm/trident/operation/impl/SingleEmitAggregator.java,78,234,78.0,78,0,0.0,0,234,78.0,78,3,0,2,NO
1,storm-core/src/jvm/storm/trident/operation/impl/TrueFilter.java,23,69,23.0,23,0,0.0,0,69,23.0,23,3,0,2,NO
1,storm-core/src/jvm/storm/trident/partition/GlobalGrouping.java,28,84,28.0,28,0,0.0,0,84,28.0,28,3,0,2,NO
1,storm-core/src/jvm/storm/trident/partition/IdentityGrouping.java,44,132,44.0,44,0,0.0,0,132,44.0,44,3,0,2,NO
1,storm-core/src/jvm/storm/trident/partition/IndexHashGrouping.java,36,108,36.0,36,0,0.0,0,108,36.0,36,3,0,2,NO
1,storm-core/src/jvm/storm/trident/planner/BridgeReceiver.java,21,63,21.0,21,0,0.0,0,63,21.0,21,3,0,2,NO
1,storm-core/src/jvm/storm/trident/planner/Node.java,47,141,47.0,47,0,0.0,0,141,47.0,47,3,0,2,NO
1,storm-core/src/jvm/storm/trident/planner/NodeStateInfo.java,14,42,14.0,14,0,0.0,0,42,14.0,14,3,0,2,NO
1,storm-core/src/jvm/storm/trident/planner/PartitionNode.java,35,105,35.0,35,0,0.0,0,105,35.0,35,3,0,2,NO
1,storm-core/src/jvm/storm/trident/planner/ProcessorContext.java,12,36,12.0,12,0,0.0,0,36,12.0,12,3,0,2,NO
1,storm-core/src/jvm/storm/trident/planner/ProcessorNode.java,16,48,16.0,16,0,0.0,0,48,16.0,16,3,0,2,NO
1,storm-core/src/jvm/storm/trident/planner/SpoutNode.java,22,66,22.0,22,0,0.0,0,66,22.0,22,3,0,2,NO
1,storm-core/src/jvm/storm/trident/planner/SubtopologyBolt.java,201,603,201.0,201,0,0.0,0,603,201.0,201,3,0,2,NO
1,storm-core/src/jvm/storm/trident/planner/TridentProcessor.java,23,69,23.0,23,0,0.0,0,69,23.0,23,3,0,2,NO
1,storm-core/src/jvm/storm/trident/planner/TupleReceiver.java,10,30,10.0,10,0,0.0,0,30,10.0,10,3,0,2,NO
1,storm-core/src/jvm/storm/trident/planner/processor/AggregateProcessor.java,67,201,67.0,67,0,0.0,0,201,67.0,67,3,0,2,NO
1,storm-core/src/jvm/storm/trident/planner/processor/AppendCollector.java,45,135,45.0,45,0,0.0,0,135,45.0,45,3,0,2,NO
1,storm-core/src/jvm/storm/trident/planner/processor/EachProcessor.java,63,189,63.0,63,0,0.0,0,189,63.0,63,3,0,2,NO
1,storm-core/src/jvm/storm/trident/planner/processor/FreshCollector.java,42,126,42.0,42,0,0.0,0,126,42.0,42,3,0,2,NO
1,storm-core/src/jvm/storm/trident/planner/processor/MultiReducerProcessor.java,76,228,76.0,76,0,0.0,0,228,76.0,76,3,0,2,NO
1,storm-core/src/jvm/storm/trident/planner/processor/PartitionPersistProcessor.java,90,270,90.0,90,0,0.0,0,270,90.0,90,3,0,2,NO
1,storm-core/src/jvm/storm/trident/planner/processor/ProjectedProcessor.java,56,168,56.0,56,0,0.0,0,168,56.0,56,3,0,2,NO
1,storm-core/src/jvm/storm/trident/planner/processor/StateQueryProcessor.java,89,267,89.0,89,0,0.0,0,267,89.0,89,3,0,2,NO
1,storm-core/src/jvm/storm/trident/planner/processor/TridentContext.java,59,177,59.0,59,0,0.0,0,177,59.0,59,3,0,2,NO
1,storm-core/src/jvm/storm/trident/spout/BatchSpoutExecutor.java,75,225,75.0,75,0,0.0,0,225,75.0,75,3,0,2,NO
1,storm-core/src/jvm/storm/trident/spout/IBatchID.java,7,21,7.0,7,0,0.0,0,21,7.0,7,3,0,2,NO
1,storm-core/src/jvm/storm/trident/spout/IBatchSpout.java,16,48,16.0,16,0,0.0,0,48,16.0,16,3,0,2,NO
1,storm-core/src/jvm/storm/trident/spout/ICommitterTridentSpout.java,14,42,14.0,14,0,0.0,0,42,14.0,14,3,0,2,NO
1,storm-core/src/jvm/storm/trident/spout/IOpaquePartitionedTridentSpout.java,45,135,45.0,45,0,0.0,0,135,45.0,45,3,0,2,NO
1,storm-core/src/jvm/storm/trident/spout/IPartitionedTridentSpout.java,60,180,60.0,60,0,0.0,0,180,60.0,60,3,0,2,NO
1,storm-core/src/jvm/storm/trident/spout/ISpoutPartition.java,8,24,8.0,8,0,0.0,0,24,8.0,8,3,0,2,NO
1,storm-core/src/jvm/storm/trident/spout/ITridentSpout.java,77,231,77.0,77,0,0.0,0,231,77.0,77,3,0,2,NO
1,storm-core/src/jvm/storm/trident/spout/OpaquePartitionedTridentSpoutExecutor.java,184,552,184.0,184,0,0.0,0,552,184.0,184,3,0,2,NO
1,storm-core/src/jvm/storm/trident/spout/PartitionedTridentSpoutExecutor.java,154,462,154.0,154,0,0.0,0,462,154.0,154,3,0,2,NO
1,storm-core/src/jvm/storm/trident/spout/RichSpoutBatchExecutor.java,181,543,181.0,181,0,0.0,0,543,181.0,181,3,0,2,NO
1,storm-core/src/jvm/storm/trident/spout/RichSpoutBatchId.java,32,96,32.0,32,0,0.0,0,96,32.0,32,3,0,2,NO
1,storm-core/src/jvm/storm/trident/spout/RichSpoutBatchIdSerializer.java,21,63,21.0,21,0,0.0,0,63,21.0,21,3,0,2,NO
1,storm-core/src/jvm/storm/trident/spout/RichSpoutBatchTriggerer.java,160,480,160.0,160,0,0.0,0,480,160.0,160,3,0,2,NO
1,storm-core/src/jvm/storm/trident/spout/TridentSpoutCoordinator.java,77,231,77.0,77,0,0.0,0,231,77.0,77,3,0,2,NO
1,storm-core/src/jvm/storm/trident/spout/TridentSpoutExecutor.java,121,363,121.0,121,0,0.0,0,363,121.0,121,3,0,2,NO
1,storm-core/src/jvm/storm/trident/state/BaseQueryFunction.java,8,24,8.0,8,0,0.0,0,24,8.0,8,3,0,2,NO
1,storm-core/src/jvm/storm/trident/state/BaseStateUpdater.java,8,24,8.0,8,0,0.0,0,24,8.0,8,3,0,2,NO
1,storm-core/src/jvm/storm/trident/state/CombinerValueUpdater.java,19,57,19.0,19,0,0.0,0,57,19.0,19,3,0,2,NO
1,storm-core/src/jvm/storm/trident/state/ITupleCollection.java,9,27,9.0,9,0,0.0,0,27,9.0,9,3,0,2,NO
1,storm-core/src/jvm/storm/trident/state/JSONNonTransactionalSerializer.java,27,81,27.0,27,0,0.0,0,81,27.0,27,3,0,2,NO
1,storm-core/src/jvm/storm/trident/state/JSONOpaqueSerializer.java,35,105,35.0,35,0,0.0,0,105,35.0,35,3,0,2,NO
1,storm-core/src/jvm/storm/trident/state/JSONTransactionalSerializer.java,33,99,33.0,33,0,0.0,0,99,33.0,33,3,0,2,NO
1,storm-core/src/jvm/storm/trident/state/OpaqueValue.java,58,178,35.6,54,8,1.6,4,170,34.0,54,5,0,3,NO
1,storm-core/src/jvm/storm/trident/state/QueryFunction.java,11,33,11.0,11,0,0.0,0,33,11.0,11,3,0,2,NO
1,storm-core/src/jvm/storm/trident/state/ReadOnlyState.java,14,42,14.0,14,0,0.0,0,42,14.0,14,3,0,2,NO
1,storm-core/src/jvm/storm/trident/state/ReducerValueUpdater.java,24,72,24.0,24,0,0.0,0,72,24.0,24,3,0,2,NO
1,storm-core/src/jvm/storm/trident/state/Serializer.java,9,27,9.0,9,0,0.0,0,27,9.0,9,3,0,2,NO
1,storm-core/src/jvm/storm/trident/state/State.java,22,66,22.0,22,0,0.0,0,66,22.0,22,3,0,2,NO
1,storm-core/src/jvm/storm/trident/state/StateFactory.java,9,27,9.0,9,0,0.0,0,27,9.0,9,3,0,2,NO
1,storm-core/src/jvm/storm/trident/state/StateSpec.java,13,39,13.0,13,0,0.0,0,39,13.0,13,3,0,2,NO
1,storm-core/src/jvm/storm/trident/state/StateType.java,8,24,8.0,8,0,0.0,0,24,8.0,8,3,0,2,NO
1,storm-core/src/jvm/storm/trident/state/StateUpdater.java,16,48,16.0,16,0,0.0,0,48,16.0,16,3,0,2,NO
1,storm-core/src/jvm/storm/trident/state/TransactionalValue.java,27,81,27.0,27,0,0.0,0,81,27.0,27,3,0,2,NO
1,storm-core/src/jvm/storm/trident/state/ValueUpdater.java,6,18,6.0,6,0,0.0,0,18,6.0,6,3,0,2,NO
1,storm-core/src/jvm/storm/trident/state/map/CachedBatchReadsMap.java,63,189,63.0,63,0,0.0,0,189,63.0,63,3,0,2,NO
1,storm-core/src/jvm/storm/trident/state/map/CachedMap.java,62,186,62.0,62,0,0.0,0,186,62.0,62,3,0,2,NO
1,storm-core/src/jvm/storm/trident/state/map/IBackingMap.java,9,27,9.0,9,0,0.0,0,27,9.0,9,3,0,2,NO
1,storm-core/src/jvm/storm/trident/state/map/MapCombinerAggStateUpdater.java,66,198,66.0,66,0,0.0,0,198,66.0,66,3,0,2,NO
1,storm-core/src/jvm/storm/trident/state/map/MapReducerAggStateUpdater.java,75,225,75.0,75,0,0.0,0,225,75.0,75,3,0,2,NO
1,storm-core/src/jvm/storm/trident/state/map/MapState.java,9,27,9.0,9,0,0.0,0,27,9.0,9,3,0,2,NO
1,storm-core/src/jvm/storm/trident/state/map/MicroBatchIBackingMap.java,68,204,68.0,68,0,0.0,0,204,68.0,68,3,0,2,NO
1,storm-core/src/jvm/storm/trident/state/map/NonTransactionalMap.java,50,150,50.0,50,0,0.0,0,150,50.0,50,3,0,2,NO
1,storm-core/src/jvm/storm/trident/state/map/OpaqueMap.java,103,309,103.0,103,0,0.0,0,309,103.0,103,3,0,2,NO
1,storm-core/src/jvm/storm/trident/state/map/ReadOnlyMapState.java,9,27,9.0,9,0,0.0,0,27,9.0,9,3,0,2,NO
1,storm-core/src/jvm/storm/trident/state/map/SnapshottableMap.java,59,177,59.0,59,0,0.0,0,177,59.0,59,3,0,2,NO
1,storm-core/src/jvm/storm/trident/state/map/TransactionalMap.java,92,276,92.0,92,0,0.0,0,276,92.0,92,3,0,2,NO
1,storm-core/src/jvm/storm/trident/state/snapshot/ReadOnlySnapshottable.java,7,21,7.0,7,0,0.0,0,21,7.0,7,3,0,2,NO
1,storm-core/src/jvm/storm/trident/state/snapshot/Snapshottable.java,10,30,10.0,10,0,0.0,0,30,10.0,10,3,0,2,NO
1,storm-core/src/jvm/storm/trident/testing/CountAsAggregator.java,30,90,30.0,30,0,0.0,0,90,30.0,30,3,0,2,NO
1,storm-core/src/jvm/storm/trident/testing/FeederBatchSpout.java,168,504,168.0,168,0,0.0,0,504,168.0,168,3,0,2,NO
1,storm-core/src/jvm/storm/trident/testing/FeederCommitterBatchSpout.java,79,237,79.0,79,0,0.0,0,237,79.0,79,3,0,2,NO
1,storm-core/src/jvm/storm/trident/testing/FixedBatchSpout.java,80,242,48.4,68,14,2.8,7,228,45.6,68,5,0,3,NO
1,storm-core/src/jvm/storm/trident/testing/IFeeder.java,6,18,6.0,6,0,0.0,0,18,6.0,6,3,0,2,NO
1,storm-core/src/jvm/storm/trident/testing/LRUMemoryMapState.java,137,414,69.0,137,3,0.5,1,411,68.5,137,6,0,2,NO
1,storm-core/src/jvm/storm/trident/testing/MemoryBackingMap.java,30,90,30.0,30,0,0.0,0,90,30.0,30,3,0,2,NO
1,storm-core/src/jvm/storm/trident/testing/MemoryMapState.java,134,405,67.5,134,3,0.5,1,402,67.0,134,6,0,2,NO
1,storm-core/src/jvm/storm/trident/testing/MockTridentTuple.java,149,447,149.0,149,0,0.0,0,447,149.0,149,3,0,2,NO
1,storm-core/src/jvm/storm/trident/testing/Split.java,19,57,19.0,19,0,0.0,0,57,19.0,19,3,0,2,NO
1,storm-core/src/jvm/storm/trident/testing/StringLength.java,15,45,15.0,15,0,0.0,0,45,15.0,15,3,0,2,NO
1,storm-core/src/jvm/storm/trident/testing/TrueFilter.java,13,39,13.0,13,0,0.0,0,39,13.0,13,3,0,2,NO
1,storm-core/src/jvm/storm/trident/testing/TuplifyArgs.java,20,60,20.0,20,0,0.0,0,60,20.0,20,3,0,2,NO
1,storm-core/src/jvm/storm/trident/topology/BatchInfo.java,16,48,16.0,16,0,0.0,0,48,16.0,16,3,0,2,NO
1,storm-core/src/jvm/storm/trident/topology/ITridentBatchBolt.java,15,45,15.0,15,0,0.0,0,45,15.0,15,3,0,2,NO
1,storm-core/src/jvm/storm/trident/topology/MasterBatchCoordinator.java,268,804,268.0,268,0,0.0,0,804,268.0,268,3,0,2,NO
1,storm-core/src/jvm/storm/trident/topology/TransactionAttempt.java,49,147,49.0,49,0,0.0,0,147,49.0,49,3,0,2,NO
1,storm-core/src/jvm/storm/trident/topology/TridentBoltExecutor.java,408,1224,408.0,408,0,0.0,0,1224,408.0,408,3,0,2,NO
1,storm-core/src/jvm/storm/trident/topology/TridentTopologyBuilder.java,705,2115,705.0,705,0,0.0,0,2115,705.0,705,3,0,2,NO
1,storm-core/src/jvm/storm/trident/topology/state/RotatingTransactionalState.java,130,393,65.5,119,3,0.5,1,390,65.0,119,6,0,2,NO
1,storm-core/src/jvm/storm/trident/topology/state/TransactionalState.java,118,354,118.0,118,0,0.0,0,354,118.0,118,3,0,2,NO
1,storm-core/src/jvm/storm/trident/tuple/ComboList.java,75,225,75.0,75,0,0.0,0,225,75.0,75,3,0,2,NO
1,storm-core/src/jvm/storm/trident/tuple/ConsList.java,27,81,27.0,27,0,0.0,0,81,27.0,27,3,0,2,NO
1,storm-core/src/jvm/storm/trident/tuple/TridentTuple.java,55,165,55.0,55,0,0.0,0,165,55.0,55,3,0,2,NO
1,storm-core/src/jvm/storm/trident/tuple/TridentTupleView.java,311,933,311.0,311,0,0.0,0,933,311.0,311,3,0,2,NO
1,storm-core/src/jvm/storm/trident/tuple/ValuePointer.java,44,132,44.0,44,0,0.0,0,132,44.0,44,3,0,2,NO
1,storm-core/src/jvm/storm/trident/util/ErrorEdgeFactory.java,11,33,11.0,11,0,0.0,0,33,11.0,11,3,0,2,NO
1,storm-core/src/jvm/storm/trident/util/IndexedEdge.java,33,99,33.0,33,0,0.0,0,99,33.0,33,3,0,2,NO
1,storm-core/src/jvm/storm/trident/util/LRUMap.java,18,54,18.0,18,0,0.0,0,54,18.0,18,3,0,2,NO
1,storm-core/src/jvm/storm/trident/util/TridentUtils.java,115,345,115.0,115,0,0.0,0,345,115.0,115,3,0,2,NO
1,storm-netty/src/jvm/backtype/storm/messaging/netty/Client.java,201,794,34.52173913043478,199,177,7.695652173913044,31,659,28.652173913043477,199,23,0,6,NO
1,storm-netty/src/jvm/backtype/storm/messaging/netty/Context.java,50,168,18.666666666666668,53,18,2.0,11,172,19.11111111111111,53,9,0,2,NO
1,storm-netty/src/jvm/backtype/storm/messaging/netty/ControlMessage.java,51,249,27.666666666666668,72,96,10.666666666666666,60,257,28.555555555555557,51,9,0,2,NO
1,storm-netty/src/jvm/backtype/storm/messaging/netty/MessageBatch.java,153,462,115.5,153,3,0.75,3,459,114.75,153,4,0,2,NO
1,storm-netty/src/jvm/backtype/storm/messaging/netty/MessageDecoder.java,68,215,30.714285714285715,75,11,1.5714285714285714,6,218,31.142857142857142,75,7,0,2,NO
1,storm-netty/src/jvm/backtype/storm/messaging/netty/MessageEncoder.java,22,159,19.875,94,93,11.625,44,218,27.25,94,8,0,2,NO
1,storm-netty/src/jvm/backtype/storm/messaging/netty/Server.java,120,371,41.22222222222222,114,11,1.2222222222222223,4,360,40.0,114,9,0,5,NO
1,storm-netty/src/jvm/backtype/storm/messaging/netty/StormClientHandler.java,111,419,38.09090909090909,111,86,7.818181818181818,51,343,31.181818181818183,111,11,0,2,NO
1,storm-netty/src/jvm/backtype/storm/messaging/netty/StormClientPipelineFactory.java,27,92,15.333333333333334,33,11,1.8333333333333333,7,93,15.5,33,6,0,2,NO
1,storm-netty/src/jvm/backtype/storm/messaging/netty/StormServerHandler.java,59,201,25.125,59,24,3.0,10,177,22.125,59,8,0,2,NO
1,storm-netty/src/jvm/backtype/storm/messaging/netty/StormServerPipelineFactory.java,28,95,15.833333333333334,35,11,1.8333333333333333,8,98,16.333333333333332,35,6,0,2,NO
2,src/main/java/org/apache/storm/hdfs/bolt/AbstractHdfsBolt.java,100,114,38.0,84,14,4.666666666666667,12,116,38.666666666666664,84,3,0,1,NO
2,src/main/java/org/apache/storm/hdfs/bolt/HdfsBolt.java,122,30,7.5,14,57,14.25,35,39,9.75,26,4,0,1,NO
2,src/main/java/org/apache/storm/hdfs/bolt/SequenceFileBolt.java,146,200,50.0,177,54,13.5,42,218,54.5,177,4,0,1,NO
2,src/main/java/org/apache/storm/hdfs/bolt/format/DefaultFileNameFormat.java,76,0,0.0,0,1,1.0,1,1,1.0,1,1,0,1,NO
2,src/main/java/org/apache/storm/hdfs/bolt/format/DefaultSequenceFormat.java,52,54,27.0,49,2,1.0,2,52,26.0,49,2,0,1,NO
2,src/main/java/org/apache/storm/hdfs/bolt/format/DelimitedRecordFormat.java,88,0,0.0,0,0,0.0,0,0,0.0,0,0,0,0,NO
2,src/main/java/org/apache/storm/hdfs/bolt/format/FileNameFormat.java,40,0,0.0,0,0,0.0,0,0,0.0,0,0,0,0,NO
2,src/main/java/org/apache/storm/hdfs/bolt/format/RecordFormat.java,32,0,0.0,0,0,0.0,0,0,0.0,0,0,0,0,NO
2,src/main/java/org/apache/storm/hdfs/bolt/format/SequenceFormat.java,40,40,20.0,26,0,0.0,0,40,20.0,26,2,0,1,NO
2,src/main/java/org/apache/storm/hdfs/bolt/rotation/FileRotationPolicy.java,51,2,2.0,2,2,2.0,2,0,0.0,0,1,0,1,NO
2,src/main/java/org/apache/storm/hdfs/bolt/rotation/FileSizeRotationPolicy.java,81,13,13.0,13,5,5.0,5,8,8.0,8,1,0,1,NO
2,src/main/java/org/apache/storm/hdfs/bolt/rotation/NoRotationPolicy.java,35,1,1.0,1,1,1.0,1,0,0.0,0,1,0,1,NO
2,src/main/java/org/apache/storm/hdfs/bolt/sync/CountSyncPolicy.java,46,1,1.0,1,1,1.0,1,0,0.0,0,1,0,1,NO
2,src/main/java/org/apache/storm/hdfs/bolt/sync/SyncPolicy.java,46,2,2.0,2,2,2.0,2,0,0.0,0,1,0,1,NO
2,src/main/java/org/apache/storm/hdfs/common/rotation/MoveFileAction.java,27,30,15.0,29,3,1.5,3,31,15.5,29,2,0,1,NO
2,src/main/java/org/apache/storm/hdfs/common/rotation/RotationAction.java,12,12,12.0,12,0,0.0,0,12,12.0,12,1,0,1,NO
2,src/main/java/org/apache/storm/hdfs/trident/HdfsState.java,280,372,124.0,209,92,30.666666666666668,87,280,93.33333333333333,147,3,0,1,NO
2,src/main/java/org/apache/storm/hdfs/trident/HdfsStateFactory.java,29,30,15.0,30,1,0.5,1,31,15.5,30,2,0,1,NO
2,src/main/java/org/apache/storm/hdfs/trident/HdfsUpdater.java,14,14,14.0,14,0,0.0,0,14,14.0,14,1,0,1,NO
2,src/main/java/org/apache/storm/hdfs/trident/format/DefaultFileNameFormat.java,73,73,73.0,73,0,0.0,0,73,73.0,73,1,0,1,NO
2,src/main/java/org/apache/storm/hdfs/trident/format/DefaultSequenceFormat.java,54,54,27.0,49,0,0.0,0,54,27.0,49,2,0,1,NO
2,src/main/java/org/apache/storm/hdfs/trident/format/DelimitedRecordFormat.java,83,83,83.0,83,0,0.0,0,83,83.0,83,1,0,1,NO
2,src/main/java/org/apache/storm/hdfs/trident/format/FileNameFormat.java,38,38,38.0,38,0,0.0,0,38,38.0,38,1,0,1,NO
2,src/main/java/org/apache/storm/hdfs/trident/format/RecordFormat.java,32,32,32.0,32,0,0.0,0,32,32.0,32,1,0,1,NO
2,src/main/java/org/apache/storm/hdfs/trident/format/SequenceFormat.java,40,40,20.0,26,0,0.0,0,40,20.0,26,2,0,1,NO
2,src/main/java/org/apache/storm/hdfs/trident/rotation/FileRotationPolicy.java,50,50,50.0,50,0,0.0,0,50,50.0,50,1,0,1,NO
2,src/main/java/org/apache/storm/hdfs/trident/rotation/FileSizeRotationPolicy.java,81,81,81.0,81,0,0.0,0,81,81.0,81,1,0,1,NO
2,src/main/java/org/apache/storm/hdfs/trident/rotation/NoRotationPolicy.java,35,35,35.0,35,0,0.0,0,35,35.0,35,1,0,1,NO
2,src/main/java/org/apache/storm/hdfs/trident/sync/CountSyncPolicy.java,46,46,46.0,46,0,0.0,0,46,46.0,46,1,0,1,NO
2,src/main/java/org/apache/storm/hdfs/trident/sync/SyncPolicy.java,46,46,46.0,46,0,0.0,0,46,46.0,46,1,0,1,NO
2,src/test/java/org/apache/storm/hdfs/bolt/HdfsFileTopology.java,183,183,183.0,183,0,0.0,0,183,183.0,183,1,0,1,NO
2,src/test/java/org/apache/storm/hdfs/bolt/SequenceFileTopology.java,192,192,192.0,192,0,0.0,0,192,192.0,192,1,0,1,NO
2,src/test/java/org/apache/storm/hdfs/trident/FixedBatchSpout.java,80,80,80.0,80,0,0.0,0,80,80.0,80,1,0,1,NO
2,src/test/java/org/apache/storm/hdfs/trident/TridentFileTopology.java,71,71,71.0,71,0,0.0,0,71,71.0,71,1,0,1,NO
2,src/test/java/org/apache/storm/hdfs/trident/TridentSequenceTopology.java,69,69,69.0,69,0,0.0,0,69,69.0,69,1,0,1,NO
3,examples/storm-starter/src/jvm/storm/starter/BasicDRPCTopology.java,78,630,45.0,78,6,0.42857142857142855,2,626,44.714285714285715,78,14,0,7,YES
3,examples/storm-starter/src/jvm/storm/starter/ExclamationTopology.java,87,701,53.92307692307692,87,5,0.38461538461538464,2,698,53.69230769230769,87,13,0,7,YES
3,examples/storm-starter/src/jvm/storm/starter/ManualDRPC.java,68,544,60.44444444444444,68,0,0.0,0,544,60.44444444444444,68,9,0,6,YES
3,examples/storm-starter/src/jvm/storm/starter/PrintSampleStream.java,58,479,34.214285714285715,58,31,2.2142857142857144,10,454,32.42857142857143,58,14,0,7,YES
3,examples/storm-starter/src/jvm/storm/starter/ReachTopology.java,196,1573,121.0,196,5,0.38461538461538464,2,1570,120.76923076923077,196,13,0,7,YES
3,examples/storm-starter/src/jvm/storm/starter/RollingTopWords.java,78,682,68.2,78,4,0.4,4,678,67.8,78,10,0,7,YES
3,examples/storm-starter/src/jvm/storm/starter/SingleJoinExample.java,64,512,56.888888888888886,64,0,0.0,0,512,56.888888888888886,64,9,0,6,YES
3,examples/storm-starter/src/jvm/storm/starter/TransactionalGlobalCount.java,173,1384,153.77777777777777,173,0,0.0,0,1384,153.77777777777777,173,9,0,6,YES
3,examples/storm-starter/src/jvm/storm/starter/TransactionalWords.java,246,1968,218.66666666666666,246,0,0.0,0,1968,218.66666666666666,246,9,0,6,YES
3,examples/storm-starter/src/jvm/storm/starter/WordCountTopology.java,107,861,66.23076923076923,107,5,0.38461538461538464,2,858,66.0,107,13,0,7,YES
3,examples/storm-starter/src/jvm/storm/starter/bolt/AbstractRankerBolt.java,110,880,97.77777777777777,110,0,0.0,0,880,97.77777777777777,110,9,0,6,YES
3,examples/storm-starter/src/jvm/storm/starter/bolt/IntermediateRankingsBolt.java,58,464,51.55555555555556,58,0,0.0,0,464,51.55555555555556,58,9,0,6,YES
3,examples/storm-starter/src/jvm/storm/starter/bolt/PrinterBolt.java,37,296,32.888888888888886,37,0,0.0,0,296,32.888888888888886,37,9,0,6,YES
3,examples/storm-starter/src/jvm/storm/starter/bolt/RollingCountBolt.java,142,1136,126.22222222222223,142,0,0.0,0,1136,126.22222222222223,142,9,0,6,YES
3,examples/storm-starter/src/jvm/storm/starter/bolt/SingleJoinBolt.java,114,912,101.33333333333333,114,0,0.0,0,912,101.33333333333333,114,9,0,6,YES
3,examples/storm-starter/src/jvm/storm/starter/bolt/TotalRankingsBolt.java,59,472,52.44444444444444,59,0,0.0,0,472,52.44444444444444,59,9,0,6,YES
3,examples/storm-starter/src/jvm/storm/starter/spout/RandomSentenceSpout.java,64,512,56.888888888888886,64,0,0.0,0,512,56.888888888888886,64,9,0,6,YES
3,examples/storm-starter/src/jvm/storm/starter/spout/TwitterSampleSpout.java,164,1412,108.61538461538461,164,268,20.615384615384617,99,1144,88.0,164,13,0,7,YES
3,examples/storm-starter/src/jvm/storm/starter/tools/NthLastModifiedTimeTracker.java,70,560,62.22222222222222,70,0,0.0,0,560,62.22222222222222,70,9,0,6,YES
3,examples/storm-starter/src/jvm/storm/starter/tools/Rankable.java,32,256,28.444444444444443,32,0,0.0,0,256,28.444444444444443,32,9,0,6,YES
3,examples/storm-starter/src/jvm/storm/starter/tools/RankableObjectWithFields.java,148,1184,131.55555555555554,148,0,0.0,0,1184,131.55555555555554,148,9,0,6,YES
3,examples/storm-starter/src/jvm/storm/starter/tools/Rankings.java,156,1248,138.66666666666666,156,0,0.0,0,1248,138.66666666666666,156,9,0,6,YES
3,examples/storm-starter/src/jvm/storm/starter/tools/SlidingWindowCounter.java,119,952,105.77777777777777,119,0,0.0,0,952,105.77777777777777,119,9,0,6,YES
3,examples/storm-starter/src/jvm/storm/starter/tools/SlotBasedCounter.java,118,944,104.88888888888889,118,0,0.0,0,944,104.88888888888889,118,9,0,6,YES
3,examples/storm-starter/src/jvm/storm/starter/trident/TridentReach.java,156,1248,138.66666666666666,156,0,0.0,0,1248,138.66666666666666,156,9,0,6,YES
3,examples/storm-starter/src/jvm/storm/starter/trident/TridentWordCount.java,85,685,52.69230769230769,85,5,0.38461538461538464,2,682,52.46153846153846,85,13,0,7,YES
3,examples/storm-starter/src/jvm/storm/starter/util/StormRunner.java,39,320,32.0,39,0,0.0,0,320,32.0,39,10,0,7,YES
3,examples/storm-starter/src/jvm/storm/starter/util/TupleHelpers.java,33,264,29.333333333333332,33,0,0.0,0,264,29.333333333333332,33,9,0,6,YES
3,examples/storm-starter/test/jvm/storm/starter/bolt/IntermediateRankingsBoltTest.java,146,1168,129.77777777777777,146,0,0.0,0,1168,129.77777777777777,146,9,0,6,YES
3,examples/storm-starter/test/jvm/storm/starter/bolt/RollingCountBoltTest.java,113,904,100.44444444444444,113,0,0.0,0,904,100.44444444444444,113,9,0,6,YES
3,examples/storm-starter/test/jvm/storm/starter/bolt/TotalRankingsBoltTest.java,147,1176,130.66666666666666,147,0,0.0,0,1176,130.66666666666666,147,9,0,6,YES
3,examples/storm-starter/test/jvm/storm/starter/tools/MockTupleHelpers.java,40,320,35.55555555555556,40,0,0.0,0,320,35.55555555555556,40,9,0,6,YES
3,examples/storm-starter/test/jvm/storm/starter/tools/NthLastModifiedTimeTrackerTest.java,125,1000,111.11111111111111,125,0,0.0,0,1000,111.11111111111111,125,9,0,6,YES
3,examples/storm-starter/test/jvm/storm/starter/tools/RankableObjectWithFieldsTest.java,252,2016,224.0,252,0,0.0,0,2016,224.0,252,9,0,6,YES
3,examples/storm-starter/test/jvm/storm/starter/tools/RankingsTest.java,368,2944,327.1111111111111,368,0,0.0,0,2944,327.1111111111111,368,9,0,6,YES
3,examples/storm-starter/test/jvm/storm/starter/tools/SlidingWindowCounterTest.java,106,848,94.22222222222223,106,0,0.0,0,848,94.22222222222223,106,9,0,6,YES
3,examples/storm-starter/test/jvm/storm/starter/tools/SlotBasedCounterTest.java,181,1448,160.88888888888889,181,0,0.0,0,1448,160.88888888888889,181,9,0,6,YES
3,external/storm-kafka/src/jvm/storm/kafka/Broker.java,81,652,54.333333333333336,81,4,0.3333333333333333,2,648,54.0,81,12,0,8,YES
3,external/storm-kafka/src/jvm/storm/kafka/BrokerHosts.java,25,206,18.727272727272727,25,6,0.5454545454545454,4,200,18.181818181818183,25,11,0,7,YES
3,external/storm-kafka/src/jvm/storm/kafka/DynamicBrokersReader.java,147,1187,84.78571428571429,147,21,1.5,7,1166,83.28571428571429,147,14,0,8,YES
3,external/storm-kafka/src/jvm/storm/kafka/DynamicPartitionConnections.java,94,752,83.55555555555556,94,0,0.0,0,752,83.55555555555556,94,9,0,6,YES
3,external/storm-kafka/src/jvm/storm/kafka/FailedFetchException.java,29,232,25.77777777777778,29,0,0.0,0,232,25.77777777777778,29,9,0,6,YES
3,external/storm-kafka/src/jvm/storm/kafka/KafkaConfig.java,52,406,36.90909090909091,52,0,0.0,0,406,36.90909090909091,52,11,0,7,YES
3,external/storm-kafka/src/jvm/storm/kafka/KafkaError.java,43,348,38.666666666666664,43,4,0.4444444444444444,4,344,38.22222222222222,43,9,0,6,YES
3,external/storm-kafka/src/jvm/storm/kafka/KafkaSpout.java,195,1551,141.0,195,16,1.4545454545454546,8,1535,139.54545454545453,195,11,0,7,YES
3,external/storm-kafka/src/jvm/storm/kafka/KafkaUtils.java,243,1914,159.5,243,10,0.8333333333333334,4,1904,158.66666666666666,243,12,0,7,YES
3,external/storm-kafka/src/jvm/storm/kafka/KeyValueScheme.java,28,224,24.88888888888889,28,0,0.0,0,224,24.88888888888889,28,9,0,6,YES
3,external/storm-kafka/src/jvm/storm/kafka/KeyValueSchemeAsMultiScheme.java,37,291,26.454545454545453,37,0,0.0,0,291,26.454545454545453,37,11,0,7,YES
3,external/storm-kafka/src/jvm/storm/kafka/Partition.java,64,519,51.9,64,2,0.2,2,517,51.7,64,10,0,7,YES
3,external/storm-kafka/src/jvm/storm/kafka/PartitionCoordinator.java,28,214,19.454545454545453,28,0,0.0,0,214,19.454545454545453,28,11,0,7,YES
3,external/storm-kafka/src/jvm/storm/kafka/PartitionManager.java,265,2122,141.46666666666667,265,122,8.133333333333333,59,2000,133.33333333333334,265,15,0,7,YES
3,external/storm-kafka/src/jvm/storm/kafka/SpoutConfig.java,36,288,32.0,36,0,0.0,0,288,32.0,36,9,0,6,YES
3,external/storm-kafka/src/jvm/storm/kafka/StaticCoordinator.java,51,393,35.72727272727273,51,0,0.0,0,393,35.72727272727273,51,11,0,7,YES
3,external/storm-kafka/src/jvm/storm/kafka/StaticHosts.java,38,304,33.77777777777778,38,0,0.0,0,304,33.77777777777778,38,9,0,6,YES
3,external/storm-kafka/src/jvm/storm/kafka/StaticPartitionConnections.java,52,416,46.22222222222222,52,0,0.0,0,416,46.22222222222222,52,9,0,6,YES
3,external/storm-kafka/src/jvm/storm/kafka/StringKeyValueScheme.java,37,296,32.888888888888886,37,0,0.0,0,296,32.888888888888886,37,9,0,6,YES
3,external/storm-kafka/src/jvm/storm/kafka/StringScheme.java,46,370,33.63636363636363,46,2,0.18181818181818182,1,368,33.45454545454545,46,11,0,7,YES
3,external/storm-kafka/src/jvm/storm/kafka/ZkCoordinator.java,113,901,81.9090909090909,113,2,0.18181818181818182,1,899,81.72727272727273,113,11,0,7,YES
3,external/storm-kafka/src/jvm/storm/kafka/ZkHosts.java,36,294,26.727272727272727,36,6,0.5454545454545454,4,288,26.181818181818183,36,11,0,7,YES
3,external/storm-kafka/src/jvm/storm/kafka/ZkState.java,116,936,72.0,116,8,0.6153846153846154,3,928,71.38461538461539,116,13,0,8,YES
3,external/storm-kafka/src/jvm/storm/kafka/bolt/KafkaBolt.java,89,712,79.11111111111111,89,0,0.0,0,712,79.11111111111111,89,9,0,6,YES
3,external/storm-kafka/src/jvm/storm/kafka/trident/Coordinator.java,50,404,44.888888888888886,50,4,0.4444444444444444,4,400,44.44444444444444,50,9,0,6,YES
3,external/storm-kafka/src/jvm/storm/kafka/trident/DefaultCoordinator.java,31,248,27.555555555555557,31,0,0.0,0,248,27.555555555555557,31,9,0,6,YES
3,external/storm-kafka/src/jvm/storm/kafka/trident/GlobalPartitionInformation.java,98,797,72.45454545454545,99,8,0.7272727272727273,4,793,72.0909090909091,99,11,0,7,YES
3,external/storm-kafka/src/jvm/storm/kafka/trident/IBatchCoordinator.java,26,208,23.11111111111111,26,0,0.0,0,208,23.11111111111111,26,9,0,6,YES
3,external/storm-kafka/src/jvm/storm/kafka/trident/IBrokerReader.java,25,200,22.22222222222222,25,0,0.0,0,200,22.22222222222222,25,9,0,6,YES
3,external/storm-kafka/src/jvm/storm/kafka/trident/MaxMetric.java,40,320,35.55555555555556,40,0,0.0,0,320,35.55555555555556,40,9,0,6,YES
3,external/storm-kafka/src/jvm/storm/kafka/trident/OpaqueTridentKafkaSpout.java,59,472,52.44444444444444,59,0,0.0,0,472,52.44444444444444,59,9,0,6,YES
3,external/storm-kafka/src/jvm/storm/kafka/trident/StaticBrokerReader.java,36,288,32.0,36,0,0.0,0,288,32.0,36,9,0,6,YES
3,external/storm-kafka/src/jvm/storm/kafka/trident/TransactionalTridentKafkaSpout.java,58,466,42.36363636363637,58,2,0.18181818181818182,1,464,42.18181818181818,58,11,0,7,YES
3,external/storm-kafka/src/jvm/storm/kafka/trident/TridentKafkaConfig.java,37,296,32.888888888888886,37,0,0.0,0,296,32.888888888888886,37,9,0,6,YES
3,external/storm-kafka/src/jvm/storm/kafka/trident/TridentKafkaEmitter.java,268,2155,195.9090909090909,269,6,0.5454545454545454,4,2153,195.72727272727272,269,11,0,7,YES
3,external/storm-kafka/src/jvm/storm/kafka/trident/ZkBrokerReader.java,70,570,51.81818181818182,70,50,4.545454545454546,25,520,47.27272727272727,70,11,0,7,YES
3,storm-buildtools/maven-shade-clojure-transformer/src/main/java/org/apache/storm/maven/shade/clojure/ClojureTransformer.java,72,216,72.0,72,0,0.0,0,216,72.0,72,3,0,3,NO
3,storm-core/src/jvm/backtype/storm/Config.java,993,608,20.266666666666666,356,101,3.3666666666666667,13,611,20.366666666666667,344,30,3,12,YES
3,storm-core/src/jvm/backtype/storm/ConfigValidation.java,155,307,34.111111111111114,139,19,2.111111111111111,19,288,32.0,120,9,1,5,YES
3,storm-core/src/jvm/backtype/storm/Constants.java,35,19,9.5,17,1,0.5,1,18,9.0,17,2,0,2,NO
3,storm-core/src/jvm/backtype/storm/ILocalCluster.java,47,19,9.5,17,0,0.0,0,19,9.5,17,2,0,2,NO
3,storm-core/src/jvm/backtype/storm/ILocalDRPC.java,27,17,17.0,17,0,0.0,0,17,17.0,17,1,0,1,NO
3,storm-core/src/jvm/backtype/storm/StormSubmitter.java,301,883,33.96153846153846,154,195,7.5,28,704,27.076923076923077,132,26,0,9,YES
3,storm-core/src/jvm/backtype/storm/clojure/ClojureBolt.java,119,17,17.0,17,0,0.0,0,17,17.0,17,1,0,1,NO
3,storm-core/src/jvm/backtype/storm/clojure/ClojureSpout.java,153,17,17.0,17,0,0.0,0,17,17.0,17,1,0,1,NO
3,storm-core/src/jvm/backtype/storm/clojure/RichShellBolt.java,51,17,17.0,17,0,0.0,0,17,17.0,17,1,0,1,NO
3,storm-core/src/jvm/backtype/storm/clojure/RichShellSpout.java,51,17,17.0,17,0,0.0,0,17,17.0,17,1,0,1,NO
3,storm-core/src/jvm/backtype/storm/coordination/BatchBoltExecutor.java,108,17,17.0,17,0,0.0,0,17,17.0,17,1,0,1,NO
3,storm-core/src/jvm/backtype/storm/coordination/BatchOutputCollector.java,46,17,17.0,17,0,0.0,0,17,17.0,17,1,0,1,NO
3,storm-core/src/jvm/backtype/storm/coordination/BatchOutputCollectorImpl.java,53,17,17.0,17,0,0.0,0,17,17.0,17,1,0,1,NO
3,storm-core/src/jvm/backtype/storm/coordination/BatchSubtopologyBuilder.java,436,17,17.0,17,0,0.0,0,17,17.0,17,1,0,1,NO
3,storm-core/src/jvm/backtype/storm/coordination/CoordinatedBolt.java,382,17,17.0,17,0,0.0,0,17,17.0,17,1,0,1,NO
3,storm-core/src/jvm/backtype/storm/coordination/IBatchBolt.java,30,17,17.0,17,0,0.0,0,17,17.0,17,1,0,1,NO
3,storm-core/src/jvm/backtype/storm/daemon/Shutdownable.java,22,17,17.0,17,0,0.0,0,17,17.0,17,1,0,1,NO
3,storm-core/src/jvm/backtype/storm/drpc/DRPCInvocationsClient.java,91,86,21.5,54,52,13.0,37,34,8.5,17,4,0,4,NO
3,storm-core/src/jvm/backtype/storm/drpc/DRPCSpout.java,169,115,28.75,92,14,3.5,8,101,25.25,84,4,0,4,NO
3,storm-core/src/jvm/backtype/storm/drpc/JoinResult.java,75,17,17.0,17,0,0.0,0,17,17.0,17,1,0,1,NO
3,storm-core/src/jvm/backtype/storm/drpc/KeyedFairBolt.java,93,17,17.0,17,0,0.0,0,17,17.0,17,1,0,1,NO
3,storm-core/src/jvm/backtype/storm/drpc/LinearDRPCInputDeclarer.java,49,17,17.0,17,0,0.0,0,17,17.0,17,1,0,1,NO
3,storm-core/src/jvm/backtype/storm/drpc/LinearDRPCTopologyBuilder.java,383,17,17.0,17,0,0.0,0,17,17.0,17,1,0,1,NO
3,storm-core/src/jvm/backtype/storm/drpc/PrepareRequest.java,59,17,17.0,17,0,0.0,0,17,17.0,17,1,0,1,NO
3,storm-core/src/jvm/backtype/storm/drpc/ReturnResults.java,95,52,13.0,32,6,1.5,3,46,11.5,29,4,0,4,NO
3,storm-core/src/jvm/backtype/storm/generated/AlreadyAliveException.java,344,86,28.666666666666668,40,69,23.0,23,17,5.666666666666667,17,3,0,3,NO
3,storm-core/src/jvm/backtype/storm/generated/Bolt.java,443,107,35.666666666666664,47,90,30.0,30,17,5.666666666666667,17,3,0,3,NO
3,storm-core/src/jvm/backtype/storm/generated/BoltStats.java,1127,290,96.66666666666667,108,273,91.0,91,17,5.666666666666667,17,3,0,3,NO
3,storm-core/src/jvm/backtype/storm/generated/ClusterSummary.java,614,146,48.666666666666664,60,129,43.0,43,17,5.666666666666667,17,3,0,3,NO
3,storm-core/src/jvm/backtype/storm/generated/ComponentCommon.java,723,167,55.666666666666664,67,150,50.0,50,17,5.666666666666667,17,3,0,3,NO
3,storm-core/src/jvm/backtype/storm/generated/ComponentObject.java,402,116,38.666666666666664,50,99,33.0,33,17,5.666666666666667,17,3,0,3,NO
3,storm-core/src/jvm/backtype/storm/generated/DRPCExecutionException.java,344,86,28.666666666666668,40,69,23.0,23,17,5.666666666666667,17,3,0,3,NO
3,storm-core/src/jvm/backtype/storm/generated/DRPCRequest.java,441,107,35.666666666666664,47,90,30.0,30,17,5.666666666666667,17,3,0,3,NO
3,storm-core/src/jvm/backtype/storm/generated/DistributedRPC.java,981,391,97.75,107,276,69.0,90,115,28.75,98,4,0,4,NO
3,storm-core/src/jvm/backtype/storm/generated/DistributedRPCInvocations.java,2032,926,231.5,333,595,148.75,192,331,82.75,314,4,0,4,NO
3,storm-core/src/jvm/backtype/storm/generated/ErrorInfo.java,625,851,121.57142857142857,186,98,14.0,30,753,107.57142857142857,184,7,0,5,YES
3,storm-core/src/jvm/backtype/storm/generated/ExecutorInfo.java,436,107,35.666666666666664,47,90,30.0,30,17,5.666666666666667,17,3,0,3,NO
3,storm-core/src/jvm/backtype/storm/generated/ExecutorSpecificStats.java,335,101,33.666666666666664,45,84,28.0,28,17,5.666666666666667,17,3,0,3,NO
3,storm-core/src/jvm/backtype/storm/generated/ExecutorStats.java,695,176,58.666666666666664,70,159,53.0,53,17,5.666666666666667,17,3,0,3,NO
3,storm-core/src/jvm/backtype/storm/generated/ExecutorSummary.java,824,188,62.666666666666664,74,171,57.0,57,17,5.666666666666667,17,3,0,3,NO
3,storm-core/src/jvm/backtype/storm/generated/GlobalStreamId.java,441,107,35.666666666666664,47,90,30.0,30,17,5.666666666666667,17,3,0,3,NO
3,storm-core/src/jvm/backtype/storm/generated/Grouping.java,679,185,61.666666666666664,73,168,56.0,56,17,5.666666666666667,17,3,0,3,NO
3,storm-core/src/jvm/backtype/storm/generated/InvalidTopologyException.java,344,86,28.666666666666668,40,69,23.0,23,17,5.666666666666667,17,3,0,3,NO
3,storm-core/src/jvm/backtype/storm/generated/JavaObject.java,479,116,38.666666666666664,50,99,33.0,33,17,5.666666666666667,17,3,0,3,NO
3,storm-core/src/jvm/backtype/storm/generated/JavaObjectArg.java,549,152,50.666666666666664,62,135,45.0,45,17,5.666666666666667,17,3,0,3,NO
3,storm-core/src/jvm/backtype/storm/generated/KillOptions.java,336,83,27.666666666666668,39,66,22.0,22,17,5.666666666666667,17,3,0,3,NO
3,storm-core/src/jvm/backtype/storm/generated/Nimbus.java,13508,6450,1612.5,2881,3665,916.25,1184,2785,696.25,2768,4,0,4,NO
3,storm-core/src/jvm/backtype/storm/generated/NotAliveException.java,344,86,28.666666666666668,40,69,23.0,23,17,5.666666666666667,17,3,0,3,NO
3,storm-core/src/jvm/backtype/storm/generated/NullStruct.java,241,65,21.666666666666668,33,48,16.0,16,17,5.666666666666667,17,3,0,3,NO
3,storm-core/src/jvm/backtype/storm/generated/RebalanceOptions.java,565,131,43.666666666666664,55,114,38.0,38,17,5.666666666666667,17,3,0,3,NO
3,storm-core/src/jvm/backtype/storm/generated/ShellComponent.java,433,101,33.666666666666664,45,84,28.0,28,17,5.666666666666667,17,3,0,3,NO
3,storm-core/src/jvm/backtype/storm/generated/SpoutSpec.java,443,107,35.666666666666664,47,90,30.0,30,17,5.666666666666667,17,3,0,3,NO
3,storm-core/src/jvm/backtype/storm/generated/SpoutStats.java,772,200,66.66666666666667,78,183,61.0,61,17,5.666666666666667,17,3,0,3,NO
3,storm-core/src/jvm/backtype/storm/generated/StateSpoutSpec.java,443,107,35.666666666666664,47,90,30.0,30,17,5.666666666666667,17,3,0,3,NO
3,storm-core/src/jvm/backtype/storm/generated/StormTopology.java,676,164,54.666666666666664,66,147,49.0,49,17,5.666666666666667,17,3,0,3,NO
3,storm-core/src/jvm/backtype/storm/generated/StreamInfo.java,478,116,38.666666666666664,50,99,33.0,33,17,5.666666666666667,17,3,0,3,NO
3,storm-core/src/jvm/backtype/storm/generated/SubmitOptions.java,356,183,45.75,97,70,17.5,23,113,28.25,96,4,0,4,NO
3,storm-core/src/jvm/backtype/storm/generated/SupervisorSummary.java,722,170,56.666666666666664,68,153,51.0,51,17,5.666666666666667,17,3,0,3,NO
3,storm-core/src/jvm/backtype/storm/generated/TopologyInfo.java,934,412,103.0,191,205,51.25,68,207,51.75,190,4,0,4,NO
3,storm-core/src/jvm/backtype/storm/generated/TopologyInitialStatus.java,61,23,7.666666666666667,19,6,2.0,2,17,5.666666666666667,17,3,0,3,NO
3,storm-core/src/jvm/backtype/storm/generated/TopologySummary.java,911,403,100.75,191,196,49.0,65,207,51.75,190,4,0,4,NO
3,storm-core/src/jvm/backtype/storm/grouping/CustomStreamGrouping.java,43,17,17.0,17,0,0.0,0,17,17.0,17,1,0,1,NO
3,storm-core/src/jvm/backtype/storm/hooks/BaseTaskHook.java,61,17,17.0,17,0,0.0,0,17,17.0,17,1,0,1,NO
3,storm-core/src/jvm/backtype/storm/hooks/ITaskHook.java,38,17,17.0,17,0,0.0,0,17,17.0,17,1,0,1,NO
3,storm-core/src/jvm/backtype/storm/hooks/info/BoltAckInfo.java,32,17,17.0,17,0,0.0,0,17,17.0,17,1,0,1,NO
3,storm-core/src/jvm/backtype/storm/hooks/info/BoltExecuteInfo.java,32,17,17.0,17,0,0.0,0,17,17.0,17,1,0,1,NO
3,storm-core/src/jvm/backtype/storm/hooks/info/BoltFailInfo.java,32,17,17.0,17,0,0.0,0,17,17.0,17,1,0,1,NO
3,storm-core/src/jvm/backtype/storm/hooks/info/EmitInfo.java,35,17,17.0,17,0,0.0,0,17,17.0,17,1,0,1,NO
3,storm-core/src/jvm/backtype/storm/hooks/info/SpoutAckInfo.java,30,17,17.0,17,0,0.0,0,17,17.0,17,1,0,1,NO
3,storm-core/src/jvm/backtype/storm/hooks/info/SpoutFailInfo.java,30,17,17.0,17,0,0.0,0,17,17.0,17,1,0,1,NO
3,storm-core/src/jvm/backtype/storm/messaging/IConnection.java,49,101,12.625,19,18,2.25,6,95,11.875,17,8,1,6,YES
3,storm-core/src/jvm/backtype/storm/messaging/IContext.java,59,17,17.0,17,0,0.0,0,17,17.0,17,1,0,1,NO
3,storm-core/src/jvm/backtype/storm/messaging/TaskMessage.java,53,17,17.0,17,0,0.0,0,17,17.0,17,1,0,1,NO
3,storm-core/src/jvm/backtype/storm/messaging/TransportFactory.java,57,17,17.0,17,0,0.0,0,17,17.0,17,1,0,1,NO
3,storm-core/src/jvm/backtype/storm/messaging/netty/Client.java,350,2579,88.93103448275862,232,1447,49.89655172413793,166,1158,39.93103448275862,221,29,2,12,YES
3,storm-core/src/jvm/backtype/storm/messaging/netty/Context.java,112,486,28.58823529411765,67,85,5.0,9,401,23.58823529411765,67,17,1,9,YES
3,storm-core/src/jvm/backtype/storm/messaging/netty/ControlMessage.java,69,91,13.0,67,12,1.7142857142857142,2,79,11.285714285714286,67,7,1,6,YES
3,storm-core/src/jvm/backtype/storm/messaging/netty/MessageBatch.java,136,266,19.0,168,364,26.0,46,484,34.57142857142857,168,14,1,9,YES
3,storm-core/src/jvm/backtype/storm/messaging/netty/MessageDecoder.java,115,505,63.125,85,240,30.0,40,265,33.125,85,8,1,6,YES
3,storm-core/src/jvm/backtype/storm/messaging/netty/MessageEncoder.java,39,39,39.0,39,0,0.0,0,39,39.0,39,1,0,1,YES
3,storm-core/src/jvm/backtype/storm/messaging/netty/NettyRenameThreadFactory.java,52,264,22.0,35,3,0.25,1,261,21.75,35,12,1,6,YES
3,storm-core/src/jvm/backtype/storm/messaging/netty/Server.java,243,911,50.611111111111114,136,133,7.388888888888889,20,798,44.333333333333336,136,18,1,9,YES
3,storm-core/src/jvm/backtype/storm/messaging/netty/StormClientErrorHandler.java,41,246,41.0,41,0,0.0,0,246,41.0,41,6,1,5,YES
3,storm-core/src/jvm/backtype/storm/messaging/netty/StormClientPipelineFactory.java,44,50,7.142857142857143,44,6,0.8571428571428571,1,44,6.285714285714286,44,7,1,6,YES
3,storm-core/src/jvm/backtype/storm/messaging/netty/StormServerHandler.java,66,179,22.375,70,133,16.625,22,94,11.75,70,8,1,6,YES
3,storm-core/src/jvm/backtype/storm/messaging/netty/StormServerPipelineFactory.java,45,45,45.0,45,0,0.0,0,45,45.0,45,1,0,1,YES
3,storm-core/src/jvm/backtype/storm/metric/LoggingMetricsConsumer.java,72,17,17.0,17,0,0.0,0,17,17.0,17,1,0,1,NO
3,storm-core/src/jvm/backtype/storm/metric/MetricsConsumerBolt.java,64,17,17.0,17,0,0.0,0,17,17.0,17,1,0,1,NO
3,storm-core/src/jvm/backtype/storm/metric/SystemBolt.java,155,17,17.0,17,0,0.0,0,17,17.0,17,1,0,1,NO
3,storm-core/src/jvm/backtype/storm/metric/api/AssignableMetric.java,34,17,17.0,17,0,0.0,0,17,17.0,17,1,0,1,NO
3,storm-core/src/jvm/backtype/storm/metric/api/CombinedMetric.java,38,17,17.0,17,0,0.0,0,17,17.0,17,1,0,1,NO
3,storm-core/src/jvm/backtype/storm/metric/api/CountMetric.java,41,17,17.0,17,0,0.0,0,17,17.0,17,1,0,1,NO
3,storm-core/src/jvm/backtype/storm/metric/api/ICombiner.java,23,17,17.0,17,0,0.0,0,17,17.0,17,1,0,1,NO
3,storm-core/src/jvm/backtype/storm/metric/api/IMetric.java,22,17,17.0,17,0,0.0,0,17,17.0,17,1,0,1,NO
3,storm-core/src/jvm/backtype/storm/metric/api/IMetricsConsumer.java,60,17,17.0,17,0,0.0,0,17,17.0,17,1,0,1,NO
3,storm-core/src/jvm/backtype/storm/metric/api/IReducer.java,24,17,17.0,17,0,0.0,0,17,17.0,17,1,0,1,NO
3,storm-core/src/jvm/backtype/storm/metric/api/IStatefulObject.java,22,17,17.0,17,0,0.0,0,17,17.0,17,1,0,1,NO
3,storm-core/src/jvm/backtype/storm/metric/api/MeanReducer.java,55,17,17.0,17,0,0.0,0,17,17.0,17,1,0,1,NO
3,storm-core/src/jvm/backtype/storm/metric/api/MultiCountMetric.java,45,17,17.0,17,0,0.0,0,17,17.0,17,1,0,1,NO
3,storm-core/src/jvm/backtype/storm/metric/api/MultiReducedMetric.java,50,17,17.0,17,0,0.0,0,17,17.0,17,1,0,1,NO
3,storm-core/src/jvm/backtype/storm/metric/api/ReducedMetric.java,38,17,17.0,17,0,0.0,0,17,17.0,17,1,0,1,NO
3,storm-core/src/jvm/backtype/storm/metric/api/StateMetric.java,31,17,17.0,17,0,0.0,0,17,17.0,17,1,0,1,NO
3,storm-core/src/jvm/backtype/storm/multilang/BoltMsg.java,80,177,35.4,63,0,0.0,0,177,35.4,63,5,0,3,YES
3,storm-core/src/jvm/backtype/storm/multilang/ISerializer.java,82,181,36.2,65,0,0.0,0,181,36.2,65,5,0,3,YES
3,storm-core/src/jvm/backtype/storm/multilang/JsonSerializer.java,179,396,44.0,162,3,0.3333333333333333,2,397,44.111111111111114,162,9,0,5,YES
3,storm-core/src/jvm/backtype/storm/multilang/NoOutputException.java,40,97,19.4,23,0,0.0,0,97,19.4,23,5,0,3,YES
3,storm-core/src/jvm/backtype/storm/multilang/ShellMsg.java,122,304,38.0,105,3,0.375,3,301,37.625,105,8,0,5,YES
3,storm-core/src/jvm/backtype/storm/multilang/SpoutMsg.java,51,122,20.333333333333332,34,3,0.5,3,119,19.833333333333332,34,6,0,4,YES
3,storm-core/src/jvm/backtype/storm/nimbus/DefaultTopologyValidator.java,31,17,17.0,17,0,0.0,0,17,17.0,17,1,0,1,NO
3,storm-core/src/jvm/backtype/storm/nimbus/ITopologyValidator.java,28,17,17.0,17,0,0.0,0,17,17.0,17,1,0,1,NO
3,storm-core/src/jvm/backtype/storm/planner/CompoundSpout.java,25,17,17.0,17,0,0.0,0,17,17.0,17,1,0,1,NO
3,storm-core/src/jvm/backtype/storm/planner/CompoundTask.java,25,17,17.0,17,0,0.0,0,17,17.0,17,1,0,1,NO
3,storm-core/src/jvm/backtype/storm/planner/TaskBundle.java,33,17,17.0,17,0,0.0,0,17,17.0,17,1,0,1,NO
3,storm-core/src/jvm/backtype/storm/scheduler/Cluster.java,435,30,15.0,17,0,0.0,0,30,15.0,17,2,0,2,NO
3,storm-core/src/jvm/backtype/storm/scheduler/ExecutorDetails.java,54,54,54.0,54,37,37.0,37,17,17.0,17,1,0,1,NO
3,storm-core/src/jvm/backtype/storm/scheduler/INimbus.java,39,17,17.0,17,0,0.0,0,17,17.0,17,1,0,1,NO
3,storm-core/src/jvm/backtype/storm/scheduler/IScheduler.java,40,17,17.0,17,0,0.0,0,17,17.0,17,1,0,1,NO
3,storm-core/src/jvm/backtype/storm/scheduler/ISupervisor.java,45,17,17.0,17,0,0.0,0,17,17.0,17,1,0,1,NO
3,storm-core/src/jvm/backtype/storm/scheduler/SchedulerAssignment.java,58,57,57.0,57,40,40.0,40,17,17.0,17,1,0,1,NO
3,storm-core/src/jvm/backtype/storm/scheduler/SchedulerAssignmentImpl.java,110,109,109.0,109,92,92.0,92,17,17.0,17,1,0,1,NO
3,storm-core/src/jvm/backtype/storm/scheduler/SupervisorDetails.java,89,17,17.0,17,0,0.0,0,17,17.0,17,1,0,1,NO
3,storm-core/src/jvm/backtype/storm/scheduler/Topologies.java,57,57,57.0,57,40,40.0,40,17,17.0,17,1,0,1,NO
3,storm-core/src/jvm/backtype/storm/scheduler/TopologyDetails.java,89,17,17.0,17,0,0.0,0,17,17.0,17,1,0,1,NO
3,storm-core/src/jvm/backtype/storm/scheduler/WorkerSlot.java,52,17,17.0,17,0,0.0,0,17,17.0,17,1,0,1,NO
3,storm-core/src/jvm/backtype/storm/security/auth/AuthUtils.java,97,172,86.0,155,10,5.0,10,162,81.0,145,2,0,2,YES
3,storm-core/src/jvm/backtype/storm/security/auth/IAuthorizer.java,47,17,17.0,17,0,0.0,0,17,17.0,17,1,0,1,NO
3,storm-core/src/jvm/backtype/storm/security/auth/ITransportPlugin.java,55,38,9.5,21,17,4.25,5,21,5.25,17,4,0,4,NO
3,storm-core/src/jvm/backtype/storm/security/auth/ReqContext.java,108,26,13.0,17,1,0.5,1,25,12.5,17,2,0,2,NO
3,storm-core/src/jvm/backtype/storm/security/auth/SaslTransportPlugin.java,160,83,20.75,30,53,13.25,17,30,7.5,17,4,0,4,YES
3,storm-core/src/jvm/backtype/storm/security/auth/SimpleTransportPlugin.java,124,101,25.25,48,49,12.25,13,52,13.0,35,4,0,4,NO
3,storm-core/src/jvm/backtype/storm/security/auth/ThriftClient.java,79,92,23.0,60,40,10.0,25,52,13.0,35,4,0,4,NO
3,storm-core/src/jvm/backtype/storm/security/auth/ThriftServer.java,79,33,8.25,19,15,3.75,9,18,4.5,17,4,0,4,NO
3,storm-core/src/jvm/backtype/storm/security/auth/authorizer/DenyAuthorizer.java,57,19,9.5,17,2,1.0,2,17,8.5,17,2,0,2,NO
3,storm-core/src/jvm/backtype/storm/security/auth/authorizer/NoopAuthorizer.java,57,20,10.0,17,3,1.5,3,17,8.5,17,2,0,2,NO
3,storm-core/src/jvm/backtype/storm/security/auth/digest/ClientCallbackHandler.java,110,17,17.0,17,0,0.0,0,17,17.0,17,1,0,1,NO
3,storm-core/src/jvm/backtype/storm/security/auth/digest/DigestSaslTransportPlugin.java,69,33,8.25,22,15,3.75,5,18,4.5,17,4,0,4,NO
3,storm-core/src/jvm/backtype/storm/security/auth/digest/ServerCallbackHandler.java,114,17,17.0,17,0,0.0,0,17,17.0,17,1,0,1,NO
3,storm-core/src/jvm/backtype/storm/security/serialization/BlowfishTupleSerializer.java,89,17,17.0,17,0,0.0,0,17,17.0,17,1,0,1,NO
3,storm-core/src/jvm/backtype/storm/serialization/DefaultKryoFactory.java,64,17,17.0,17,0,0.0,0,17,17.0,17,1,0,1,NO
3,storm-core/src/jvm/backtype/storm/serialization/IKryoDecorator.java,23,17,17.0,17,0,0.0,0,17,17.0,17,1,0,1,NO
3,storm-core/src/jvm/backtype/storm/serialization/IKryoFactory.java,40,17,17.0,17,0,0.0,0,17,17.0,17,1,0,1,NO
3,storm-core/src/jvm/backtype/storm/serialization/ITupleDeserializer.java,25,17,17.0,17,0,0.0,0,17,17.0,17,1,0,1,NO
3,storm-core/src/jvm/backtype/storm/serialization/ITupleSerializer.java,26,17,17.0,17,0,0.0,0,17,17.0,17,1,0,1,NO
3,storm-core/src/jvm/backtype/storm/serialization/KryoTupleDeserializer.java,59,17,17.0,17,0,0.0,0,17,17.0,17,1,0,1,NO
3,storm-core/src/jvm/backtype/storm/serialization/KryoTupleSerializer.java,60,17,17.0,17,0,0.0,0,17,17.0,17,1,0,1,NO
3,storm-core/src/jvm/backtype/storm/serialization/KryoValuesDeserializer.java,51,17,17.0,17,0,0.0,0,17,17.0,17,1,0,1,NO
3,storm-core/src/jvm/backtype/storm/serialization/KryoValuesSerializer.java,58,17,17.0,17,0,0.0,0,17,17.0,17,1,0,1,NO
3,storm-core/src/jvm/backtype/storm/serialization/SerializableSerializer.java,61,17,17.0,17,0,0.0,0,17,17.0,17,1,0,1,NO
3,storm-core/src/jvm/backtype/storm/serialization/SerializationFactory.java,224,17,17.0,17,0,0.0,0,17,17.0,17,1,0,1,NO
3,storm-core/src/jvm/backtype/storm/serialization/types/ArrayListSerializer.java,32,17,17.0,17,0,0.0,0,17,17.0,17,1,0,1,NO
3,storm-core/src/jvm/backtype/storm/serialization/types/HashMapSerializer.java,32,17,17.0,17,0,0.0,0,17,17.0,17,1,0,1,NO
3,storm-core/src/jvm/backtype/storm/serialization/types/HashSetSerializer.java,32,17,17.0,17,0,0.0,0,17,17.0,17,1,0,1,NO
3,storm-core/src/jvm/backtype/storm/serialization/types/ListDelegateSerializer.java,32,17,17.0,17,0,0.0,0,17,17.0,17,1,0,1,NO
3,storm-core/src/jvm/backtype/storm/spout/IMultiSchemableSpout.java,23,17,17.0,17,0,0.0,0,17,17.0,17,1,0,1,NO
3,storm-core/src/jvm/backtype/storm/spout/ISchemableSpout.java,24,17,17.0,17,0,0.0,0,17,17.0,17,1,0,1,NO
3,storm-core/src/jvm/backtype/storm/spout/ISpout.java,105,17,17.0,17,0,0.0,0,17,17.0,17,1,0,1,YES
3,storm-core/src/jvm/backtype/storm/spout/ISpoutOutputCollector.java,29,17,17.0,17,0,0.0,0,17,17.0,17,1,0,1,NO
3,storm-core/src/jvm/backtype/storm/spout/ISpoutWaitStrategy.java,34,17,17.0,17,0,0.0,0,17,17.0,17,1,0,1,NO
3,storm-core/src/jvm/backtype/storm/spout/MultiScheme.java,28,17,17.0,17,0,0.0,0,17,17.0,17,1,0,1,NO
3,storm-core/src/jvm/backtype/storm/spout/NothingEmptyEmitStrategy.java,31,17,17.0,17,0,0.0,0,17,17.0,17,1,0,1,NO
3,storm-core/src/jvm/backtype/storm/spout/RawMultiScheme.java,38,17,17.0,17,0,0.0,0,17,17.0,17,1,0,1,NO
3,storm-core/src/jvm/backtype/storm/spout/RawScheme.java,32,17,17.0,17,0,0.0,0,17,17.0,17,1,0,1,NO
3,storm-core/src/jvm/backtype/storm/spout/Scheme.java,28,17,17.0,17,0,0.0,0,17,17.0,17,1,0,1,NO
3,storm-core/src/jvm/backtype/storm/spout/SchemeAsMultiScheme.java,41,17,17.0,17,0,0.0,0,17,17.0,17,1,0,1,NO
3,storm-core/src/jvm/backtype/storm/spout/ShellSpout.java,130,253,19.46153846153846,61,175,13.461538461538462,51,154,11.846153846153847,61,13,0,5,YES
3,storm-core/src/jvm/backtype/storm/spout/SleepSpoutWaitStrategy.java,41,17,17.0,17,0,0.0,0,17,17.0,17,1,0,1,NO
3,storm-core/src/jvm/backtype/storm/spout/SpoutOutputCollector.java,134,17,17.0,17,0,0.0,0,17,17.0,17,1,0,1,NO
3,storm-core/src/jvm/backtype/storm/state/IStateSpout.java,29,17,17.0,17,0,0.0,0,17,17.0,17,1,0,1,NO
3,storm-core/src/jvm/backtype/storm/state/IStateSpoutOutputCollector.java,22,17,17.0,17,0,0.0,0,17,17.0,17,1,0,1,NO
3,storm-core/src/jvm/backtype/storm/state/ISubscribedState.java,25,17,17.0,17,0,0.0,0,17,17.0,17,1,0,1,NO
3,storm-core/src/jvm/backtype/storm/state/ISynchronizeOutputCollector.java,24,17,17.0,17,0,0.0,0,17,17.0,17,1,0,1,NO
3,storm-core/src/jvm/backtype/storm/state/StateSpoutOutputCollector.java,28,17,17.0,17,0,0.0,0,17,17.0,17,1,0,1,NO
3,storm-core/src/jvm/backtype/storm/state/SynchronizeOutputCollector.java,30,17,17.0,17,0,0.0,0,17,17.0,17,1,0,1,NO
3,storm-core/src/jvm/backtype/storm/task/GeneralTopologyContext.java,198,17,17.0,17,0,0.0,0,17,17.0,17,1,0,1,NO
3,storm-core/src/jvm/backtype/storm/task/IBolt.java,84,17,17.0,17,0,0.0,0,17,17.0,17,1,0,1,NO
3,storm-core/src/jvm/backtype/storm/task/IErrorReporter.java,22,17,17.0,17,0,0.0,0,17,17.0,17,1,0,1,NO
3,storm-core/src/jvm/backtype/storm/task/IMetricsContext.java,31,17,17.0,17,0,0.0,0,17,17.0,17,1,0,1,NO
3,storm-core/src/jvm/backtype/storm/task/IOutputCollector.java,32,17,17.0,17,0,0.0,0,17,17.0,17,1,0,1,NO
3,storm-core/src/jvm/backtype/storm/task/OutputCollector.java,225,17,17.0,17,0,0.0,0,17,17.0,17,1,0,1,NO
3,storm-core/src/jvm/backtype/storm/task/ShellBolt.java,230,271,20.846153846153847,59,202,15.538461538461538,62,171,13.153846153846153,59,13,1,6,YES
3,storm-core/src/jvm/backtype/storm/task/TopologyContext.java,286,186,9.789473684210526,24,26,1.368421052631579,16,164,8.631578947368421,24,19,0,8,YES
3,storm-core/src/jvm/backtype/storm/task/WorkerTopologyContext.java,106,17,17.0,17,0,0.0,0,17,17.0,17,1,0,1,NO
3,storm-core/src/jvm/backtype/storm/testing/AckFailDelegate.java,25,17,17.0,17,0,0.0,0,17,17.0,17,1,0,1,NO
3,storm-core/src/jvm/backtype/storm/testing/AckFailMapTracker.java,52,17,17.0,17,0,0.0,0,17,17.0,17,1,0,1,NO
3,storm-core/src/jvm/backtype/storm/testing/AckTracker.java,52,17,17.0,17,0,0.0,0,17,17.0,17,1,0,1,NO
3,storm-core/src/jvm/backtype/storm/testing/BatchNumberList.java,72,17,17.0,17,0,0.0,0,17,17.0,17,1,0,1,NO
3,storm-core/src/jvm/backtype/storm/testing/BatchProcessWord.java,39,17,17.0,17,0,0.0,0,17,17.0,17,1,0,1,NO
3,storm-core/src/jvm/backtype/storm/testing/BatchRepeatA.java,48,17,17.0,17,0,0.0,0,17,17.0,17,1,0,1,NO
3,storm-core/src/jvm/backtype/storm/testing/BoltTracker.java,42,17,17.0,17,0,0.0,0,17,17.0,17,1,0,1,NO
3,storm-core/src/jvm/backtype/storm/testing/CompleteTopologyParam.java,67,67,67.0,67,50,50.0,50,17,17.0,17,1,0,1,NO
3,storm-core/src/jvm/backtype/storm/testing/CountingBatchBolt.java,55,17,17.0,17,0,0.0,0,17,17.0,17,1,0,1,NO
3,storm-core/src/jvm/backtype/storm/testing/CountingCommitBolt.java,57,17,17.0,17,0,0.0,0,17,17.0,17,1,0,1,NO
3,storm-core/src/jvm/backtype/storm/testing/FeederSpout.java,100,17,17.0,17,0,0.0,0,17,17.0,17,1,0,1,NO
3,storm-core/src/jvm/backtype/storm/testing/FixedTuple.java,42,17,17.0,17,0,0.0,0,17,17.0,17,1,0,1,NO
3,storm-core/src/jvm/backtype/storm/testing/FixedTupleSpout.java,179,17,17.0,17,0,0.0,0,17,17.0,17,1,0,1,NO
3,storm-core/src/jvm/backtype/storm/testing/IdentityBolt.java,42,17,17.0,17,0,0.0,0,17,17.0,17,1,0,1,NO
3,storm-core/src/jvm/backtype/storm/testing/KeyedCountingBatchBolt.java,61,17,17.0,17,0,0.0,0,17,17.0,17,1,0,1,NO
3,storm-core/src/jvm/backtype/storm/testing/KeyedCountingCommitterBolt.java,24,17,17.0,17,0,0.0,0,17,17.0,17,1,0,1,NO
3,storm-core/src/jvm/backtype/storm/testing/KeyedSummingBatchBolt.java,61,17,17.0,17,0,0.0,0,17,17.0,17,1,0,1,NO
3,storm-core/src/jvm/backtype/storm/testing/MemoryTransactionalSpout.java,181,17,17.0,17,0,0.0,0,17,17.0,17,1,0,1,NO
3,storm-core/src/jvm/backtype/storm/testing/MemoryTransactionalSpoutMeta.java,38,17,17.0,17,0,0.0,0,17,17.0,17,1,0,1,NO
3,storm-core/src/jvm/backtype/storm/testing/MkClusterParam.java,57,57,57.0,57,40,40.0,40,17,17.0,17,1,0,1,NO
3,storm-core/src/jvm/backtype/storm/testing/MkTupleParam.java,51,51,51.0,51,34,34.0,34,17,17.0,17,1,0,1,NO
3,storm-core/src/jvm/backtype/storm/testing/MockedSources.java,60,60,60.0,60,43,43.0,43,17,17.0,17,1,0,1,NO
3,storm-core/src/jvm/backtype/storm/testing/NGrouping.java,50,17,17.0,17,0,0.0,0,17,17.0,17,1,0,1,NO
3,storm-core/src/jvm/backtype/storm/testing/NonRichBoltTracker.java,51,17,17.0,17,0,0.0,0,17,17.0,17,1,0,1,NO
3,storm-core/src/jvm/backtype/storm/testing/OpaqueMemoryTransactionalSpout.java,186,17,17.0,17,0,0.0,0,17,17.0,17,1,0,1,NO
3,storm-core/src/jvm/backtype/storm/testing/PrepareBatchBolt.java,52,17,17.0,17,0,0.0,0,17,17.0,17,1,0,1,NO
3,storm-core/src/jvm/backtype/storm/testing/SpoutTracker.java,105,17,17.0,17,0,0.0,0,17,17.0,17,1,0,1,NO
3,storm-core/src/jvm/backtype/storm/testing/TestAggregatesCounter.java,63,17,17.0,17,0,0.0,0,17,17.0,17,1,0,1,NO
3,storm-core/src/jvm/backtype/storm/testing/TestConfBolt.java,62,17,17.0,17,0,0.0,0,17,17.0,17,1,0,1,NO
3,storm-core/src/jvm/backtype/storm/testing/TestEventLogSpout.java,139,860,107.5,139,26,3.25,13,834,104.25,139,8,1,5,YES
3,storm-core/src/jvm/backtype/storm/testing/TestEventOrderCheckBolt.java,76,456,76.0,76,0,0.0,0,456,76.0,76,6,1,5,YES
3,storm-core/src/jvm/backtype/storm/testing/TestGlobalCount.java,60,17,17.0,17,0,0.0,0,17,17.0,17,1,0,1,NO
3,storm-core/src/jvm/backtype/storm/testing/TestJob.java,41,41,41.0,41,24,24.0,24,17,17.0,17,1,0,1,NO
3,storm-core/src/jvm/backtype/storm/testing/TestKryoDecorator.java,31,17,17.0,17,0,0.0,0,17,17.0,17,1,0,1,NO
3,storm-core/src/jvm/backtype/storm/testing/TestPlannerBolt.java,45,17,17.0,17,0,0.0,0,17,17.0,17,1,0,1,NO
3,storm-core/src/jvm/backtype/storm/testing/TestPlannerSpout.java,85,17,17.0,17,0,0.0,0,17,17.0,17,1,0,1,NO
3,storm-core/src/jvm/backtype/storm/testing/TestSerObject.java,37,17,17.0,17,0,0.0,0,17,17.0,17,1,0,1,NO
3,storm-core/src/jvm/backtype/storm/testing/TestWordCounter.java,61,17,17.0,17,0,0.0,0,17,17.0,17,1,0,1,NO
3,storm-core/src/jvm/backtype/storm/testing/TestWordSpout.java,86,17,17.0,17,0,0.0,0,17,17.0,17,1,0,1,NO
3,storm-core/src/jvm/backtype/storm/testing/TrackedTopology.java,34,34,34.0,34,17,17.0,17,17,17.0,17,1,0,1,NO
3,storm-core/src/jvm/backtype/storm/testing/TupleCaptureBolt.java,83,17,17.0,17,0,0.0,0,17,17.0,17,1,0,1,NO
3,storm-core/src/jvm/backtype/storm/topology/BaseConfigurationDeclarer.java,54,17,17.0,17,0,0.0,0,17,17.0,17,1,0,1,NO
3,storm-core/src/jvm/backtype/storm/topology/BasicBoltExecutor.java,67,17,17.0,17,0,0.0,0,17,17.0,17,1,0,1,NO
3,storm-core/src/jvm/backtype/storm/topology/BasicOutputCollector.java,62,17,17.0,17,0,0.0,0,17,17.0,17,1,0,1,NO
3,storm-core/src/jvm/backtype/storm/topology/BoltDeclarer.java,22,17,17.0,17,0,0.0,0,17,17.0,17,1,0,1,NO
3,storm-core/src/jvm/backtype/storm/topology/ComponentConfigurationDeclarer.java,29,17,17.0,17,0,0.0,0,17,17.0,17,1,0,1,NO
3,storm-core/src/jvm/backtype/storm/topology/FailedException.java,36,17,17.0,17,0,0.0,0,17,17.0,17,1,0,1,NO
3,storm-core/src/jvm/backtype/storm/topology/IBasicBolt.java,33,17,17.0,17,0,0.0,0,17,17.0,17,1,0,1,NO
3,storm-core/src/jvm/backtype/storm/topology/IBasicOutputCollector.java,26,17,17.0,17,0,0.0,0,17,17.0,17,1,0,1,NO
3,storm-core/src/jvm/backtype/storm/topology/IComponent.java,44,17,17.0,17,0,0.0,0,17,17.0,17,1,0,1,NO
3,storm-core/src/jvm/backtype/storm/topology/IRichBolt.java,29,17,17.0,17,0,0.0,0,17,17.0,17,1,0,1,NO
3,storm-core/src/jvm/backtype/storm/topology/IRichSpout.java,29,17,17.0,17,0,0.0,0,17,17.0,17,1,0,1,NO
3,storm-core/src/jvm/backtype/storm/topology/IRichStateSpout.java,25,17,17.0,17,0,0.0,0,17,17.0,17,1,0,1,NO
3,storm-core/src/jvm/backtype/storm/topology/InputDeclarer.java,53,17,17.0,17,0,0.0,0,17,17.0,17,1,0,1,NO
3,storm-core/src/jvm/backtype/storm/topology/OutputFieldsDeclarer.java,32,17,17.0,17,0,0.0,0,17,17.0,17,1,0,1,NO
3,storm-core/src/jvm/backtype/storm/topology/OutputFieldsGetter.java,53,17,17.0,17,0,0.0,0,17,17.0,17,1,0,1,NO
3,storm-core/src/jvm/backtype/storm/topology/ReportedFailedException.java,36,17,17.0,17,0,0.0,0,17,17.0,17,1,0,1,NO
3,storm-core/src/jvm/backtype/storm/topology/SpoutDeclarer.java,22,17,17.0,17,0,0.0,0,17,17.0,17,1,0,1,NO
3,storm-core/src/jvm/backtype/storm/topology/TopologyBuilder.java,359,17,17.0,17,0,0.0,0,17,17.0,17,1,0,1,NO
3,storm-core/src/jvm/backtype/storm/topology/base/BaseBasicBolt.java,33,17,17.0,17,0,0.0,0,17,17.0,17,1,0,1,NO
3,storm-core/src/jvm/backtype/storm/topology/base/BaseBatchBolt.java,25,17,17.0,17,0,0.0,0,17,17.0,17,1,0,1,NO
3,storm-core/src/jvm/backtype/storm/topology/base/BaseComponent.java,28,17,17.0,17,0,0.0,0,17,17.0,17,1,0,1,NO
3,storm-core/src/jvm/backtype/storm/topology/base/BaseOpaquePartitionedTransactionalSpout.java,25,17,17.0,17,0,0.0,0,17,17.0,17,1,0,1,NO
3,storm-core/src/jvm/backtype/storm/topology/base/BasePartitionedTransactionalSpout.java,25,17,17.0,17,0,0.0,0,17,17.0,17,1,0,1,NO
3,storm-core/src/jvm/backtype/storm/topology/base/BaseRichBolt.java,26,17,17.0,17,0,0.0,0,17,17.0,17,1,0,1,NO
3,storm-core/src/jvm/backtype/storm/topology/base/BaseRichSpout.java,50,17,17.0,17,0,0.0,0,17,17.0,17,1,0,1,NO
3,storm-core/src/jvm/backtype/storm/topology/base/BaseTransactionalBolt.java,24,17,17.0,17,0,0.0,0,17,17.0,17,1,0,1,NO
3,storm-core/src/jvm/backtype/storm/topology/base/BaseTransactionalSpout.java,25,17,17.0,17,0,0.0,0,17,17.0,17,1,0,1,NO
3,storm-core/src/jvm/backtype/storm/transactional/ICommitter.java,26,17,17.0,17,0,0.0,0,17,17.0,17,1,0,1,NO
3,storm-core/src/jvm/backtype/storm/transactional/ICommitterTransactionalSpout.java,31,17,17.0,17,0,0.0,0,17,17.0,17,1,0,1,NO
3,storm-core/src/jvm/backtype/storm/transactional/ITransactionalSpout.java,94,17,17.0,17,0,0.0,0,17,17.0,17,1,0,1,NO
3,storm-core/src/jvm/backtype/storm/transactional/TransactionAttempt.java,61,17,17.0,17,0,0.0,0,17,17.0,17,1,0,1,NO
3,storm-core/src/jvm/backtype/storm/transactional/TransactionalSpoutBatchExecutor.java,96,17,17.0,17,0,0.0,0,17,17.0,17,1,0,1,NO
3,storm-core/src/jvm/backtype/storm/transactional/TransactionalSpoutCoordinator.java,217,17,17.0,17,0,0.0,0,17,17.0,17,1,0,1,NO
3,storm-core/src/jvm/backtype/storm/transactional/TransactionalTopologyBuilder.java,510,17,17.0,17,0,0.0,0,17,17.0,17,1,0,1,NO
3,storm-core/src/jvm/backtype/storm/transactional/partitioned/IOpaquePartitionedTransactionalSpout.java,56,17,17.0,17,0,0.0,0,17,17.0,17,1,0,1,NO
3,storm-core/src/jvm/backtype/storm/transactional/partitioned/IPartitionedTransactionalSpout.java,69,17,17.0,17,0,0.0,0,17,17.0,17,1,0,1,NO
3,storm-core/src/jvm/backtype/storm/transactional/partitioned/OpaquePartitionedTransactionalSpoutExecutor.java,159,17,17.0,17,0,0.0,0,17,17.0,17,1,0,1,NO
3,storm-core/src/jvm/backtype/storm/transactional/partitioned/PartitionedTransactionalSpoutExecutor.java,142,17,17.0,17,0,0.0,0,17,17.0,17,1,0,1,NO
3,storm-core/src/jvm/backtype/storm/transactional/state/RotatingTransactionalState.java,149,17,17.0,17,0,0.0,0,17,17.0,17,1,0,1,NO
3,storm-core/src/jvm/backtype/storm/transactional/state/TransactionalState.java,139,67,9.571428571428571,45,16,2.2857142857142856,11,51,7.285714285714286,34,7,0,4,YES
3,storm-core/src/jvm/backtype/storm/tuple/Fields.java,100,17,17.0,17,0,0.0,0,17,17.0,17,1,0,1,NO
3,storm-core/src/jvm/backtype/storm/tuple/MessageId.java,98,17,17.0,17,0,0.0,0,17,17.0,17,1,0,1,NO
3,storm-core/src/jvm/backtype/storm/tuple/Tuple.java,171,17,17.0,17,0,0.0,0,17,17.0,17,1,0,1,NO
3,storm-core/src/jvm/backtype/storm/tuple/TupleImpl.java,351,17,17.0,17,0,0.0,0,17,17.0,17,1,0,1,NO
3,storm-core/src/jvm/backtype/storm/tuple/Values.java,37,17,17.0,17,0,0.0,0,17,17.0,17,1,0,1,NO
3,storm-core/src/jvm/backtype/storm/utils/BufferFileInputStream.java,54,17,17.0,17,0,0.0,0,17,17.0,17,1,0,1,NO
3,storm-core/src/jvm/backtype/storm/utils/CRC32OutputStream.java,44,17,17.0,17,0,0.0,0,17,17.0,17,1,0,1,NO
3,storm-core/src/jvm/backtype/storm/utils/ClojureTimerTask.java,35,17,17.0,17,0,0.0,0,17,17.0,17,1,0,1,NO
3,storm-core/src/jvm/backtype/storm/utils/Container.java,24,17,17.0,17,0,0.0,0,17,17.0,17,1,0,1,NO
3,storm-core/src/jvm/backtype/storm/utils/DRPCClient.java,84,54,13.5,22,56,14.0,41,36,9.0,19,4,0,4,NO
3,storm-core/src/jvm/backtype/storm/utils/DisruptorQueue.java,217,355,23.666666666666668,50,158,10.533333333333333,35,203,13.533333333333333,28,15,2,7,YES
3,storm-core/src/jvm/backtype/storm/utils/IndifferentAccessMap.java,177,17,17.0,17,0,0.0,0,17,17.0,17,1,0,1,NO
3,storm-core/src/jvm/backtype/storm/utils/InprocMessaging.java,59,17,17.0,17,0,0.0,0,17,17.0,17,1,0,1,NO
3,storm-core/src/jvm/backtype/storm/utils/KeyedRoundRobinQueue.java,68,17,17.0,17,0,0.0,0,17,17.0,17,1,0,1,NO
3,storm-core/src/jvm/backtype/storm/utils/ListDelegate.java,156,17,17.0,17,0,0.0,0,17,17.0,17,1,0,1,NO
3,storm-core/src/jvm/backtype/storm/utils/LocalState.java,90,29,14.5,17,3,1.5,3,26,13.0,17,2,0,2,YES
3,storm-core/src/jvm/backtype/storm/utils/MutableInt.java,43,17,17.0,17,0,0.0,0,17,17.0,17,1,0,1,NO
3,storm-core/src/jvm/backtype/storm/utils/MutableLong.java,43,17,17.0,17,0,0.0,0,17,17.0,17,1,0,1,NO
3,storm-core/src/jvm/backtype/storm/utils/MutableObject.java,38,17,17.0,17,0,0.0,0,17,17.0,17,1,0,1,NO
3,storm-core/src/jvm/backtype/storm/utils/NimbusClient.java,54,28,7.0,18,6,1.5,3,22,5.5,17,4,0,4,NO
3,storm-core/src/jvm/backtype/storm/utils/RegisteredGlobalState.java,64,17,17.0,17,0,0.0,0,17,17.0,17,1,0,1,NO
3,storm-core/src/jvm/backtype/storm/utils/RotatingMap.java,124,17,17.0,17,0,0.0,0,17,17.0,17,1,0,1,NO
3,storm-core/src/jvm/backtype/storm/utils/ServiceRegistry.java,47,17,17.0,17,0,0.0,0,17,17.0,17,1,0,1,NO
3,storm-core/src/jvm/backtype/storm/utils/ShellProcess.java,144,227,45.4,83,182,36.4,88,65,13.0,38,5,0,4,YES
3,storm-core/src/jvm/backtype/storm/utils/ThriftTopologyUtils.java,58,17,17.0,17,0,0.0,0,17,17.0,17,1,0,1,NO
3,storm-core/src/jvm/backtype/storm/utils/Time.java,109,113,12.555555555555555,17,48,5.333333333333333,6,65,7.222222222222222,17,9,0,7,YES
3,storm-core/src/jvm/backtype/storm/utils/TimeCacheMap.java,161,17,17.0,17,0,0.0,0,17,17.0,17,1,0,1,NO
3,storm-core/src/jvm/backtype/storm/utils/TransferDrainer.java,113,680,85.0,113,2,0.25,1,678,84.75,113,8,1,5,YES
3,storm-core/src/jvm/backtype/storm/utils/Utils.java,452,687,21.46875,111,338,10.5625,40,415,12.96875,88,32,1,12,YES
3,storm-core/src/jvm/backtype/storm/utils/VersionedStore.java,186,17,17.0,17,0,0.0,0,17,17.0,17,1,0,1,NO
3,storm-core/src/jvm/backtype/storm/utils/WindowedTimeThrottler.java,51,17,17.0,17,0,0.0,0,17,17.0,17,1,0,1,NO
3,storm-core/src/jvm/backtype/storm/utils/WritableUtils.java,375,17,17.0,17,0,0.0,0,17,17.0,17,1,0,1,NO
3,storm-core/src/jvm/backtype/storm/utils/ZookeeperAuthInfo.java,48,24,12.0,17,2,1.0,2,22,11.0,17,2,0,2,NO
3,storm-core/src/jvm/storm/trident/JoinType.java,30,17,17.0,17,0,0.0,0,17,17.0,17,1,0,1,NO
3,storm-core/src/jvm/storm/trident/Stream.java,377,29,7.25,17,3,0.75,1,26,6.5,17,4,0,4,YES
3,storm-core/src/jvm/storm/trident/TridentState.java,40,17,17.0,17,0,0.0,0,17,17.0,17,1,0,1,NO
3,storm-core/src/jvm/storm/trident/TridentTopology.java,813,17,17.0,17,0,0.0,0,17,17.0,17,1,0,1,NO
3,storm-core/src/jvm/storm/trident/drpc/ReturnResultsReducer.java,112,31,7.75,18,5,1.25,2,26,6.5,17,4,0,4,NO
3,storm-core/src/jvm/storm/trident/fluent/ChainedAggregatorDeclarer.java,183,17,17.0,17,0,0.0,0,17,17.0,17,1,0,1,NO
3,storm-core/src/jvm/storm/trident/fluent/ChainedFullAggregatorDeclarer.java,32,17,17.0,17,0,0.0,0,17,17.0,17,1,0,1,NO
3,storm-core/src/jvm/storm/trident/fluent/ChainedPartitionAggregatorDeclarer.java,32,17,17.0,17,0,0.0,0,17,17.0,17,1,0,1,NO
3,storm-core/src/jvm/storm/trident/fluent/GlobalAggregationScheme.java,26,17,17.0,17,0,0.0,0,17,17.0,17,1,0,1,NO
3,storm-core/src/jvm/storm/trident/fluent/GroupedStream.java,174,17,17.0,17,0,0.0,0,17,17.0,17,1,0,1,NO
3,storm-core/src/jvm/storm/trident/fluent/IAggregatableStream.java,31,17,17.0,17,0,0.0,0,17,17.0,17,1,0,1,NO
3,storm-core/src/jvm/storm/trident/fluent/IChainedAggregatorDeclarer.java,24,17,17.0,17,0,0.0,0,17,17.0,17,1,0,1,NO
3,storm-core/src/jvm/storm/trident/fluent/UniqueIdGen.java,34,17,17.0,17,0,0.0,0,17,17.0,17,1,0,1,NO
3,storm-core/src/jvm/storm/trident/graph/GraphGrouper.java,123,17,17.0,17,0,0.0,0,17,17.0,17,1,0,1,NO
3,storm-core/src/jvm/storm/trident/graph/Group.java,87,17,17.0,17,0,0.0,0,17,17.0,17,1,0,1,NO
3,storm-core/src/jvm/storm/trident/operation/Aggregator.java,26,17,17.0,17,0,0.0,0,17,17.0,17,1,0,1,NO
3,storm-core/src/jvm/storm/trident/operation/Assembly.java,25,17,17.0,17,0,0.0,0,17,17.0,17,1,0,1,NO
3,storm-core/src/jvm/storm/trident/operation/BaseAggregator.java,23,17,17.0,17,0,0.0,0,17,17.0,17,1,0,1,NO
3,storm-core/src/jvm/storm/trident/operation/BaseFilter.java,23,17,17.0,17,0,0.0,0,17,17.0,17,1,0,1,NO
3,storm-core/src/jvm/storm/trident/operation/BaseFunction.java,23,17,17.0,17,0,0.0,0,17,17.0,17,1,0,1,NO
3,storm-core/src/jvm/storm/trident/operation/BaseMultiReducer.java,33,17,17.0,17,0,0.0,0,17,17.0,17,1,0,1,NO
3,storm-core/src/jvm/storm/trident/operation/BaseOperation.java,32,17,17.0,17,0,0.0,0,17,17.0,17,1,0,1,NO
3,storm-core/src/jvm/storm/trident/operation/CombinerAggregator.java,29,17,17.0,17,0,0.0,0,17,17.0,17,1,0,1,NO
3,storm-core/src/jvm/storm/trident/operation/EachOperation.java,22,17,17.0,17,0,0.0,0,17,17.0,17,1,0,1,NO
3,storm-core/src/jvm/storm/trident/operation/Filter.java,25,17,17.0,17,0,0.0,0,17,17.0,17,1,0,1,NO
3,storm-core/src/jvm/storm/trident/operation/Function.java,24,17,17.0,17,0,0.0,0,17,17.0,17,1,0,1,NO
3,storm-core/src/jvm/storm/trident/operation/GroupedMultiReducer.java,31,17,17.0,17,0,0.0,0,17,17.0,17,1,0,1,NO
3,storm-core/src/jvm/storm/trident/operation/MultiReducer.java,31,17,17.0,17,0,0.0,0,17,17.0,17,1,0,1,NO
3,storm-core/src/jvm/storm/trident/operation/Operation.java,26,17,17.0,17,0,0.0,0,17,17.0,17,1,0,1,NO
3,storm-core/src/jvm/storm/trident/operation/ReducerAggregator.java,26,17,17.0,17,0,0.0,0,17,17.0,17,1,0,1,NO
3,storm-core/src/jvm/storm/trident/operation/TridentCollector.java,26,17,17.0,17,0,0.0,0,17,17.0,17,1,0,1,NO
3,storm-core/src/jvm/storm/trident/operation/TridentMultiReducerContext.java,36,17,17.0,17,0,0.0,0,17,17.0,17,1,0,1,NO
3,storm-core/src/jvm/storm/trident/operation/TridentOperationContext.java,65,17,17.0,17,0,0.0,0,17,17.0,17,1,0,1,NO
3,storm-core/src/jvm/storm/trident/operation/builtin/Count.java,41,17,17.0,17,0,0.0,0,17,17.0,17,1,0,1,NO
3,storm-core/src/jvm/storm/trident/operation/builtin/Debug.java,39,17,17.0,17,0,0.0,0,17,17.0,17,1,0,1,NO
3,storm-core/src/jvm/storm/trident/operation/builtin/Equals.java,38,17,17.0,17,0,0.0,0,17,17.0,17,1,0,1,NO
3,storm-core/src/jvm/storm/trident/operation/builtin/FilterNull.java,31,17,17.0,17,0,0.0,0,17,17.0,17,1,0,1,NO
3,storm-core/src/jvm/storm/trident/operation/builtin/FirstN.java,125,17,17.0,17,0,0.0,0,17,17.0,17,1,0,1,NO
3,storm-core/src/jvm/storm/trident/operation/builtin/MapGet.java,38,17,17.0,17,0,0.0,0,17,17.0,17,1,0,1,NO
3,storm-core/src/jvm/storm/trident/operation/builtin/Negate.java,48,17,17.0,17,0,0.0,0,17,17.0,17,1,0,1,NO
3,storm-core/src/jvm/storm/trident/operation/builtin/SnapshotGet.java,44,17,17.0,17,0,0.0,0,17,17.0,17,1,0,1,NO
3,storm-core/src/jvm/storm/trident/operation/builtin/Sum.java,42,17,17.0,17,0,0.0,0,17,17.0,17,1,0,1,NO
3,storm-core/src/jvm/storm/trident/operation/builtin/TupleCollectionGet.java,46,17,17.0,17,0,0.0,0,17,17.0,17,1,0,1,NO
3,storm-core/src/jvm/storm/trident/operation/impl/CaptureCollector.java,42,17,17.0,17,0,0.0,0,17,17.0,17,1,0,1,NO
3,storm-core/src/jvm/storm/trident/operation/impl/ChainedAggregatorImpl.java,113,17,17.0,17,0,0.0,0,17,17.0,17,1,0,1,NO
3,storm-core/src/jvm/storm/trident/operation/impl/ChainedResult.java,53,17,17.0,17,0,0.0,0,17,17.0,17,1,0,1,NO
3,storm-core/src/jvm/storm/trident/operation/impl/CombinerAggStateUpdater.java,56,17,17.0,17,0,0.0,0,17,17.0,17,1,0,1,NO
3,storm-core/src/jvm/storm/trident/operation/impl/CombinerAggregatorCombineImpl.java,61,17,17.0,17,0,0.0,0,17,17.0,17,1,0,1,NO
3,storm-core/src/jvm/storm/trident/operation/impl/CombinerAggregatorInitImpl.java,49,17,17.0,17,0,0.0,0,17,17.0,17,1,0,1,NO
3,storm-core/src/jvm/storm/trident/operation/impl/FilterExecutor.java,53,17,17.0,17,0,0.0,0,17,17.0,17,1,0,1,NO
3,storm-core/src/jvm/storm/trident/operation/impl/GlobalBatchToPartition.java,29,17,17.0,17,0,0.0,0,17,17.0,17,1,0,1,NO
3,storm-core/src/jvm/storm/trident/operation/impl/GroupCollector.java,48,17,17.0,17,0,0.0,0,17,17.0,17,1,0,1,NO
3,storm-core/src/jvm/storm/trident/operation/impl/GroupedAggregator.java,96,17,17.0,17,0,0.0,0,17,17.0,17,1,0,1,NO
3,storm-core/src/jvm/storm/trident/operation/impl/GroupedMultiReducerExecutor.java,95,17,17.0,17,0,0.0,0,17,17.0,17,1,0,1,NO
3,storm-core/src/jvm/storm/trident/operation/impl/IdentityMultiReducer.java,51,17,17.0,17,0,0.0,0,17,17.0,17,1,0,1,NO
3,storm-core/src/jvm/storm/trident/operation/impl/IndexHashBatchToPartition.java,29,17,17.0,17,0,0.0,0,17,17.0,17,1,0,1,NO
3,storm-core/src/jvm/storm/trident/operation/impl/JoinerMultiReducer.java,159,17,17.0,17,0,0.0,0,17,17.0,17,1,0,1,NO
3,storm-core/src/jvm/storm/trident/operation/impl/ReducerAggStateUpdater.java,53,17,17.0,17,0,0.0,0,17,17.0,17,1,0,1,NO
3,storm-core/src/jvm/storm/trident/operation/impl/ReducerAggregatorImpl.java,56,17,17.0,17,0,0.0,0,17,17.0,17,1,0,1,NO
3,storm-core/src/jvm/storm/trident/operation/impl/Result.java,27,17,17.0,17,0,0.0,0,17,17.0,17,1,0,1,NO
3,storm-core/src/jvm/storm/trident/operation/impl/SingleEmitAggregator.java,95,17,17.0,17,0,0.0,0,17,17.0,17,1,0,1,NO
3,storm-core/src/jvm/storm/trident/operation/impl/TrueFilter.java,40,17,17.0,17,0,0.0,0,17,17.0,17,1,0,1,NO
3,storm-core/src/jvm/storm/trident/partition/GlobalGrouping.java,45,17,17.0,17,0,0.0,0,17,17.0,17,1,0,1,NO
3,storm-core/src/jvm/storm/trident/partition/IdentityGrouping.java,61,17,17.0,17,0,0.0,0,17,17.0,17,1,0,1,NO
3,storm-core/src/jvm/storm/trident/partition/IndexHashGrouping.java,53,17,17.0,17,0,0.0,0,17,17.0,17,1,0,1,NO
3,storm-core/src/jvm/storm/trident/planner/BridgeReceiver.java,38,17,17.0,17,0,0.0,0,17,17.0,17,1,0,1,NO
3,storm-core/src/jvm/storm/trident/planner/Node.java,64,17,17.0,17,0,0.0,0,17,17.0,17,1,0,1,NO
3,storm-core/src/jvm/storm/trident/planner/NodeStateInfo.java,31,17,17.0,17,0,0.0,0,17,17.0,17,1,0,1,NO
3,storm-core/src/jvm/storm/trident/planner/PartitionNode.java,52,17,17.0,17,0,0.0,0,17,17.0,17,1,0,1,NO
3,storm-core/src/jvm/storm/trident/planner/ProcessorContext.java,29,17,17.0,17,0,0.0,0,17,17.0,17,1,0,1,NO
3,storm-core/src/jvm/storm/trident/planner/ProcessorNode.java,33,17,17.0,17,0,0.0,0,17,17.0,17,1,0,1,NO
3,storm-core/src/jvm/storm/trident/planner/SpoutNode.java,39,17,17.0,17,0,0.0,0,17,17.0,17,1,0,1,NO
3,storm-core/src/jvm/storm/trident/planner/SubtopologyBolt.java,218,17,17.0,17,0,0.0,0,17,17.0,17,1,0,1,NO
3,storm-core/src/jvm/storm/trident/planner/TridentProcessor.java,40,17,17.0,17,0,0.0,0,17,17.0,17,1,0,1,NO
3,storm-core/src/jvm/storm/trident/planner/TupleReceiver.java,27,17,17.0,17,0,0.0,0,17,17.0,17,1,0,1,NO
3,storm-core/src/jvm/storm/trident/planner/processor/AggregateProcessor.java,84,17,17.0,17,0,0.0,0,17,17.0,17,1,0,1,NO
3,storm-core/src/jvm/storm/trident/planner/processor/AppendCollector.java,62,17,17.0,17,0,0.0,0,17,17.0,17,1,0,1,NO
3,storm-core/src/jvm/storm/trident/planner/processor/EachProcessor.java,80,17,17.0,17,0,0.0,0,17,17.0,17,1,0,1,NO
3,storm-core/src/jvm/storm/trident/planner/processor/FreshCollector.java,59,17,17.0,17,0,0.0,0,17,17.0,17,1,0,1,NO
3,storm-core/src/jvm/storm/trident/planner/processor/MultiReducerProcessor.java,93,17,17.0,17,0,0.0,0,17,17.0,17,1,0,1,NO
3,storm-core/src/jvm/storm/trident/planner/processor/PartitionPersistProcessor.java,107,17,17.0,17,0,0.0,0,17,17.0,17,1,0,1,NO
3,storm-core/src/jvm/storm/trident/planner/processor/ProjectedProcessor.java,73,17,17.0,17,0,0.0,0,17,17.0,17,1,0,1,NO
3,storm-core/src/jvm/storm/trident/planner/processor/StateQueryProcessor.java,106,17,17.0,17,0,0.0,0,17,17.0,17,1,0,1,NO
3,storm-core/src/jvm/storm/trident/planner/processor/TridentContext.java,76,17,17.0,17,0,0.0,0,17,17.0,17,1,0,1,NO
3,storm-core/src/jvm/storm/trident/spout/BatchSpoutExecutor.java,92,17,17.0,17,0,0.0,0,17,17.0,17,1,0,1,NO
3,storm-core/src/jvm/storm/trident/spout/IBatchID.java,24,17,17.0,17,0,0.0,0,17,17.0,17,1,0,1,NO
3,storm-core/src/jvm/storm/trident/spout/IBatchSpout.java,33,17,17.0,17,0,0.0,0,17,17.0,17,1,0,1,NO
3,storm-core/src/jvm/storm/trident/spout/ICommitterTridentSpout.java,31,17,17.0,17,0,0.0,0,17,17.0,17,1,0,1,NO
3,storm-core/src/jvm/storm/trident/spout/IOpaquePartitionedTridentSpout.java,62,17,17.0,17,0,0.0,0,17,17.0,17,1,0,1,NO
3,storm-core/src/jvm/storm/trident/spout/IPartitionedTridentSpout.java,77,17,17.0,17,0,0.0,0,17,17.0,17,1,0,1,NO
3,storm-core/src/jvm/storm/trident/spout/ISpoutPartition.java,25,17,17.0,17,0,0.0,0,17,17.0,17,1,0,1,NO
3,storm-core/src/jvm/storm/trident/spout/ITridentSpout.java,94,17,17.0,17,0,0.0,0,17,17.0,17,1,0,1,NO
3,storm-core/src/jvm/storm/trident/spout/OpaquePartitionedTridentSpoutExecutor.java,201,17,17.0,17,0,0.0,0,17,17.0,17,1,0,1,NO
3,storm-core/src/jvm/storm/trident/spout/PartitionedTridentSpoutExecutor.java,171,17,17.0,17,0,0.0,0,17,17.0,17,1,0,1,NO
3,storm-core/src/jvm/storm/trident/spout/RichSpoutBatchExecutor.java,198,17,17.0,17,0,0.0,0,17,17.0,17,1,0,1,NO
3,storm-core/src/jvm/storm/trident/spout/RichSpoutBatchId.java,49,17,17.0,17,0,0.0,0,17,17.0,17,1,0,1,NO
3,storm-core/src/jvm/storm/trident/spout/RichSpoutBatchIdSerializer.java,38,17,17.0,17,0,0.0,0,17,17.0,17,1,0,1,NO
3,storm-core/src/jvm/storm/trident/spout/RichSpoutBatchTriggerer.java,178,24,3.0,17,0,0.0,0,24,3.0,17,8,0,7,YES
3,storm-core/src/jvm/storm/trident/spout/TridentSpoutCoordinator.java,94,17,17.0,17,0,0.0,0,17,17.0,17,1,0,1,NO
3,storm-core/src/jvm/storm/trident/spout/TridentSpoutExecutor.java,138,17,17.0,17,0,0.0,0,17,17.0,17,1,0,1,NO
3,storm-core/src/jvm/storm/trident/state/BaseQueryFunction.java,25,17,17.0,17,0,0.0,0,17,17.0,17,1,0,1,NO
3,storm-core/src/jvm/storm/trident/state/BaseStateUpdater.java,25,17,17.0,17,0,0.0,0,17,17.0,17,1,0,1,NO
3,storm-core/src/jvm/storm/trident/state/CombinerValueUpdater.java,36,17,17.0,17,0,0.0,0,17,17.0,17,1,0,1,NO
3,storm-core/src/jvm/storm/trident/state/ITupleCollection.java,26,17,17.0,17,0,0.0,0,17,17.0,17,1,0,1,NO
3,storm-core/src/jvm/storm/trident/state/JSONNonTransactionalSerializer.java,44,17,17.0,17,0,0.0,0,17,17.0,17,1,0,1,NO
3,storm-core/src/jvm/storm/trident/state/JSONOpaqueSerializer.java,52,17,17.0,17,0,0.0,0,17,17.0,17,1,0,1,NO
3,storm-core/src/jvm/storm/trident/state/JSONTransactionalSerializer.java,50,17,17.0,17,0,0.0,0,17,17.0,17,1,0,1,NO
3,storm-core/src/jvm/storm/trident/state/OpaqueValue.java,75,17,17.0,17,0,0.0,0,17,17.0,17,1,0,1,NO
3,storm-core/src/jvm/storm/trident/state/QueryFunction.java,28,17,17.0,17,0,0.0,0,17,17.0,17,1,0,1,NO
3,storm-core/src/jvm/storm/trident/state/ReadOnlyState.java,31,17,17.0,17,0,0.0,0,17,17.0,17,1,0,1,NO
3,storm-core/src/jvm/storm/trident/state/ReducerValueUpdater.java,41,17,17.0,17,0,0.0,0,17,17.0,17,1,0,1,NO
3,storm-core/src/jvm/storm/trident/state/Serializer.java,26,17,17.0,17,0,0.0,0,17,17.0,17,1,0,1,NO
3,storm-core/src/jvm/storm/trident/state/State.java,39,17,17.0,17,0,0.0,0,17,17.0,17,1,0,1,NO
3,storm-core/src/jvm/storm/trident/state/StateFactory.java,26,17,17.0,17,0,0.0,0,17,17.0,17,1,0,1,NO
3,storm-core/src/jvm/storm/trident/state/StateSpec.java,30,17,17.0,17,0,0.0,0,17,17.0,17,1,0,1,NO
3,storm-core/src/jvm/storm/trident/state/StateType.java,25,17,17.0,17,0,0.0,0,17,17.0,17,1,0,1,NO
3,storm-core/src/jvm/storm/trident/state/StateUpdater.java,33,17,17.0,17,0,0.0,0,17,17.0,17,1,0,1,NO
3,storm-core/src/jvm/storm/trident/state/TransactionalValue.java,44,17,17.0,17,0,0.0,0,17,17.0,17,1,0,1,NO
3,storm-core/src/jvm/storm/trident/state/ValueUpdater.java,23,17,17.0,17,0,0.0,0,17,17.0,17,1,0,1,NO
3,storm-core/src/jvm/storm/trident/state/map/CachedBatchReadsMap.java,80,17,17.0,17,0,0.0,0,17,17.0,17,1,0,1,NO
3,storm-core/src/jvm/storm/trident/state/map/CachedMap.java,79,17,17.0,17,0,0.0,0,17,17.0,17,1,0,1,NO
3,storm-core/src/jvm/storm/trident/state/map/IBackingMap.java,26,17,17.0,17,0,0.0,0,17,17.0,17,1,0,1,NO
3,storm-core/src/jvm/storm/trident/state/map/MapCombinerAggStateUpdater.java,83,17,17.0,17,0,0.0,0,17,17.0,17,1,0,1,NO
3,storm-core/src/jvm/storm/trident/state/map/MapReducerAggStateUpdater.java,92,17,17.0,17,0,0.0,0,17,17.0,17,1,0,1,NO
3,storm-core/src/jvm/storm/trident/state/map/MapState.java,26,17,17.0,17,0,0.0,0,17,17.0,17,1,0,1,NO
3,storm-core/src/jvm/storm/trident/state/map/MicroBatchIBackingMap.java,85,17,17.0,17,0,0.0,0,17,17.0,17,1,0,1,NO
3,storm-core/src/jvm/storm/trident/state/map/NonTransactionalMap.java,67,17,17.0,17,0,0.0,0,17,17.0,17,1,0,1,NO
3,storm-core/src/jvm/storm/trident/state/map/OpaqueMap.java,124,57,6.333333333333333,17,8,0.8888888888888888,1,49,5.444444444444445,17,9,0,6,YES
3,storm-core/src/jvm/storm/trident/state/map/ReadOnlyMapState.java,26,17,17.0,17,0,0.0,0,17,17.0,17,1,0,1,NO
3,storm-core/src/jvm/storm/trident/state/map/RemovableMapState.java,25,115,10.454545454545455,17,0,0.0,0,115,10.454545454545455,17,11,0,7,YES
3,storm-core/src/jvm/storm/trident/state/map/SnapshottableMap.java,76,17,17.0,17,0,0.0,0,17,17.0,17,1,0,1,NO
3,storm-core/src/jvm/storm/trident/state/map/TransactionalMap.java,109,17,17.0,17,0,0.0,0,17,17.0,17,1,0,1,NO
3,storm-core/src/jvm/storm/trident/state/snapshot/ReadOnlySnapshottable.java,24,17,17.0,17,0,0.0,0,17,17.0,17,1,0,1,NO
3,storm-core/src/jvm/storm/trident/state/snapshot/Snapshottable.java,27,17,17.0,17,0,0.0,0,17,17.0,17,1,0,1,NO
3,storm-core/src/jvm/storm/trident/testing/CountAsAggregator.java,47,17,17.0,17,0,0.0,0,17,17.0,17,1,0,1,NO
3,storm-core/src/jvm/storm/trident/testing/FeederBatchSpout.java,185,17,17.0,17,0,0.0,0,17,17.0,17,1,0,1,NO
3,storm-core/src/jvm/storm/trident/testing/FeederCommitterBatchSpout.java,96,17,17.0,17,0,0.0,0,17,17.0,17,1,0,1,NO
3,storm-core/src/jvm/storm/trident/testing/FixedBatchSpout.java,97,17,17.0,17,0,0.0,0,17,17.0,17,1,0,1,NO
3,storm-core/src/jvm/storm/trident/testing/IFeeder.java,23,17,17.0,17,0,0.0,0,17,17.0,17,1,0,1,NO
3,storm-core/src/jvm/storm/trident/testing/LRUMemoryMapState.java,154,17,17.0,17,0,0.0,0,17,17.0,17,1,0,1,NO
3,storm-core/src/jvm/storm/trident/testing/MemoryBackingMap.java,47,17,17.0,17,0,0.0,0,17,17.0,17,1,0,1,NO
3,storm-core/src/jvm/storm/trident/testing/MemoryMapState.java,176,225,25.0,26,8,0.8888888888888888,1,217,24.11111111111111,25,9,0,6,YES
3,storm-core/src/jvm/storm/trident/testing/MockTridentTuple.java,166,17,17.0,17,0,0.0,0,17,17.0,17,1,0,1,NO
3,storm-core/src/jvm/storm/trident/testing/Split.java,36,17,17.0,17,0,0.0,0,17,17.0,17,1,0,1,NO
3,storm-core/src/jvm/storm/trident/testing/StringLength.java,32,17,17.0,17,0,0.0,0,17,17.0,17,1,0,1,NO
3,storm-core/src/jvm/storm/trident/testing/TrueFilter.java,30,17,17.0,17,0,0.0,0,17,17.0,17,1,0,1,NO
3,storm-core/src/jvm/storm/trident/testing/TuplifyArgs.java,37,17,17.0,17,0,0.0,0,17,17.0,17,1,0,1,NO
3,storm-core/src/jvm/storm/trident/topology/BatchInfo.java,33,17,17.0,17,0,0.0,0,17,17.0,17,1,0,1,NO
3,storm-core/src/jvm/storm/trident/topology/ITridentBatchBolt.java,32,17,17.0,17,0,0.0,0,17,17.0,17,1,0,1,NO
3,storm-core/src/jvm/storm/trident/topology/MasterBatchCoordinator.java,289,29,7.25,17,0,0.0,0,29,7.25,17,4,0,4,YES
3,storm-core/src/jvm/storm/trident/topology/TransactionAttempt.java,66,17,17.0,17,0,0.0,0,17,17.0,17,1,0,1,NO
3,storm-core/src/jvm/storm/trident/topology/TridentBoltExecutor.java,425,17,17.0,17,0,0.0,0,17,17.0,17,1,0,1,NO
3,storm-core/src/jvm/storm/trident/topology/TridentTopologyBuilder.java,722,17,17.0,17,0,0.0,0,17,17.0,17,1,0,1,NO
3,storm-core/src/jvm/storm/trident/topology/state/RotatingTransactionalState.java,147,17,17.0,17,0,0.0,0,17,17.0,17,1,0,1,NO
3,storm-core/src/jvm/storm/trident/topology/state/TransactionalState.java,135,69,9.857142857142858,47,16,2.2857142857142856,11,53,7.571428571428571,36,7,0,4,YES
3,storm-core/src/jvm/storm/trident/tuple/ComboList.java,92,17,17.0,17,0,0.0,0,17,17.0,17,1,0,1,NO
3,storm-core/src/jvm/storm/trident/tuple/ConsList.java,44,17,17.0,17,0,0.0,0,17,17.0,17,1,0,1,NO
3,storm-core/src/jvm/storm/trident/tuple/TridentTuple.java,72,17,17.0,17,0,0.0,0,17,17.0,17,1,0,1,NO
3,storm-core/src/jvm/storm/trident/tuple/TridentTupleView.java,328,17,17.0,17,0,0.0,0,17,17.0,17,1,0,1,NO
3,storm-core/src/jvm/storm/trident/tuple/ValuePointer.java,61,17,17.0,17,0,0.0,0,17,17.0,17,1,0,1,NO
3,storm-core/src/jvm/storm/trident/util/ErrorEdgeFactory.java,28,17,17.0,17,0,0.0,0,17,17.0,17,1,0,1,NO
3,storm-core/src/jvm/storm/trident/util/IndexedEdge.java,50,17,17.0,17,0,0.0,0,17,17.0,17,1,0,1,NO
3,storm-core/src/jvm/storm/trident/util/LRUMap.java,35,17,17.0,17,0,0.0,0,17,17.0,17,1,0,1,NO
3,storm-core/src/jvm/storm/trident/util/TridentUtils.java,142,77,11.0,21,20,2.857142857142857,4,57,8.142857142857142,17,7,0,5,YES
3,storm-core/test/jvm/backtype/storm/utils/DisruptorQueueTest.java,153,770,110.0,154,4,0.5714285714285714,3,768,109.71428571428571,154,7,1,4,YES
4,examples/storm-starter/src/jvm/storm/starter/BasicDRPCTopology.java,78,156,78.0,78,0,0.0,0,156,78.0,78,2,1,1,YES
4,examples/storm-starter/src/jvm/storm/starter/ExclamationTopology.java,87,174,87.0,87,0,0.0,0,174,87.0,87,2,1,1,YES
4,examples/storm-starter/src/jvm/storm/starter/ManualDRPC.java,68,136,68.0,68,0,0.0,0,136,68.0,68,2,1,1,YES
4,examples/storm-starter/src/jvm/storm/starter/PrintSampleStream.java,58,124,20.666666666666668,58,8,1.3333333333333333,2,116,19.333333333333332,58,6,3,4,YES
4,examples/storm-starter/src/jvm/storm/starter/ReachTopology.java,196,392,196.0,196,0,0.0,0,392,196.0,196,2,1,1,YES
4,examples/storm-starter/src/jvm/storm/starter/RollingTopWords.java,132,496,82.66666666666667,132,16,2.6666666666666665,4,480,80.0,132,6,1,5,YES
4,examples/storm-starter/src/jvm/storm/starter/SingleJoinExample.java,64,128,64.0,64,0,0.0,0,128,64.0,64,2,1,1,YES
4,examples/storm-starter/src/jvm/storm/starter/TransactionalGlobalCount.java,173,346,173.0,173,0,0.0,0,346,173.0,173,2,1,1,YES
4,examples/storm-starter/src/jvm/storm/starter/TransactionalWords.java,246,492,246.0,246,0,0.0,0,492,246.0,246,2,1,1,YES
4,examples/storm-starter/src/jvm/storm/starter/WordCountTopology.java,107,214,107.0,107,0,0.0,0,214,107.0,107,2,1,1,YES
4,examples/storm-starter/src/jvm/storm/starter/WordCountTopologyNode.java,121,1210,121.0,121,0,0.0,0,1210,121.0,121,10,1,5,YES
4,examples/storm-starter/src/jvm/storm/starter/bolt/AbstractRankerBolt.java,110,221,73.66666666666667,110,2,0.6666666666666666,2,221,73.66666666666667,110,3,1,2,YES
4,examples/storm-starter/src/jvm/storm/starter/bolt/IntermediateRankingsBolt.java,58,116,58.0,58,0,0.0,0,116,58.0,58,2,1,1,YES
4,examples/storm-starter/src/jvm/storm/starter/bolt/PrinterBolt.java,37,74,37.0,37,0,0.0,0,74,37.0,37,2,1,1,YES
4,examples/storm-starter/src/jvm/storm/starter/bolt/RollingCountBolt.java,142,285,95.0,142,2,0.6666666666666666,2,285,95.0,142,3,1,2,YES
4,examples/storm-starter/src/jvm/storm/starter/bolt/SingleJoinBolt.java,114,228,114.0,114,0,0.0,0,228,114.0,114,2,1,1,YES
4,examples/storm-starter/src/jvm/storm/starter/bolt/TotalRankingsBolt.java,59,118,59.0,59,0,0.0,0,118,59.0,59,2,1,1,YES
4,examples/storm-starter/src/jvm/storm/starter/spout/RandomSentenceSpout.java,64,128,64.0,64,0,0.0,0,128,64.0,64,2,1,1,YES
4,examples/storm-starter/src/jvm/storm/starter/spout/TwitterSampleSpout.java,164,328,164.0,164,0,0.0,0,328,164.0,164,2,1,1,YES
4,examples/storm-starter/src/jvm/storm/starter/tools/NthLastModifiedTimeTracker.java,70,140,70.0,70,0,0.0,0,140,70.0,70,2,1,1,YES
4,examples/storm-starter/src/jvm/storm/starter/tools/Rankable.java,32,64,32.0,32,0,0.0,0,64,32.0,32,2,1,1,YES
4,examples/storm-starter/src/jvm/storm/starter/tools/RankableObjectWithFields.java,148,296,148.0,148,0,0.0,0,296,148.0,148,2,1,1,YES
4,examples/storm-starter/src/jvm/storm/starter/tools/Rankings.java,156,312,156.0,156,0,0.0,0,312,156.0,156,2,1,1,YES
4,examples/storm-starter/src/jvm/storm/starter/tools/SlidingWindowCounter.java,119,238,119.0,119,0,0.0,0,238,119.0,119,2,1,1,YES
4,examples/storm-starter/src/jvm/storm/starter/tools/SlotBasedCounter.java,118,236,118.0,118,0,0.0,0,236,118.0,118,2,1,1,YES
4,examples/storm-starter/src/jvm/storm/starter/trident/TridentReach.java,156,312,156.0,156,0,0.0,0,312,156.0,156,2,1,1,YES
4,examples/storm-starter/src/jvm/storm/starter/trident/TridentWordCount.java,85,170,85.0,85,0,0.0,0,170,85.0,85,2,1,1,YES
4,examples/storm-starter/src/jvm/storm/starter/util/StormRunner.java,48,140,11.666666666666666,47,6,0.5,1,134,11.166666666666666,47,12,2,8,YES
4,examples/storm-starter/src/jvm/storm/starter/util/TupleHelpers.java,33,66,33.0,33,0,0.0,0,66,33.0,33,2,1,1,YES
4,examples/storm-starter/test/jvm/storm/starter/bolt/IntermediateRankingsBoltTest.java,146,292,146.0,146,0,0.0,0,292,146.0,146,2,1,1,YES
4,examples/storm-starter/test/jvm/storm/starter/bolt/RollingCountBoltTest.java,113,226,113.0,113,0,0.0,0,226,113.0,113,2,1,1,YES
4,examples/storm-starter/test/jvm/storm/starter/bolt/TotalRankingsBoltTest.java,147,294,147.0,147,0,0.0,0,294,147.0,147,2,1,1,YES
4,examples/storm-starter/test/jvm/storm/starter/tools/MockTupleHelpers.java,40,80,40.0,40,0,0.0,0,80,40.0,40,2,1,1,YES
4,examples/storm-starter/test/jvm/storm/starter/tools/NthLastModifiedTimeTrackerTest.java,125,250,125.0,125,0,0.0,0,250,125.0,125,2,1,1,YES
4,examples/storm-starter/test/jvm/storm/starter/tools/RankableObjectWithFieldsTest.java,252,504,252.0,252,0,0.0,0,504,252.0,252,2,1,1,YES
4,examples/storm-starter/test/jvm/storm/starter/tools/RankingsTest.java,368,736,368.0,368,0,0.0,0,736,368.0,368,2,1,1,YES
4,examples/storm-starter/test/jvm/storm/starter/tools/SlidingWindowCounterTest.java,106,212,106.0,106,0,0.0,0,212,106.0,106,2,1,1,YES
4,examples/storm-starter/test/jvm/storm/starter/tools/SlotBasedCounterTest.java,181,362,181.0,181,0,0.0,0,362,181.0,181,2,1,1,YES
4,external/storm-hbase/src/main/java/org/apache/storm/hbase/bolt/AbstractHBaseBolt.java,69,414,69.0,69,0,0.0,0,414,69.0,69,6,0,5,NO
4,external/storm-hbase/src/main/java/org/apache/storm/hbase/bolt/HBaseBolt.java,77,462,77.0,77,0,0.0,0,462,77.0,77,6,0,5,YES
4,external/storm-hbase/src/main/java/org/apache/storm/hbase/bolt/HBaseLookupBolt.java,83,505,38.84615384615385,83,7,0.5384615384615384,1,498,38.30769230769231,83,13,1,7,YES
4,external/storm-hbase/src/main/java/org/apache/storm/hbase/bolt/mapper/HBaseMapper.java,48,288,48.0,48,0,0.0,0,288,48.0,48,6,0,5,NO
4,external/storm-hbase/src/main/java/org/apache/storm/hbase/bolt/mapper/HBaseProjectionCriteria.java,85,510,85.0,85,0,0.0,0,510,85.0,85,6,0,5,NO
4,external/storm-hbase/src/main/java/org/apache/storm/hbase/bolt/mapper/HBaseValueMapper.java,43,271,20.846153846153847,43,7,0.5384615384615384,1,264,20.307692307692307,43,13,1,7,YES
4,external/storm-hbase/src/main/java/org/apache/storm/hbase/bolt/mapper/SimpleHBaseMapper.java,90,540,90.0,90,0,0.0,0,540,90.0,90,6,0,5,NO
4,external/storm-hbase/src/main/java/org/apache/storm/hbase/common/ColumnList.java,202,1212,202.0,202,0,0.0,0,1212,202.0,202,6,0,5,NO
4,external/storm-hbase/src/main/java/org/apache/storm/hbase/common/HBaseClient.java,135,810,135.0,135,0,0.0,0,810,135.0,135,6,0,5,NO
4,external/storm-hbase/src/main/java/org/apache/storm/hbase/common/IColumn.java,30,180,30.0,30,0,0.0,0,180,30.0,30,6,0,5,NO
4,external/storm-hbase/src/main/java/org/apache/storm/hbase/common/ICounter.java,29,174,29.0,29,0,0.0,0,174,29.0,29,6,0,5,NO
4,external/storm-hbase/src/main/java/org/apache/storm/hbase/common/Utils.java,69,414,69.0,69,0,0.0,0,414,69.0,69,6,0,5,NO
4,external/storm-hbase/src/main/java/org/apache/storm/hbase/security/HBaseSecurityUtil.java,52,312,52.0,52,0,0.0,0,312,52.0,52,6,0,5,NO
4,external/storm-hbase/src/main/java/org/apache/storm/hbase/trident/mapper/SimpleTridentHBaseMapper.java,89,534,89.0,89,0,0.0,0,534,89.0,89,6,0,5,NO
4,external/storm-hbase/src/main/java/org/apache/storm/hbase/trident/mapper/TridentHBaseMapper.java,31,204,29.142857142857142,31,0,0.0,0,204,29.142857142857142,31,7,0,5,NO
4,external/storm-hbase/src/main/java/org/apache/storm/hbase/trident/state/HBaseMapState.java,233,1415,202.14285714285714,233,0,0.0,0,1415,202.14285714285714,233,7,0,5,NO
4,external/storm-hbase/src/main/java/org/apache/storm/hbase/trident/state/HBaseQuery.java,40,240,40.0,40,0,0.0,0,240,40.0,40,6,0,5,NO
4,external/storm-hbase/src/main/java/org/apache/storm/hbase/trident/state/HBaseState.java,164,1004,77.23076923076923,164,14,1.0769230769230769,2,990,76.15384615384616,164,13,1,7,YES
4,external/storm-hbase/src/main/java/org/apache/storm/hbase/trident/state/HBaseStateFactory.java,40,240,40.0,40,0,0.0,0,240,40.0,40,6,0,5,NO
4,external/storm-hbase/src/main/java/org/apache/storm/hbase/trident/state/HBaseUpdater.java,32,192,32.0,32,0,0.0,0,192,32.0,32,6,0,5,NO
4,external/storm-hdfs/src/main/java/org/apache/storm/hdfs/bolt/AbstractHdfsBolt.java,139,450,112.5,139,9,2.25,9,441,110.25,139,4,1,3,NO
4,external/storm-hdfs/src/main/java/org/apache/storm/hdfs/bolt/HdfsBolt.java,131,405,101.25,131,10,2.5,10,395,98.75,131,4,1,3,YES
4,external/storm-hdfs/src/main/java/org/apache/storm/hdfs/bolt/SequenceFileBolt.java,149,459,114.75,149,8,2.0,8,451,112.75,149,4,1,3,YES
4,external/storm-hdfs/src/main/java/org/apache/storm/hdfs/bolt/format/DefaultFileNameFormat.java,86,258,86.0,86,0,0.0,0,258,86.0,86,3,1,3,NO
4,external/storm-hdfs/src/main/java/org/apache/storm/hdfs/bolt/format/DefaultSequenceFormat.java,52,173,43.25,52,0,0.0,0,173,43.25,52,4,1,3,NO
4,external/storm-hdfs/src/main/java/org/apache/storm/hdfs/bolt/format/DelimitedRecordFormat.java,88,264,88.0,88,0,0.0,0,264,88.0,88,3,1,3,NO
4,external/storm-hdfs/src/main/java/org/apache/storm/hdfs/bolt/format/FileNameFormat.java,42,126,42.0,42,0,0.0,0,126,42.0,42,3,1,3,NO
4,external/storm-hdfs/src/main/java/org/apache/storm/hdfs/bolt/format/RecordFormat.java,32,96,32.0,32,0,0.0,0,96,32.0,32,3,1,3,NO
4,external/storm-hdfs/src/main/java/org/apache/storm/hdfs/bolt/format/SequenceFormat.java,40,137,34.25,40,0,0.0,0,137,34.25,40,4,1,3,NO
4,external/storm-hdfs/src/main/java/org/apache/storm/hdfs/bolt/rotation/FileRotationPolicy.java,51,153,51.0,51,0,0.0,0,153,51.0,51,3,1,3,NO
4,external/storm-hdfs/src/main/java/org/apache/storm/hdfs/bolt/rotation/FileSizeRotationPolicy.java,81,243,81.0,81,0,0.0,0,243,81.0,81,3,1,3,NO
4,external/storm-hdfs/src/main/java/org/apache/storm/hdfs/bolt/rotation/NoRotationPolicy.java,35,105,35.0,35,0,0.0,0,105,35.0,35,3,1,3,NO
4,external/storm-hdfs/src/main/java/org/apache/storm/hdfs/bolt/rotation/TimedRotationPolicy.java,55,237,47.4,55,0,0.0,0,237,47.4,55,5,1,3,NO
4,external/storm-hdfs/src/main/java/org/apache/storm/hdfs/bolt/sync/CountSyncPolicy.java,46,138,46.0,46,0,0.0,0,138,46.0,46,3,1,3,NO
4,external/storm-hdfs/src/main/java/org/apache/storm/hdfs/bolt/sync/SyncPolicy.java,46,138,46.0,46,0,0.0,0,138,46.0,46,3,1,3,NO
4,external/storm-hdfs/src/main/java/org/apache/storm/hdfs/common/rotation/MoveFileAction.java,27,98,24.5,27,0,0.0,0,98,24.5,27,4,1,3,NO
4,external/storm-hdfs/src/main/java/org/apache/storm/hdfs/common/rotation/RotationAction.java,12,53,13.25,17,0,0.0,0,53,13.25,17,4,1,3,NO
4,external/storm-hdfs/src/main/java/org/apache/storm/hdfs/common/security/HdfsSecurityUtil.java,48,146,36.5,48,2,0.5,2,144,36.0,48,4,1,3,NO
4,external/storm-hdfs/src/main/java/org/apache/storm/hdfs/trident/HdfsState.java,317,1024,204.8,317,32,6.4,32,992,198.4,317,5,1,3,NO
4,external/storm-hdfs/src/main/java/org/apache/storm/hdfs/trident/HdfsStateFactory.java,29,104,26.0,29,0,0.0,0,104,26.0,29,4,1,3,NO
4,external/storm-hdfs/src/main/java/org/apache/storm/hdfs/trident/HdfsUpdater.java,14,59,14.75,17,0,0.0,0,59,14.75,17,4,1,3,NO
4,external/storm-hdfs/src/main/java/org/apache/storm/hdfs/trident/format/DefaultFileNameFormat.java,83,249,83.0,83,0,0.0,0,249,83.0,83,3,1,3,NO
4,external/storm-hdfs/src/main/java/org/apache/storm/hdfs/trident/format/DefaultSequenceFormat.java,54,179,44.75,54,0,0.0,0,179,44.75,54,4,1,3,NO
4,external/storm-hdfs/src/main/java/org/apache/storm/hdfs/trident/format/DelimitedRecordFormat.java,83,249,83.0,83,0,0.0,0,249,83.0,83,3,1,3,NO
4,external/storm-hdfs/src/main/java/org/apache/storm/hdfs/trident/format/FileNameFormat.java,40,120,40.0,40,0,0.0,0,120,40.0,40,3,1,3,NO
4,external/storm-hdfs/src/main/java/org/apache/storm/hdfs/trident/format/RecordFormat.java,32,96,32.0,32,0,0.0,0,96,32.0,32,3,1,3,NO
4,external/storm-hdfs/src/main/java/org/apache/storm/hdfs/trident/format/SequenceFormat.java,40,137,34.25,40,0,0.0,0,137,34.25,40,4,1,3,NO
4,external/storm-hdfs/src/main/java/org/apache/storm/hdfs/trident/rotation/FileRotationPolicy.java,50,150,50.0,50,0,0.0,0,150,50.0,50,3,1,3,NO
4,external/storm-hdfs/src/main/java/org/apache/storm/hdfs/trident/rotation/FileSizeRotationPolicy.java,81,243,81.0,81,0,0.0,0,243,81.0,81,3,1,3,NO
4,external/storm-hdfs/src/main/java/org/apache/storm/hdfs/trident/rotation/NoRotationPolicy.java,35,105,35.0,35,0,0.0,0,105,35.0,35,3,1,3,NO
4,external/storm-hdfs/src/main/java/org/apache/storm/hdfs/trident/rotation/TimedRotationPolicy.java,54,233,46.6,54,0,0.0,0,233,46.6,54,5,1,3,NO
4,external/storm-hdfs/src/main/java/org/apache/storm/hdfs/trident/sync/CountSyncPolicy.java,46,138,46.0,46,0,0.0,0,138,46.0,46,3,1,3,NO
4,external/storm-hdfs/src/main/java/org/apache/storm/hdfs/trident/sync/SyncPolicy.java,46,138,46.0,46,0,0.0,0,138,46.0,46,3,1,3,NO
4,external/storm-kafka/src/jvm/storm/kafka/Broker.java,86,221,24.555555555555557,86,14,1.5555555555555556,2,207,23.0,86,9,1,6,YES
4,external/storm-kafka/src/jvm/storm/kafka/BrokerHosts.java,25,50,25.0,25,0,0.0,0,50,25.0,25,2,1,1,YES
4,external/storm-kafka/src/jvm/storm/kafka/DynamicBrokersReader.java,152,321,22.928571428571427,147,7,0.5,1,314,22.428571428571427,147,14,2,7,YES
4,external/storm-kafka/src/jvm/storm/kafka/DynamicPartitionConnections.java,94,188,94.0,94,0,0.0,0,188,94.0,94,2,1,1,YES
4,external/storm-kafka/src/jvm/storm/kafka/FailedFetchException.java,29,58,29.0,29,0,0.0,0,58,29.0,29,2,1,1,YES
4,external/storm-kafka/src/jvm/storm/kafka/KafkaConfig.java,52,111,12.333333333333334,52,7,0.7777777777777778,1,104,11.555555555555555,52,9,4,8,YES
4,external/storm-kafka/src/jvm/storm/kafka/KafkaError.java,43,86,43.0,43,0,0.0,0,86,43.0,43,2,1,1,YES
4,external/storm-kafka/src/jvm/storm/kafka/KafkaSpout.java,195,390,195.0,195,0,0.0,0,390,195.0,195,2,1,1,YES
4,external/storm-kafka/src/jvm/storm/kafka/KafkaUtils.java,243,827,35.95652173913044,243,353,15.347826086956522,34,536,23.304347826086957,243,23,4,12,YES
4,external/storm-kafka/src/jvm/storm/kafka/KeyValueScheme.java,28,56,28.0,28,0,0.0,0,56,28.0,28,2,1,1,YES
4,external/storm-kafka/src/jvm/storm/kafka/KeyValueSchemeAsMultiScheme.java,37,74,37.0,37,0,0.0,0,74,37.0,37,2,1,1,YES
4,external/storm-kafka/src/jvm/storm/kafka/Partition.java,69,187,20.77777777777778,69,14,1.5555555555555556,2,173,19.22222222222222,69,9,1,6,YES
4,external/storm-kafka/src/jvm/storm/kafka/PartitionCoordinator.java,28,56,28.0,28,0,0.0,0,56,28.0,28,2,1,1,YES
4,external/storm-kafka/src/jvm/storm/kafka/PartitionManager.java,273,982,28.88235294117647,265,230,6.764705882352941,132,998,29.352941176470587,265,34,4,11,YES
4,external/storm-kafka/src/jvm/storm/kafka/SpoutConfig.java,36,101,9.181818181818182,36,12,1.0909090909090908,3,95,8.636363636363637,36,11,1,3,YES
4,external/storm-kafka/src/jvm/storm/kafka/StaticCoordinator.java,51,102,51.0,51,0,0.0,0,102,51.0,51,2,1,1,YES
4,external/storm-kafka/src/jvm/storm/kafka/StaticHosts.java,38,76,38.0,38,0,0.0,0,76,38.0,38,2,1,1,YES
4,external/storm-kafka/src/jvm/storm/kafka/StaticPartitionConnections.java,52,104,52.0,52,0,0.0,0,104,52.0,52,2,1,1,YES
4,external/storm-kafka/src/jvm/storm/kafka/StringKeyValueScheme.java,37,74,37.0,37,0,0.0,0,74,37.0,37,2,1,1,YES
4,external/storm-kafka/src/jvm/storm/kafka/StringScheme.java,46,92,46.0,46,0,0.0,0,92,46.0,46,2,1,1,YES
4,external/storm-kafka/src/jvm/storm/kafka/UpdateOffsetException.java,5,77,5.923076923076923,17,10,0.7692307692307693,5,87,6.6923076923076925,17,13,2,7,YES
4,external/storm-kafka/src/jvm/storm/kafka/ZkCoordinator.java,113,226,113.0,113,0,0.0,0,226,113.0,113,2,1,1,YES
4,external/storm-kafka/src/jvm/storm/kafka/ZkHosts.java,36,72,36.0,36,0,0.0,0,72,36.0,36,2,1,1,YES
4,external/storm-kafka/src/jvm/storm/kafka/ZkState.java,116,232,116.0,116,0,0.0,0,232,116.0,116,2,1,1,YES
4,external/storm-kafka/src/jvm/storm/kafka/bolt/KafkaBolt.java,116,342,26.307692307692307,89,51,3.923076923076923,11,291,22.384615384615383,89,13,2,5,YES
4,external/storm-kafka/src/jvm/storm/kafka/bolt/mapper/FieldNameBasedTupleToKafkaMapper.java,48,194,38.8,48,2,0.4,2,192,38.4,48,5,1,3,NO
4,external/storm-kafka/src/jvm/storm/kafka/bolt/mapper/TupleToKafkaMapper.java,32,128,32.0,32,0,0.0,0,128,32.0,32,4,1,3,NO
4,external/storm-kafka/src/jvm/storm/kafka/bolt/selector/DefaultTopicSelector.java,34,141,28.2,37,5,1.0,5,142,28.4,37,5,1,3,NO
4,external/storm-kafka/src/jvm/storm/kafka/bolt/selector/KafkaTopicSelector.java,26,108,18.0,26,4,0.6666666666666666,3,108,18.0,26,6,1,3,NO
4,external/storm-kafka/src/jvm/storm/kafka/trident/Coordinator.java,50,100,50.0,50,0,0.0,0,100,50.0,50,2,1,1,YES
4,external/storm-kafka/src/jvm/storm/kafka/trident/DefaultCoordinator.java,31,62,31.0,31,0,0.0,0,62,31.0,31,2,1,1,YES
4,external/storm-kafka/src/jvm/storm/kafka/trident/GlobalPartitionInformation.java,98,196,98.0,98,0,0.0,0,196,98.0,98,2,1,1,YES
4,external/storm-kafka/src/jvm/storm/kafka/trident/IBatchCoordinator.java,26,52,26.0,26,0,0.0,0,52,26.0,26,2,1,1,YES
4,external/storm-kafka/src/jvm/storm/kafka/trident/IBrokerReader.java,25,50,25.0,25,0,0.0,0,50,25.0,25,2,1,1,YES
4,external/storm-kafka/src/jvm/storm/kafka/trident/MaxMetric.java,40,80,40.0,40,0,0.0,0,80,40.0,40,2,1,1,YES
4,external/storm-kafka/src/jvm/storm/kafka/trident/OpaqueTridentKafkaSpout.java,59,118,59.0,59,0,0.0,0,118,59.0,59,2,1,1,YES
4,external/storm-kafka/src/jvm/storm/kafka/trident/StaticBrokerReader.java,36,72,36.0,36,0,0.0,0,72,36.0,36,2,1,1,YES
4,external/storm-kafka/src/jvm/storm/kafka/trident/TransactionalTridentKafkaSpout.java,58,116,58.0,58,0,0.0,0,116,58.0,58,2,1,1,YES
4,external/storm-kafka/src/jvm/storm/kafka/trident/TridentKafkaConfig.java,37,74,37.0,37,0,0.0,0,74,37.0,37,2,1,1,YES
4,external/storm-kafka/src/jvm/storm/kafka/trident/TridentKafkaEmitter.java,268,536,268.0,268,0,0.0,0,536,268.0,268,2,1,1,YES
4,external/storm-kafka/src/jvm/storm/kafka/trident/TridentKafkaState.java,99,420,52.5,99,24,3.0,14,402,50.25,99,8,1,3,NO
4,external/storm-kafka/src/jvm/storm/kafka/trident/TridentKafkaStateFactory.java,57,235,39.166666666666664,57,7,1.1666666666666667,4,228,38.0,57,6,1,3,NO
4,external/storm-kafka/src/jvm/storm/kafka/trident/TridentKafkaUpdater.java,31,124,24.8,31,0,0.0,0,124,24.8,31,5,1,3,NO
4,external/storm-kafka/src/jvm/storm/kafka/trident/ZkBrokerReader.java,70,140,70.0,70,0,0.0,0,140,70.0,70,2,1,1,YES
4,external/storm-kafka/src/jvm/storm/kafka/trident/mapper/FieldNameBasedTupleToKafkaMapper.java,41,164,41.0,41,0,0.0,0,164,41.0,41,4,1,3,NO
4,external/storm-kafka/src/jvm/storm/kafka/trident/mapper/TridentTupleToKafkaMapper.java,28,112,28.0,28,0,0.0,0,112,28.0,28,4,1,3,NO
4,external/storm-kafka/src/jvm/storm/kafka/trident/selector/DefaultTopicSelector.java,34,141,28.2,37,5,1.0,5,142,28.4,37,5,1,3,NO
4,external/storm-kafka/src/jvm/storm/kafka/trident/selector/KafkaTopicSelector.java,26,109,18.166666666666668,27,5,0.8333333333333334,4,110,18.333333333333332,27,6,1,3,NO
4,storm-buildtools/maven-shade-clojure-transformer/src/main/java/org/apache/storm/maven/shade/clojure/ClojureTransformer.java,72,0,0.0,0,0,0.0,0,0,0.0,0,0,0,0,NO
4,storm-core/src/jvm/backtype/storm/Config.java,1424,4211,79.45283018867924,459,1509,28.471698113207548,133,2796,52.75471698113208,381,53,8,15,YES
4,storm-core/src/jvm/backtype/storm/ConfigValidation.java,345,1568,98.0,139,114,7.125,19,1454,90.875,120,16,3,10,YES
4,storm-core/src/jvm/backtype/storm/Constants.java,36,12,2.0,2,6,1.0,1,6,1.0,1,6,1,4,NO
4,storm-core/src/jvm/backtype/storm/ICredentialsListener.java,32,192,32.0,32,0,0.0,0,192,32.0,32,6,1,4,NO
4,storm-core/src/jvm/backtype/storm/ILocalCluster.java,49,12,2.0,2,0,0.0,0,12,2.0,2,6,1,4,NO
4,storm-core/src/jvm/backtype/storm/ILocalDRPC.java,27,0,0.0,0,0,0.0,0,0,0.0,0,0,0,0,NO
4,storm-core/src/jvm/backtype/storm/StormSubmitter.java,423,1264,74.3529411764706,154,218,12.823529411764707,29,1046,61.529411764705884,132,17,4,7,YES
4,storm-core/src/jvm/backtype/storm/clojure/ClojureBolt.java,119,0,0.0,0,0,0.0,0,0,0.0,0,0,0,0,NO
4,storm-core/src/jvm/backtype/storm/clojure/ClojureSpout.java,153,0,0.0,0,0,0.0,0,0,0.0,0,0,0,0,NO
4,storm-core/src/jvm/backtype/storm/clojure/RichShellBolt.java,51,0,0.0,0,0,0.0,0,0,0.0,0,0,0,0,NO
4,storm-core/src/jvm/backtype/storm/clojure/RichShellSpout.java,51,0,0.0,0,0,0.0,0,0,0.0,0,0,0,0,NO
4,storm-core/src/jvm/backtype/storm/coordination/BatchBoltExecutor.java,108,0,0.0,0,0,0.0,0,0,0.0,0,0,0,0,NO
4,storm-core/src/jvm/backtype/storm/coordination/BatchOutputCollector.java,46,0,0.0,0,0,0.0,0,0,0.0,0,0,0,0,NO
4,storm-core/src/jvm/backtype/storm/coordination/BatchOutputCollectorImpl.java,53,0,0.0,0,0,0.0,0,0,0.0,0,0,0,0,NO
4,storm-core/src/jvm/backtype/storm/coordination/BatchSubtopologyBuilder.java,436,0,0.0,0,0,0.0,0,0,0.0,0,0,0,0,NO
4,storm-core/src/jvm/backtype/storm/coordination/CoordinatedBolt.java,382,0,0.0,0,0,0.0,0,0,0.0,0,0,0,0,NO
4,storm-core/src/jvm/backtype/storm/coordination/IBatchBolt.java,30,0,0.0,0,0,0.0,0,0,0.0,0,0,0,0,NO
4,storm-core/src/jvm/backtype/storm/daemon/Shutdownable.java,22,0,0.0,0,0,0.0,0,0,0.0,0,0,0,0,NO
4,storm-core/src/jvm/backtype/storm/drpc/DRPCInvocationsClient.java,108,324,54.0,54,222,37.0,37,102,17.0,17,6,1,4,YES
4,storm-core/src/jvm/backtype/storm/drpc/DRPCSpout.java,253,552,92.0,92,48,8.0,8,504,84.0,84,6,1,4,YES
4,storm-core/src/jvm/backtype/storm/drpc/JoinResult.java,75,0,0.0,0,0,0.0,0,0,0.0,0,0,0,0,NO
4,storm-core/src/jvm/backtype/storm/drpc/KeyedFairBolt.java,93,0,0.0,0,0,0.0,0,0,0.0,0,0,0,0,NO
4,storm-core/src/jvm/backtype/storm/drpc/LinearDRPCInputDeclarer.java,49,0,0.0,0,0,0.0,0,0,0.0,0,0,0,0,NO
4,storm-core/src/jvm/backtype/storm/drpc/LinearDRPCTopologyBuilder.java,383,0,0.0,0,0,0.0,0,0,0.0,0,0,0,0,NO
4,storm-core/src/jvm/backtype/storm/drpc/PrepareRequest.java,59,0,0.0,0,0,0.0,0,0,0.0,0,0,0,0,NO
4,storm-core/src/jvm/backtype/storm/drpc/ReturnResults.java,124,192,32.0,32,18,3.0,3,174,29.0,29,6,1,4,YES
4,storm-core/src/jvm/backtype/storm/generated/AlreadyAliveException.java,344,0,0.0,0,0,0.0,0,0,0.0,0,0,0,0,YES
4,storm-core/src/jvm/backtype/storm/generated/AuthorizationException.java,344,2070,345.0,345,0,0.0,0,2070,345.0,345,6,1,4,YES
4,storm-core/src/jvm/backtype/storm/generated/Bolt.java,443,0,0.0,0,0,0.0,0,0,0.0,0,0,0,0,YES
4,storm-core/src/jvm/backtype/storm/generated/BoltStats.java,1127,0,0.0,0,0,0.0,0,0,0.0,0,0,0,0,YES
4,storm-core/src/jvm/backtype/storm/generated/ClusterSummary.java,614,0,0.0,0,0,0.0,0,0,0.0,0,0,0,0,YES
4,storm-core/src/jvm/backtype/storm/generated/ComponentCommon.java,723,0,0.0,0,0,0.0,0,0,0.0,0,0,0,0,YES
4,storm-core/src/jvm/backtype/storm/generated/ComponentObject.java,402,0,0.0,0,0,0.0,0,0,0.0,0,0,0,0,YES
4,storm-core/src/jvm/backtype/storm/generated/Credentials.java,389,2340,390.0,390,0,0.0,0,2340,390.0,390,6,1,4,YES
4,storm-core/src/jvm/backtype/storm/generated/DRPCExecutionException.java,344,0,0.0,0,0,0.0,0,0,0.0,0,0,0,0,YES
4,storm-core/src/jvm/backtype/storm/generated/DRPCRequest.java,441,0,0.0,0,0,0.0,0,0,0.0,0,0,0,0,YES
4,storm-core/src/jvm/backtype/storm/generated/DistributedRPC.java,1079,624,104.0,104,36,6.0,6,588,98.0,98,6,1,4,YES
4,storm-core/src/jvm/backtype/storm/generated/DistributedRPCInvocations.java,2346,1998,333.0,333,114,19.0,19,1884,314.0,314,6,1,4,YES
4,storm-core/src/jvm/backtype/storm/generated/ErrorInfo.java,625,558,186.0,186,6,2.0,2,552,184.0,184,3,1,2,YES
4,storm-core/src/jvm/backtype/storm/generated/ExecutorInfo.java,436,0,0.0,0,0,0.0,0,0,0.0,0,0,0,0,YES
4,storm-core/src/jvm/backtype/storm/generated/ExecutorSpecificStats.java,335,0,0.0,0,0,0.0,0,0,0.0,0,0,0,0,YES
4,storm-core/src/jvm/backtype/storm/generated/ExecutorStats.java,695,0,0.0,0,0,0.0,0,0,0.0,0,0,0,0,YES
4,storm-core/src/jvm/backtype/storm/generated/ExecutorSummary.java,824,0,0.0,0,0,0.0,0,0,0.0,0,0,0,0,YES
4,storm-core/src/jvm/backtype/storm/generated/GlobalStreamId.java,441,0,0.0,0,0,0.0,0,0,0.0,0,0,0,0,YES
4,storm-core/src/jvm/backtype/storm/generated/Grouping.java,679,0,0.0,0,0,0.0,0,0,0.0,0,0,0,0,YES
4,storm-core/src/jvm/backtype/storm/generated/InvalidTopologyException.java,344,0,0.0,0,0,0.0,0,0,0.0,0,0,0,0,YES
4,storm-core/src/jvm/backtype/storm/generated/JavaObject.java,479,0,0.0,0,0,0.0,0,0,0.0,0,0,0,0,YES
4,storm-core/src/jvm/backtype/storm/generated/JavaObjectArg.java,549,0,0.0,0,0,0.0,0,0,0.0,0,0,0,0,YES
4,storm-core/src/jvm/backtype/storm/generated/KillOptions.java,336,0,0.0,0,0,0.0,0,0,0.0,0,0,0,0,YES
4,storm-core/src/jvm/backtype/storm/generated/Nimbus.java,16276,17286,2881.0,2881,678,113.0,113,16608,2768.0,2768,6,1,4,YES
4,storm-core/src/jvm/backtype/storm/generated/NotAliveException.java,344,0,0.0,0,0,0.0,0,0,0.0,0,0,0,0,YES
4,storm-core/src/jvm/backtype/storm/generated/NullStruct.java,241,0,0.0,0,0,0.0,0,0,0.0,0,0,0,0,YES
4,storm-core/src/jvm/backtype/storm/generated/RebalanceOptions.java,565,0,0.0,0,0,0.0,0,0,0.0,0,0,0,0,YES
4,storm-core/src/jvm/backtype/storm/generated/ShellComponent.java,433,0,0.0,0,0,0.0,0,0,0.0,0,0,0,0,YES
4,storm-core/src/jvm/backtype/storm/generated/SpoutSpec.java,443,0,0.0,0,0,0.0,0,0,0.0,0,0,0,0,YES
4,storm-core/src/jvm/backtype/storm/generated/SpoutStats.java,772,0,0.0,0,0,0.0,0,0,0.0,0,0,0,0,YES
4,storm-core/src/jvm/backtype/storm/generated/StateSpoutSpec.java,443,0,0.0,0,0,0.0,0,0,0.0,0,0,0,0,YES
4,storm-core/src/jvm/backtype/storm/generated/StormTopology.java,676,0,0.0,0,0,0.0,0,0,0.0,0,0,0,0,YES
4,storm-core/src/jvm/backtype/storm/generated/StreamInfo.java,478,0,0.0,0,0,0.0,0,0,0.0,0,0,0,0,YES
4,storm-core/src/jvm/backtype/storm/generated/SubmitOptions.java,452,582,97.0,97,6,1.0,1,576,96.0,96,6,1,4,YES
4,storm-core/src/jvm/backtype/storm/generated/SupervisorSummary.java,722,0,0.0,0,0,0.0,0,0,0.0,0,0,0,0,YES
4,storm-core/src/jvm/backtype/storm/generated/TopologyInfo.java,1124,1146,191.0,191,6,1.0,1,1140,190.0,190,6,1,4,YES
4,storm-core/src/jvm/backtype/storm/generated/TopologyInitialStatus.java,61,0,0.0,0,0,0.0,0,0,0.0,0,0,0,0,YES
4,storm-core/src/jvm/backtype/storm/generated/TopologySummary.java,1101,1146,191.0,191,6,1.0,1,1140,190.0,190,6,1,4,YES
4,storm-core/src/jvm/backtype/storm/grouping/CustomStreamGrouping.java,43,0,0.0,0,0,0.0,0,0,0.0,0,0,0,0,NO
4,storm-core/src/jvm/backtype/storm/hooks/BaseTaskHook.java,61,0,0.0,0,0,0.0,0,0,0.0,0,0,0,0,NO
4,storm-core/src/jvm/backtype/storm/hooks/ITaskHook.java,38,0,0.0,0,0,0.0,0,0,0.0,0,0,0,0,NO
4,storm-core/src/jvm/backtype/storm/hooks/info/BoltAckInfo.java,32,0,0.0,0,0,0.0,0,0,0.0,0,0,0,0,NO
4,storm-core/src/jvm/backtype/storm/hooks/info/BoltExecuteInfo.java,32,0,0.0,0,0,0.0,0,0,0.0,0,0,0,0,NO
4,storm-core/src/jvm/backtype/storm/hooks/info/BoltFailInfo.java,32,0,0.0,0,0,0.0,0,0,0.0,0,0,0,0,NO
4,storm-core/src/jvm/backtype/storm/hooks/info/EmitInfo.java,35,0,0.0,0,0,0.0,0,0,0.0,0,0,0,0,NO
4,storm-core/src/jvm/backtype/storm/hooks/info/SpoutAckInfo.java,30,0,0.0,0,0,0.0,0,0,0.0,0,0,0,0,NO
4,storm-core/src/jvm/backtype/storm/hooks/info/SpoutFailInfo.java,30,0,0.0,0,0,0.0,0,0,0.0,0,0,0,0,NO
4,storm-core/src/jvm/backtype/storm/messaging/IConnection.java,49,26,13.0,13,4,2.0,2,22,11.0,11,2,1,1,YES
4,storm-core/src/jvm/backtype/storm/messaging/IContext.java,59,0,0.0,0,0,0.0,0,0,0.0,0,0,0,0,NO
4,storm-core/src/jvm/backtype/storm/messaging/TaskMessage.java,53,0,0.0,0,0,0.0,0,0,0.0,0,0,0,0,NO
4,storm-core/src/jvm/backtype/storm/messaging/TransportFactory.java,57,0,0.0,0,0,0.0,0,0,0.0,0,0,0,0,NO
4,storm-core/src/jvm/backtype/storm/messaging/netty/Client.java,384,953,30.741935483870968,239,468,15.096774193548388,105,619,19.967741935483872,134,31,6,11,YES
4,storm-core/src/jvm/backtype/storm/messaging/netty/Context.java,112,102,51.0,51,12,6.0,6,90,45.0,45,2,1,1,YES
4,storm-core/src/jvm/backtype/storm/messaging/netty/ControlMessage.java,71,29,3.2222222222222223,4,11,1.2222222222222223,2,18,2.0,2,9,3,6,YES
4,storm-core/src/jvm/backtype/storm/messaging/netty/MessageBatch.java,136,20,10.0,10,84,42.0,42,64,32.0,32,2,1,1,YES
4,storm-core/src/jvm/backtype/storm/messaging/netty/MessageDecoder.java,145,357,39.666666666666664,70,87,9.666666666666666,40,270,30.0,30,9,3,6,YES
4,storm-core/src/jvm/backtype/storm/messaging/netty/MessageEncoder.java,43,28,4.0,4,0,0.0,0,28,4.0,4,7,2,5,YES
4,storm-core/src/jvm/backtype/storm/messaging/netty/NettyRenameThreadFactory.java,52,122,40.666666666666664,52,1,0.3333333333333333,1,121,40.333333333333336,52,3,1,2,YES
4,storm-core/src/jvm/backtype/storm/messaging/netty/SaslMessageToken.java,99,755,94.375,100,62,7.75,62,695,86.875,100,8,2,5,YES
4,storm-core/src/jvm/backtype/storm/messaging/netty/SaslNettyClient.java,166,1282,142.44444444444446,167,120,13.333333333333334,115,1164,129.33333333333334,167,9,2,5,YES
4,storm-core/src/jvm/backtype/storm/messaging/netty/SaslNettyClientState.java,31,217,31.0,31,0,0.0,0,217,31.0,31,7,2,5,YES
4,storm-core/src/jvm/backtype/storm/messaging/netty/SaslNettyServer.java,165,1176,147.0,168,21,2.625,21,1161,145.125,168,8,2,5,YES
4,storm-core/src/jvm/backtype/storm/messaging/netty/SaslNettyServerState.java,31,217,31.0,31,0,0.0,0,217,31.0,31,7,2,5,YES
4,storm-core/src/jvm/backtype/storm/messaging/netty/SaslStormClientHandler.java,158,1227,136.33333333333334,159,121,13.444444444444445,107,1114,123.77777777777777,159,9,2,5,YES
4,storm-core/src/jvm/backtype/storm/messaging/netty/SaslStormServerAuthorizeHandler.java,83,581,83.0,83,0,0.0,0,581,83.0,83,7,2,5,YES
4,storm-core/src/jvm/backtype/storm/messaging/netty/SaslStormServerHandler.java,155,1207,134.11111111111111,159,122,13.555555555555555,107,1093,121.44444444444444,159,9,2,5,YES
4,storm-core/src/jvm/backtype/storm/messaging/netty/SaslUtils.java,74,560,56.0,74,42,4.2,38,520,52.0,74,10,2,5,YES
4,storm-core/src/jvm/backtype/storm/messaging/netty/Server.java,301,774,48.375,127,209,13.0625,24,565,35.3125,107,16,4,8,YES
4,storm-core/src/jvm/backtype/storm/messaging/netty/StormClientErrorHandler.java,41,82,41.0,41,0,0.0,0,82,41.0,41,2,1,1,YES
4,storm-core/src/jvm/backtype/storm/messaging/netty/StormClientPipelineFactory.java,54,102,10.2,20,32,3.2,18,78,7.8,14,10,3,6,YES
4,storm-core/src/jvm/backtype/storm/messaging/netty/StormServerHandler.java,66,42,5.25,18,50,6.25,22,8,1.0,4,8,2,4,YES
4,storm-core/src/jvm/backtype/storm/messaging/netty/StormServerPipelineFactory.java,57,139,17.375,24,55,6.875,24,94,11.75,17,8,2,5,YES
4,storm-core/src/jvm/backtype/storm/metric/LoggingMetricsConsumer.java,72,0,0.0,0,0,0.0,0,0,0.0,0,0,0,0,NO
4,storm-core/src/jvm/backtype/storm/metric/MetricsConsumerBolt.java,64,0,0.0,0,0,0.0,0,0,0.0,0,0,0,0,NO
4,storm-core/src/jvm/backtype/storm/metric/SystemBolt.java,155,0,0.0,0,0,0.0,0,0,0.0,0,0,0,0,NO
4,storm-core/src/jvm/backtype/storm/metric/api/AssignableMetric.java,34,0,0.0,0,0,0.0,0,0,0.0,0,0,0,0,NO
4,storm-core/src/jvm/backtype/storm/metric/api/CombinedMetric.java,38,0,0.0,0,0,0.0,0,0,0.0,0,0,0,0,NO
4,storm-core/src/jvm/backtype/storm/metric/api/CountMetric.java,41,0,0.0,0,0,0.0,0,0,0.0,0,0,0,0,NO
4,storm-core/src/jvm/backtype/storm/metric/api/ICombiner.java,23,0,0.0,0,0,0.0,0,0,0.0,0,0,0,0,NO
4,storm-core/src/jvm/backtype/storm/metric/api/IMetric.java,22,0,0.0,0,0,0.0,0,0,0.0,0,0,0,0,NO
4,storm-core/src/jvm/backtype/storm/metric/api/IMetricsConsumer.java,60,0,0.0,0,0,0.0,0,0,0.0,0,0,0,0,NO
4,storm-core/src/jvm/backtype/storm/metric/api/IReducer.java,24,0,0.0,0,0,0.0,0,0,0.0,0,0,0,0,NO
4,storm-core/src/jvm/backtype/storm/metric/api/IStatefulObject.java,22,0,0.0,0,0,0.0,0,0,0.0,0,0,0,0,NO
4,storm-core/src/jvm/backtype/storm/metric/api/MeanReducer.java,55,0,0.0,0,0,0.0,0,0,0.0,0,0,0,0,NO
4,storm-core/src/jvm/backtype/storm/metric/api/MultiCountMetric.java,45,0,0.0,0,0,0.0,0,0,0.0,0,0,0,0,NO
4,storm-core/src/jvm/backtype/storm/metric/api/MultiReducedMetric.java,50,0,0.0,0,0,0.0,0,0,0.0,0,0,0,0,NO
4,storm-core/src/jvm/backtype/storm/metric/api/ReducedMetric.java,38,0,0.0,0,0,0.0,0,0,0.0,0,0,0,0,NO
4,storm-core/src/jvm/backtype/storm/metric/api/StateMetric.java,31,0,0.0,0,0,0.0,0,0,0.0,0,0,0,0,NO
4,storm-core/src/jvm/backtype/storm/metric/api/rpc/AssignableShellMetric.java,30,270,30.0,30,0,0.0,0,270,30.0,30,9,1,6,YES
4,storm-core/src/jvm/backtype/storm/metric/api/rpc/CombinedShellMetric.java,31,279,31.0,31,0,0.0,0,279,31.0,31,9,1,6,YES
4,storm-core/src/jvm/backtype/storm/metric/api/rpc/CountShellMetric.java,38,342,38.0,38,0,0.0,0,342,38.0,38,9,1,6,YES
4,storm-core/src/jvm/backtype/storm/metric/api/rpc/IShellMetric.java,31,279,31.0,31,0,0.0,0,279,31.0,31,9,1,6,YES
4,storm-core/src/jvm/backtype/storm/metric/api/rpc/ReducedShellMetric.java,32,288,32.0,32,0,0.0,0,288,32.0,32,9,1,6,YES
4,storm-core/src/jvm/backtype/storm/multilang/BoltMsg.java,80,177,59.0,80,0,0.0,0,177,59.0,80,3,1,2,YES
4,storm-core/src/jvm/backtype/storm/multilang/ISerializer.java,82,181,60.333333333333336,82,0,0.0,0,181,60.333333333333336,82,3,1,2,YES
4,storm-core/src/jvm/backtype/storm/multilang/JsonSerializer.java,202,565,26.904761904761905,194,18,0.8571428571428571,3,547,26.047619047619047,194,21,5,13,YES
4,storm-core/src/jvm/backtype/storm/multilang/NoOutputException.java,40,97,32.333333333333336,40,0,0.0,0,97,32.333333333333336,40,3,1,2,YES
4,storm-core/src/jvm/backtype/storm/multilang/ShellMsg.java,185,742,41.22222222222222,168,0,0.0,0,742,41.22222222222222,168,18,5,11,YES
4,storm-core/src/jvm/backtype/storm/multilang/SpoutMsg.java,51,119,39.666666666666664,51,0,0.0,0,119,39.666666666666664,51,3,1,2,YES
4,storm-core/src/jvm/backtype/storm/nimbus/DefaultTopologyValidator.java,31,0,0.0,0,0,0.0,0,0,0.0,0,0,0,0,NO
4,storm-core/src/jvm/backtype/storm/nimbus/ITopologyValidator.java,28,0,0.0,0,0,0.0,0,0,0.0,0,0,0,0,NO
4,storm-core/src/jvm/backtype/storm/planner/CompoundSpout.java,25,0,0.0,0,0,0.0,0,0,0.0,0,0,0,0,NO
4,storm-core/src/jvm/backtype/storm/planner/CompoundTask.java,25,0,0.0,0,0,0.0,0,0,0.0,0,0,0,0,NO
4,storm-core/src/jvm/backtype/storm/planner/TaskBundle.java,33,0,0.0,0,0,0.0,0,0,0.0,0,0,0,0,NO
4,storm-core/src/jvm/backtype/storm/scheduler/Cluster.java,448,78,13.0,13,0,0.0,0,78,13.0,13,6,1,4,NO
4,storm-core/src/jvm/backtype/storm/scheduler/ExecutorDetails.java,54,0,0.0,0,0,0.0,0,0,0.0,0,0,0,0,NO
4,storm-core/src/jvm/backtype/storm/scheduler/INimbus.java,39,0,0.0,0,0,0.0,0,0,0.0,0,0,0,0,NO
4,storm-core/src/jvm/backtype/storm/scheduler/IScheduler.java,40,0,0.0,0,0,0.0,0,0,0.0,0,0,0,0,NO
4,storm-core/src/jvm/backtype/storm/scheduler/ISupervisor.java,45,0,0.0,0,0,0.0,0,0,0.0,0,0,0,0,NO
4,storm-core/src/jvm/backtype/storm/scheduler/SchedulerAssignment.java,58,0,0.0,0,0,0.0,0,0,0.0,0,0,0,0,NO
4,storm-core/src/jvm/backtype/storm/scheduler/SchedulerAssignmentImpl.java,110,0,0.0,0,0,0.0,0,0,0.0,0,0,0,0,NO
4,storm-core/src/jvm/backtype/storm/scheduler/SupervisorDetails.java,89,0,0.0,0,0,0.0,0,0,0.0,0,0,0,0,NO
4,storm-core/src/jvm/backtype/storm/scheduler/Topologies.java,57,0,0.0,0,0,0.0,0,0,0.0,0,0,0,0,NO
4,storm-core/src/jvm/backtype/storm/scheduler/TopologyDetails.java,89,0,0.0,0,0,0.0,0,0,0.0,0,0,0,0,NO
4,storm-core/src/jvm/backtype/storm/scheduler/WorkerSlot.java,52,0,0.0,0,0,0.0,0,0,0.0,0,0,0,0,NO
4,storm-core/src/jvm/backtype/storm/scheduler/multitenant/DefaultPool.java,219,1314,219.0,219,0,0.0,0,1314,219.0,219,6,1,4,NO
4,storm-core/src/jvm/backtype/storm/scheduler/multitenant/FreePool.java,125,750,125.0,125,0,0.0,0,750,125.0,125,6,1,4,NO
4,storm-core/src/jvm/backtype/storm/scheduler/multitenant/IsolatedPool.java,346,2076,346.0,346,0,0.0,0,2076,346.0,346,6,1,4,NO
4,storm-core/src/jvm/backtype/storm/scheduler/multitenant/MultitenantScheduler.java,98,588,98.0,98,0,0.0,0,588,98.0,98,6,1,4,NO
4,storm-core/src/jvm/backtype/storm/scheduler/multitenant/Node.java,343,2088,261.0,343,10,1.25,5,2078,259.75,343,8,1,6,NO
4,storm-core/src/jvm/backtype/storm/scheduler/multitenant/NodePool.java,296,1776,296.0,296,0,0.0,0,1776,296.0,296,6,1,4,NO
4,storm-core/src/jvm/backtype/storm/security/INimbusCredentialPlugin.java,47,377,41.888888888888886,47,1,0.1111111111111111,1,376,41.77777777777778,47,9,2,5,YES
4,storm-core/src/jvm/backtype/storm/security/auth/AuthUtils.java,284,1393,116.08333333333333,207,178,14.833333333333334,21,1215,101.25,186,12,3,7,YES
4,storm-core/src/jvm/backtype/storm/security/auth/DefaultHttpCredentialsPlugin.java,87,538,67.25,87,8,1.0,4,530,66.25,87,8,2,5,YES
4,storm-core/src/jvm/backtype/storm/security/auth/DefaultPrincipalToLocal.java,43,258,43.0,43,0,0.0,0,258,43.0,43,6,1,4,NO
4,storm-core/src/jvm/backtype/storm/security/auth/IAuthorizer.java,47,0,0.0,0,0,0.0,0,0,0.0,0,0,0,0,NO
4,storm-core/src/jvm/backtype/storm/security/auth/IAutoCredentials.java,55,330,55.0,55,0,0.0,0,330,55.0,55,6,1,4,NO
4,storm-core/src/jvm/backtype/storm/security/auth/ICredentialsRenewer.java,41,250,31.25,41,2,0.25,1,248,31.0,41,8,2,5,YES
4,storm-core/src/jvm/backtype/storm/security/auth/IGroupMappingServiceProvider.java,42,390,39.0,54,12,1.2,12,402,40.2,54,10,2,6,YES
4,storm-core/src/jvm/backtype/storm/security/auth/IHttpCredentialsPlugin.java,50,300,50.0,50,0,0.0,0,300,50.0,50,6,1,4,NO
4,storm-core/src/jvm/backtype/storm/security/auth/IPrincipalToLocal.java,41,246,41.0,41,0,0.0,0,246,41.0,41,6,1,4,NO
4,storm-core/src/jvm/backtype/storm/security/auth/ITransportPlugin.java,59,54,9.0,9,30,5.0,5,24,4.0,4,6,1,4,NO
4,storm-core/src/jvm/backtype/storm/security/auth/KerberosPrincipalToLocal.java,45,270,45.0,45,0,0.0,0,270,45.0,45,6,1,4,NO
4,storm-core/src/jvm/backtype/storm/security/auth/ReqContext.java,116,54,9.0,9,6,1.0,1,48,8.0,8,6,1,4,NO
4,storm-core/src/jvm/backtype/storm/security/auth/SaslTransportPlugin.java,172,178,17.8,29,110,11.0,17,76,7.6,12,10,2,5,YES
4,storm-core/src/jvm/backtype/storm/security/auth/ShellBasedGroupsMapping.java,94,846,94.0,94,0,0.0,0,846,94.0,94,9,2,6,YES
4,storm-core/src/jvm/backtype/storm/security/auth/SimpleTransportPlugin.java,159,288,48.0,48,78,13.0,13,210,35.0,35,6,1,4,YES
4,storm-core/src/jvm/backtype/storm/security/auth/SingleUserPrincipal.java,56,336,56.0,56,0,0.0,0,336,56.0,56,6,1,4,NO
4,storm-core/src/jvm/backtype/storm/security/auth/TBackoffConnect.java,77,472,59.0,77,10,1.25,5,462,57.75,77,8,1,5,NO
4,storm-core/src/jvm/backtype/storm/security/auth/ThriftClient.java,114,360,60.0,60,150,25.0,25,210,35.0,35,6,1,4,NO
4,storm-core/src/jvm/backtype/storm/security/auth/ThriftConnectionType.java,77,462,77.0,77,0,0.0,0,462,77.0,77,6,1,4,NO
4,storm-core/src/jvm/backtype/storm/security/auth/ThriftServer.java,80,60,10.0,10,54,9.0,9,6,1.0,1,6,1,4,NO
4,storm-core/src/jvm/backtype/storm/security/auth/authorizer/DRPCAuthorizerBase.java,46,276,46.0,46,0,0.0,0,276,46.0,46,6,1,4,NO
4,storm-core/src/jvm/backtype/storm/security/auth/authorizer/DRPCSimpleACLAuthorizer.java,157,942,157.0,157,0,0.0,0,942,157.0,157,6,1,4,NO
4,storm-core/src/jvm/backtype/storm/security/auth/authorizer/DenyAuthorizer.java,57,12,2.0,2,12,2.0,2,0,0.0,0,6,1,4,NO
4,storm-core/src/jvm/backtype/storm/security/auth/authorizer/NoopAuthorizer.java,57,18,3.0,3,18,3.0,3,0,0.0,0,6,1,4,NO
4,storm-core/src/jvm/backtype/storm/security/auth/authorizer/SimpleACLAuthorizer.java,131,876,67.38461538461539,131,41,3.1538461538461537,8,839,64.53846153846153,131,13,2,6,YES
4,storm-core/src/jvm/backtype/storm/security/auth/authorizer/SimpleWhitelistAuthorizer.java,70,420,70.0,70,0,0.0,0,420,70.0,70,6,1,4,NO
4,storm-core/src/jvm/backtype/storm/security/auth/digest/ClientCallbackHandler.java,110,0,0.0,0,0,0.0,0,0,0.0,0,0,0,0,NO
4,storm-core/src/jvm/backtype/storm/security/auth/digest/DigestSaslTransportPlugin.java,70,6,1.0,1,0,0.0,0,6,1.0,1,6,1,4,NO
4,storm-core/src/jvm/backtype/storm/security/auth/digest/ServerCallbackHandler.java,114,0,0.0,0,0,0.0,0,0,0.0,0,0,0,0,NO
4,storm-core/src/jvm/backtype/storm/security/auth/hadoop/AutoHDFS.java,261,2096,262.0,262,0,0.0,0,2096,262.0,262,8,2,5,YES
4,storm-core/src/jvm/backtype/storm/security/auth/kerberos/AutoTGT.java,281,1742,158.36363636363637,281,14,1.2727272727272727,4,1728,157.0909090909091,281,11,2,6,YES
4,storm-core/src/jvm/backtype/storm/security/auth/kerberos/AutoTGTKrb5LoginModule.java,108,648,108.0,108,0,0.0,0,648,108.0,108,6,1,4,NO
4,storm-core/src/jvm/backtype/storm/security/auth/kerberos/AutoTGTKrb5LoginModuleTest.java,44,264,44.0,44,0,0.0,0,264,44.0,44,6,1,4,NO
4,storm-core/src/jvm/backtype/storm/security/auth/kerberos/ClientCallbackHandler.java,104,624,104.0,104,0,0.0,0,624,104.0,104,6,1,4,NO
4,storm-core/src/jvm/backtype/storm/security/auth/kerberos/KerberosSaslTransportPlugin.java,206,1236,206.0,206,0,0.0,0,1236,206.0,206,6,1,4,NO
4,storm-core/src/jvm/backtype/storm/security/auth/kerberos/ServerCallbackHandler.java,86,516,86.0,86,0,0.0,0,516,86.0,86,6,1,4,NO
4,storm-core/src/jvm/backtype/storm/security/serialization/BlowfishTupleSerializer.java,89,0,0.0,0,0,0.0,0,0,0.0,0,0,0,0,NO
4,storm-core/src/jvm/backtype/storm/serialization/DefaultKryoFactory.java,64,0,0.0,0,0,0.0,0,0,0.0,0,0,0,0,NO
4,storm-core/src/jvm/backtype/storm/serialization/DefaultSerializationDelegate.java,61,356,39.55555555555556,61,4,0.4444444444444444,3,358,39.77777777777778,61,9,1,4,NO
4,storm-core/src/jvm/backtype/storm/serialization/GzipBridgeSerializationDelegate.java,64,412,34.333333333333336,64,41,3.4166666666666665,14,429,35.75,64,12,1,4,NO
4,storm-core/src/jvm/backtype/storm/serialization/GzipSerializationDelegate.java,68,394,43.77777777777778,68,2,0.2222222222222222,1,394,43.77777777777778,68,9,1,4,NO
4,storm-core/src/jvm/backtype/storm/serialization/IKryoDecorator.java,23,0,0.0,0,0,0.0,0,0,0.0,0,0,0,0,NO
4,storm-core/src/jvm/backtype/storm/serialization/IKryoFactory.java,40,0,0.0,0,0,0.0,0,0,0.0,0,0,0,0,NO
4,storm-core/src/jvm/backtype/storm/serialization/ITupleDeserializer.java,25,0,0.0,0,0,0.0,0,0,0.0,0,0,0,0,NO
4,storm-core/src/jvm/backtype/storm/serialization/ITupleSerializer.java,26,0,0.0,0,0,0.0,0,0,0.0,0,0,0,0,NO
4,storm-core/src/jvm/backtype/storm/serialization/KryoTupleDeserializer.java,59,0,0.0,0,0,0.0,0,0,0.0,0,0,0,0,NO
4,storm-core/src/jvm/backtype/storm/serialization/KryoTupleSerializer.java,60,0,0.0,0,0,0.0,0,0,0.0,0,0,0,0,NO
4,storm-core/src/jvm/backtype/storm/serialization/KryoValuesDeserializer.java,51,0,0.0,0,0,0.0,0,0,0.0,0,0,0,0,NO
4,storm-core/src/jvm/backtype/storm/serialization/KryoValuesSerializer.java,58,0,0.0,0,0,0.0,0,0,0.0,0,0,0,0,NO
4,storm-core/src/jvm/backtype/storm/serialization/SerializableSerializer.java,61,0,0.0,0,0,0.0,0,0,0.0,0,0,0,0,NO
4,storm-core/src/jvm/backtype/storm/serialization/SerializationDelegate.java,35,195,24.375,35,1,0.125,1,196,24.5,35,8,1,4,NO
4,storm-core/src/jvm/backtype/storm/serialization/SerializationFactory.java,224,0,0.0,0,0,0.0,0,0,0.0,0,0,0,0,NO
4,storm-core/src/jvm/backtype/storm/serialization/types/ArrayListSerializer.java,32,0,0.0,0,0,0.0,0,0,0.0,0,0,0,0,NO
4,storm-core/src/jvm/backtype/storm/serialization/types/HashMapSerializer.java,32,0,0.0,0,0,0.0,0,0,0.0,0,0,0,0,NO
4,storm-core/src/jvm/backtype/storm/serialization/types/HashSetSerializer.java,32,0,0.0,0,0,0.0,0,0,0.0,0,0,0,0,NO
4,storm-core/src/jvm/backtype/storm/serialization/types/ListDelegateSerializer.java,32,0,0.0,0,0,0.0,0,0,0.0,0,0,0,0,NO
4,storm-core/src/jvm/backtype/storm/spout/IMultiSchemableSpout.java,23,0,0.0,0,0,0.0,0,0,0.0,0,0,0,0,NO
4,storm-core/src/jvm/backtype/storm/spout/ISchemableSpout.java,24,0,0.0,0,0,0.0,0,0,0.0,0,0,0,0,NO
4,storm-core/src/jvm/backtype/storm/spout/ISpout.java,105,9,1.0,1,9,1.0,1,0,0.0,0,9,3,8,YES
4,storm-core/src/jvm/backtype/storm/spout/ISpoutOutputCollector.java,29,0,0.0,0,0,0.0,0,0,0.0,0,0,0,0,NO
4,storm-core/src/jvm/backtype/storm/spout/ISpoutWaitStrategy.java,34,0,0.0,0,0,0.0,0,0,0.0,0,0,0,0,NO
4,storm-core/src/jvm/backtype/storm/spout/MultiScheme.java,28,0,0.0,0,0,0.0,0,0,0.0,0,0,0,0,NO
4,storm-core/src/jvm/backtype/storm/spout/NothingEmptyEmitStrategy.java,31,0,0.0,0,0,0.0,0,0,0.0,0,0,0,0,NO
4,storm-core/src/jvm/backtype/storm/spout/RawMultiScheme.java,38,0,0.0,0,0,0.0,0,0,0.0,0,0,0,0,NO
4,storm-core/src/jvm/backtype/storm/spout/RawScheme.java,32,0,0.0,0,0,0.0,0,0,0.0,0,0,0,0,NO
4,storm-core/src/jvm/backtype/storm/spout/Scheme.java,28,0,0.0,0,0,0.0,0,0,0.0,0,0,0,0,NO
4,storm-core/src/jvm/backtype/storm/spout/SchemeAsMultiScheme.java,41,0,0.0,0,0,0.0,0,0,0.0,0,0,0,0,NO
4,storm-core/src/jvm/backtype/storm/spout/ShellSpout.java,260,1216,38.0,106,201,6.28125,49,1015,31.71875,64,32,7,15,YES
4,storm-core/src/jvm/backtype/storm/spout/SleepSpoutWaitStrategy.java,41,0,0.0,0,0,0.0,0,0,0.0,0,0,0,0,NO
4,storm-core/src/jvm/backtype/storm/spout/SpoutOutputCollector.java,134,0,0.0,0,0,0.0,0,0,0.0,0,0,0,0,NO
4,storm-core/src/jvm/backtype/storm/state/IStateSpout.java,29,0,0.0,0,0,0.0,0,0,0.0,0,0,0,0,NO
4,storm-core/src/jvm/backtype/storm/state/IStateSpoutOutputCollector.java,22,0,0.0,0,0,0.0,0,0,0.0,0,0,0,0,NO
4,storm-core/src/jvm/backtype/storm/state/ISubscribedState.java,25,0,0.0,0,0,0.0,0,0,0.0,0,0,0,0,NO
4,storm-core/src/jvm/backtype/storm/state/ISynchronizeOutputCollector.java,24,0,0.0,0,0,0.0,0,0,0.0,0,0,0,0,NO
4,storm-core/src/jvm/backtype/storm/state/StateSpoutOutputCollector.java,28,0,0.0,0,0,0.0,0,0,0.0,0,0,0,0,NO
4,storm-core/src/jvm/backtype/storm/state/SynchronizeOutputCollector.java,30,0,0.0,0,0,0.0,0,0,0.0,0,0,0,0,NO
4,storm-core/src/jvm/backtype/storm/task/GeneralTopologyContext.java,198,0,0.0,0,0,0.0,0,0,0.0,0,0,0,0,NO
4,storm-core/src/jvm/backtype/storm/task/IBolt.java,84,0,0.0,0,0,0.0,0,0,0.0,0,0,0,0,NO
4,storm-core/src/jvm/backtype/storm/task/IErrorReporter.java,22,0,0.0,0,0,0.0,0,0,0.0,0,0,0,0,NO
4,storm-core/src/jvm/backtype/storm/task/IMetricsContext.java,31,0,0.0,0,0,0.0,0,0,0.0,0,0,0,0,NO
4,storm-core/src/jvm/backtype/storm/task/IOutputCollector.java,32,0,0.0,0,0,0.0,0,0,0.0,0,0,0,0,NO
4,storm-core/src/jvm/backtype/storm/task/OutputCollector.java,225,0,0.0,0,0,0.0,0,0,0.0,0,0,0,0,NO
4,storm-core/src/jvm/backtype/storm/task/ShellBolt.java,383,1970,45.81395348837209,144,825,19.186046511627907,115,1163,27.046511627906977,75,43,8,16,YES
4,storm-core/src/jvm/backtype/storm/task/TopologyContext.java,314,305,21.785714285714285,49,2,0.14285714285714285,1,303,21.642857142857142,48,14,3,9,YES
4,storm-core/src/jvm/backtype/storm/task/WorkerTopologyContext.java,106,0,0.0,0,0,0.0,0,0,0.0,0,0,0,0,NO
4,storm-core/src/jvm/backtype/storm/testing/AckFailDelegate.java,25,0,0.0,0,0,0.0,0,0,0.0,0,0,0,0,NO
4,storm-core/src/jvm/backtype/storm/testing/AckFailMapTracker.java,52,0,0.0,0,0,0.0,0,0,0.0,0,0,0,0,NO
4,storm-core/src/jvm/backtype/storm/testing/AckTracker.java,52,0,0.0,0,0,0.0,0,0,0.0,0,0,0,0,NO
4,storm-core/src/jvm/backtype/storm/testing/BatchNumberList.java,72,0,0.0,0,0,0.0,0,0,0.0,0,0,0,0,NO
4,storm-core/src/jvm/backtype/storm/testing/BatchProcessWord.java,39,0,0.0,0,0,0.0,0,0,0.0,0,0,0,0,NO
4,storm-core/src/jvm/backtype/storm/testing/BatchRepeatA.java,48,0,0.0,0,0,0.0,0,0,0.0,0,0,0,0,NO
4,storm-core/src/jvm/backtype/storm/testing/BoltTracker.java,42,0,0.0,0,0,0.0,0,0,0.0,0,0,0,0,NO
4,storm-core/src/jvm/backtype/storm/testing/CompleteTopologyParam.java,67,21,21.0,21,1,1.0,1,20,20.0,20,1,0,1,NO
4,storm-core/src/jvm/backtype/storm/testing/CountingBatchBolt.java,55,0,0.0,0,0,0.0,0,0,0.0,0,0,0,0,NO
4,storm-core/src/jvm/backtype/storm/testing/CountingCommitBolt.java,57,0,0.0,0,0,0.0,0,0,0.0,0,0,0,0,NO
4,storm-core/src/jvm/backtype/storm/testing/FeederSpout.java,100,0,0.0,0,0,0.0,0,0,0.0,0,0,0,0,NO
4,storm-core/src/jvm/backtype/storm/testing/FixedTuple.java,42,0,0.0,0,0,0.0,0,0,0.0,0,0,0,0,NO
4,storm-core/src/jvm/backtype/storm/testing/FixedTupleSpout.java,179,0,0.0,0,0,0.0,0,0,0.0,0,0,0,0,NO
4,storm-core/src/jvm/backtype/storm/testing/ForwardingMetricsConsumer.java,95,570,95.0,95,0,0.0,0,570,95.0,95,6,1,3,NO
4,storm-core/src/jvm/backtype/storm/testing/IdentityBolt.java,42,0,0.0,0,0,0.0,0,0,0.0,0,0,0,0,NO
4,storm-core/src/jvm/backtype/storm/testing/KeyedCountingBatchBolt.java,61,0,0.0,0,0,0.0,0,0,0.0,0,0,0,0,NO
4,storm-core/src/jvm/backtype/storm/testing/KeyedCountingCommitterBolt.java,24,0,0.0,0,0,0.0,0,0,0.0,0,0,0,0,NO
4,storm-core/src/jvm/backtype/storm/testing/KeyedSummingBatchBolt.java,61,0,0.0,0,0,0.0,0,0,0.0,0,0,0,0,NO
4,storm-core/src/jvm/backtype/storm/testing/MemoryTransactionalSpout.java,181,0,0.0,0,0,0.0,0,0,0.0,0,0,0,0,NO
4,storm-core/src/jvm/backtype/storm/testing/MemoryTransactionalSpoutMeta.java,38,0,0.0,0,0,0.0,0,0,0.0,0,0,0,0,NO
4,storm-core/src/jvm/backtype/storm/testing/MkClusterParam.java,57,0,0.0,0,0,0.0,0,0,0.0,0,0,0,0,NO
4,storm-core/src/jvm/backtype/storm/testing/MkTupleParam.java,51,0,0.0,0,0,0.0,0,0,0.0,0,0,0,0,NO
4,storm-core/src/jvm/backtype/storm/testing/MockedSources.java,60,0,0.0,0,0,0.0,0,0,0.0,0,0,0,0,NO
4,storm-core/src/jvm/backtype/storm/testing/NGrouping.java,50,0,0.0,0,0,0.0,0,0,0.0,0,0,0,0,NO
4,storm-core/src/jvm/backtype/storm/testing/NonRichBoltTracker.java,51,0,0.0,0,0,0.0,0,0,0.0,0,0,0,0,NO
4,storm-core/src/jvm/backtype/storm/testing/OpaqueMemoryTransactionalSpout.java,186,0,0.0,0,0,0.0,0,0,0.0,0,0,0,0,NO
4,storm-core/src/jvm/backtype/storm/testing/PrepareBatchBolt.java,52,0,0.0,0,0,0.0,0,0,0.0,0,0,0,0,NO
4,storm-core/src/jvm/backtype/storm/testing/PythonShellMetricsBolt.java,32,305,30.5,32,0,0.0,0,305,30.5,32,10,1,7,YES
4,storm-core/src/jvm/backtype/storm/testing/PythonShellMetricsSpout.java,35,332,33.2,35,0,0.0,0,332,33.2,35,10,1,7,YES
4,storm-core/src/jvm/backtype/storm/testing/SingleUserSimpleTransport.java,37,222,37.0,37,0,0.0,0,222,37.0,37,6,1,4,NO
4,storm-core/src/jvm/backtype/storm/testing/SpoutTracker.java,105,0,0.0,0,0,0.0,0,0,0.0,0,0,0,0,NO
4,storm-core/src/jvm/backtype/storm/testing/TestAggregatesCounter.java,63,0,0.0,0,0,0.0,0,0,0.0,0,0,0,0,NO
4,storm-core/src/jvm/backtype/storm/testing/TestConfBolt.java,62,0,0.0,0,0,0.0,0,0,0.0,0,0,0,0,NO
4,storm-core/src/jvm/backtype/storm/testing/TestEventLogSpout.java,139,278,139.0,139,0,0.0,0,278,139.0,139,2,1,1,YES
4,storm-core/src/jvm/backtype/storm/testing/TestEventOrderCheckBolt.java,76,152,76.0,76,0,0.0,0,152,76.0,76,2,1,1,YES
4,storm-core/src/jvm/backtype/storm/testing/TestGlobalCount.java,60,0,0.0,0,0,0.0,0,0,0.0,0,0,0,0,NO
4,storm-core/src/jvm/backtype/storm/testing/TestJob.java,41,0,0.0,0,0,0.0,0,0,0.0,0,0,0,0,NO
4,storm-core/src/jvm/backtype/storm/testing/TestKryoDecorator.java,31,0,0.0,0,0,0.0,0,0,0.0,0,0,0,0,NO
4,storm-core/src/jvm/backtype/storm/testing/TestPlannerBolt.java,45,0,0.0,0,0,0.0,0,0,0.0,0,0,0,0,NO
4,storm-core/src/jvm/backtype/storm/testing/TestPlannerSpout.java,85,0,0.0,0,0,0.0,0,0,0.0,0,0,0,0,NO
4,storm-core/src/jvm/backtype/storm/testing/TestSerObject.java,37,0,0.0,0,0,0.0,0,0,0.0,0,0,0,0,NO
4,storm-core/src/jvm/backtype/storm/testing/TestWordCounter.java,61,0,0.0,0,0,0.0,0,0,0.0,0,0,0,0,NO
4,storm-core/src/jvm/backtype/storm/testing/TestWordSpout.java,86,0,0.0,0,0,0.0,0,0,0.0,0,0,0,0,NO
4,storm-core/src/jvm/backtype/storm/testing/TrackedTopology.java,34,0,0.0,0,0,0.0,0,0,0.0,0,0,0,0,NO
4,storm-core/src/jvm/backtype/storm/testing/TupleCaptureBolt.java,83,0,0.0,0,0,0.0,0,0,0.0,0,0,0,0,NO
4,storm-core/src/jvm/backtype/storm/topology/BaseConfigurationDeclarer.java,54,0,0.0,0,0,0.0,0,0,0.0,0,0,0,0,NO
4,storm-core/src/jvm/backtype/storm/topology/BasicBoltExecutor.java,67,0,0.0,0,0,0.0,0,0,0.0,0,0,0,0,NO
4,storm-core/src/jvm/backtype/storm/topology/BasicOutputCollector.java,62,0,0.0,0,0,0.0,0,0,0.0,0,0,0,0,NO
4,storm-core/src/jvm/backtype/storm/topology/BoltDeclarer.java,22,0,0.0,0,0,0.0,0,0,0.0,0,0,0,0,NO
4,storm-core/src/jvm/backtype/storm/topology/ComponentConfigurationDeclarer.java,29,0,0.0,0,0,0.0,0,0,0.0,0,0,0,0,NO
4,storm-core/src/jvm/backtype/storm/topology/FailedException.java,36,0,0.0,0,0,0.0,0,0,0.0,0,0,0,0,NO
4,storm-core/src/jvm/backtype/storm/topology/IBasicBolt.java,33,0,0.0,0,0,0.0,0,0,0.0,0,0,0,0,NO
4,storm-core/src/jvm/backtype/storm/topology/IBasicOutputCollector.java,26,0,0.0,0,0,0.0,0,0,0.0,0,0,0,0,NO
4,storm-core/src/jvm/backtype/storm/topology/IComponent.java,44,0,0.0,0,0,0.0,0,0,0.0,0,0,0,0,NO
4,storm-core/src/jvm/backtype/storm/topology/IRichBolt.java,29,0,0.0,0,0,0.0,0,0,0.0,0,0,0,0,NO
4,storm-core/src/jvm/backtype/storm/topology/IRichSpout.java,29,0,0.0,0,0,0.0,0,0,0.0,0,0,0,0,NO
4,storm-core/src/jvm/backtype/storm/topology/IRichStateSpout.java,25,0,0.0,0,0,0.0,0,0,0.0,0,0,0,0,NO
4,storm-core/src/jvm/backtype/storm/topology/InputDeclarer.java,53,0,0.0,0,0,0.0,0,0,0.0,0,0,0,0,NO
4,storm-core/src/jvm/backtype/storm/topology/OutputFieldsDeclarer.java,32,0,0.0,0,0,0.0,0,0,0.0,0,0,0,0,NO
4,storm-core/src/jvm/backtype/storm/topology/OutputFieldsGetter.java,53,0,0.0,0,0,0.0,0,0,0.0,0,0,0,0,NO
4,storm-core/src/jvm/backtype/storm/topology/ReportedFailedException.java,36,0,0.0,0,0,0.0,0,0,0.0,0,0,0,0,NO
4,storm-core/src/jvm/backtype/storm/topology/SpoutDeclarer.java,22,0,0.0,0,0,0.0,0,0,0.0,0,0,0,0,NO
4,storm-core/src/jvm/backtype/storm/topology/TopologyBuilder.java,359,0,0.0,0,0,0.0,0,0,0.0,0,0,0,0,NO
4,storm-core/src/jvm/backtype/storm/topology/base/BaseBasicBolt.java,33,0,0.0,0,0,0.0,0,0,0.0,0,0,0,0,NO
4,storm-core/src/jvm/backtype/storm/topology/base/BaseBatchBolt.java,25,0,0.0,0,0,0.0,0,0,0.0,0,0,0,0,NO
4,storm-core/src/jvm/backtype/storm/topology/base/BaseComponent.java,28,0,0.0,0,0,0.0,0,0,0.0,0,0,0,0,NO
4,storm-core/src/jvm/backtype/storm/topology/base/BaseOpaquePartitionedTransactionalSpout.java,25,0,0.0,0,0,0.0,0,0,0.0,0,0,0,0,NO
4,storm-core/src/jvm/backtype/storm/topology/base/BasePartitionedTransactionalSpout.java,25,0,0.0,0,0,0.0,0,0,0.0,0,0,0,0,NO
4,storm-core/src/jvm/backtype/storm/topology/base/BaseRichBolt.java,26,0,0.0,0,0,0.0,0,0,0.0,0,0,0,0,NO
4,storm-core/src/jvm/backtype/storm/topology/base/BaseRichSpout.java,50,0,0.0,0,0,0.0,0,0,0.0,0,0,0,0,NO
4,storm-core/src/jvm/backtype/storm/topology/base/BaseTransactionalBolt.java,24,0,0.0,0,0,0.0,0,0,0.0,0,0,0,0,NO
4,storm-core/src/jvm/backtype/storm/topology/base/BaseTransactionalSpout.java,25,0,0.0,0,0,0.0,0,0,0.0,0,0,0,0,NO
4,storm-core/src/jvm/backtype/storm/transactional/ICommitter.java,26,0,0.0,0,0,0.0,0,0,0.0,0,0,0,0,NO
4,storm-core/src/jvm/backtype/storm/transactional/ICommitterTransactionalSpout.java,31,0,0.0,0,0,0.0,0,0,0.0,0,0,0,0,NO
4,storm-core/src/jvm/backtype/storm/transactional/ITransactionalSpout.java,94,0,0.0,0,0,0.0,0,0,0.0,0,0,0,0,NO
4,storm-core/src/jvm/backtype/storm/transactional/TransactionAttempt.java,61,0,0.0,0,0,0.0,0,0,0.0,0,0,0,0,NO
4,storm-core/src/jvm/backtype/storm/transactional/TransactionalSpoutBatchExecutor.java,96,0,0.0,0,0,0.0,0,0,0.0,0,0,0,0,NO
4,storm-core/src/jvm/backtype/storm/transactional/TransactionalSpoutCoordinator.java,217,0,0.0,0,0,0.0,0,0,0.0,0,0,0,0,NO
4,storm-core/src/jvm/backtype/storm/transactional/TransactionalTopologyBuilder.java,510,0,0.0,0,0,0.0,0,0,0.0,0,0,0,0,NO
4,storm-core/src/jvm/backtype/storm/transactional/partitioned/IOpaquePartitionedTransactionalSpout.java,56,0,0.0,0,0,0.0,0,0,0.0,0,0,0,0,NO
4,storm-core/src/jvm/backtype/storm/transactional/partitioned/IPartitionedTransactionalSpout.java,69,0,0.0,0,0,0.0,0,0,0.0,0,0,0,0,NO
4,storm-core/src/jvm/backtype/storm/transactional/partitioned/OpaquePartitionedTransactionalSpoutExecutor.java,159,0,0.0,0,0,0.0,0,0,0.0,0,0,0,0,NO
4,storm-core/src/jvm/backtype/storm/transactional/partitioned/PartitionedTransactionalSpoutExecutor.java,142,0,0.0,0,0,0.0,0,0,0.0,0,0,0,0,NO
4,storm-core/src/jvm/backtype/storm/transactional/state/RotatingTransactionalState.java,149,0,0.0,0,0,0.0,0,0,0.0,0,0,0,0,NO
4,storm-core/src/jvm/backtype/storm/transactional/state/TestTransactionalState.java,47,282,47.0,47,0,0.0,0,282,47.0,47,6,1,4,NO
4,storm-core/src/jvm/backtype/storm/transactional/state/TransactionalState.java,173,272,34.0,45,68,8.5,11,204,25.5,34,8,2,5,YES
4,storm-core/src/jvm/backtype/storm/tuple/Fields.java,100,0,0.0,0,0,0.0,0,0,0.0,0,0,0,0,NO
4,storm-core/src/jvm/backtype/storm/tuple/ITuple.java,136,816,136.0,136,0,0.0,0,816,136.0,136,6,0,6,NO
4,storm-core/src/jvm/backtype/storm/tuple/MessageId.java,98,0,0.0,0,0,0.0,0,0,0.0,0,0,0,0,NO
4,storm-core/src/jvm/backtype/storm/tuple/Tuple.java,60,13,1.8571428571428572,7,674,96.28571428571429,112,671,95.85714285714286,111,7,0,7,NO
4,storm-core/src/jvm/backtype/storm/tuple/TupleImpl.java,351,7,7.0,7,1,1.0,1,6,6.0,6,1,0,1,NO
4,storm-core/src/jvm/backtype/storm/tuple/Values.java,37,0,0.0,0,0,0.0,0,0,0.0,0,0,0,0,NO
4,storm-core/src/jvm/backtype/storm/ui/InvalidRequestException.java,20,157,19.625,20,0,0.0,0,157,19.625,20,8,1,6,YES
4,storm-core/src/jvm/backtype/storm/utils/BufferFileInputStream.java,54,0,0.0,0,0,0.0,0,0,0.0,0,0,0,0,NO
4,storm-core/src/jvm/backtype/storm/utils/CRC32OutputStream.java,44,0,0.0,0,0,0.0,0,0,0.0,0,0,0,0,NO
4,storm-core/src/jvm/backtype/storm/utils/ClojureTimerTask.java,35,0,0.0,0,0,0.0,0,0,0.0,0,0,0,0,NO
4,storm-core/src/jvm/backtype/storm/utils/Container.java,24,0,0.0,0,0,0.0,0,0,0.0,0,0,0,0,NO
4,storm-core/src/jvm/backtype/storm/utils/DRPCClient.java,65,132,22.0,22,246,41.0,41,114,19.0,19,6,1,4,NO
4,storm-core/src/jvm/backtype/storm/utils/DisruptorQueue.java,217,508,33.86666666666667,78,406,27.066666666666666,45,122,8.133333333333333,33,15,3,7,YES
4,storm-core/src/jvm/backtype/storm/utils/IndifferentAccessMap.java,177,0,0.0,0,0,0.0,0,0,0.0,0,0,0,0,NO
4,storm-core/src/jvm/backtype/storm/utils/InprocMessaging.java,59,0,0.0,0,0,0.0,0,0,0.0,0,0,0,0,NO
4,storm-core/src/jvm/backtype/storm/utils/KeyedRoundRobinQueue.java,68,0,0.0,0,0,0.0,0,0,0.0,0,0,0,0,NO
4,storm-core/src/jvm/backtype/storm/utils/ListDelegate.java,156,0,0.0,0,0,0.0,0,0,0.0,0,0,0,0,NO
4,storm-core/src/jvm/backtype/storm/utils/LocalState.java,114,267,24.272727272727273,34,92,8.363636363636363,17,175,15.909090909090908,24,11,3,7,YES
4,storm-core/src/jvm/backtype/storm/utils/Monitor.java,249,2801,215.46153846153845,249,62,4.769230769230769,40,2739,210.69230769230768,249,13,1,7,YES
4,storm-core/src/jvm/backtype/storm/utils/MutableInt.java,43,0,0.0,0,0,0.0,0,0,0.0,0,0,0,0,NO
4,storm-core/src/jvm/backtype/storm/utils/MutableLong.java,43,0,0.0,0,0,0.0,0,0,0.0,0,0,0,0,NO
4,storm-core/src/jvm/backtype/storm/utils/MutableObject.java,38,0,0.0,0,0,0.0,0,0,0.0,0,0,0,0,NO
4,storm-core/src/jvm/backtype/storm/utils/NimbusClient.java,59,68,9.714285714285714,20,23,3.2857142857142856,5,45,6.428571428571429,15,7,1,5,NO
4,storm-core/src/jvm/backtype/storm/utils/RegisteredGlobalState.java,64,0,0.0,0,0,0.0,0,0,0.0,0,0,0,0,NO
4,storm-core/src/jvm/backtype/storm/utils/RotatingMap.java,124,0,0.0,0,0,0.0,0,0,0.0,0,0,0,0,NO
4,storm-core/src/jvm/backtype/storm/utils/ServiceRegistry.java,47,0,0.0,0,0,0.0,0,0,0.0,0,0,0,0,NO
4,storm-core/src/jvm/backtype/storm/utils/ShellProcess.java,182,540,36.0,116,201,13.4,83,339,22.6,38,15,3,10,YES
4,storm-core/src/jvm/backtype/storm/utils/ShellUtils.java,498,4482,498.0,498,0,0.0,0,4482,498.0,498,9,2,6,YES
4,storm-core/src/jvm/backtype/storm/utils/StormBoundedExponentialBackoffRetry.java,74,445,63.57142857142857,74,1,0.14285714285714285,1,444,63.42857142857143,74,7,1,6,YES
4,storm-core/src/jvm/backtype/storm/utils/TestUtils.java,34,204,34.0,34,0,0.0,0,204,34.0,34,6,1,4,NO
4,storm-core/src/jvm/backtype/storm/utils/ThriftTopologyUtils.java,58,0,0.0,0,0,0.0,0,0,0.0,0,0,0,0,NO
4,storm-core/src/jvm/backtype/storm/utils/Time.java,109,24,12.0,12,12,6.0,6,12,6.0,6,2,1,1,YES
4,storm-core/src/jvm/backtype/storm/utils/TimeCacheMap.java,161,0,0.0,0,0,0.0,0,0,0.0,0,0,0,0,NO
4,storm-core/src/jvm/backtype/storm/utils/TransferDrainer.java,113,226,113.0,113,0,0.0,0,226,113.0,113,2,1,1,YES
4,storm-core/src/jvm/backtype/storm/utils/Utils.java,536,1204,40.13333333333333,111,640,21.333333333333332,50,862,28.733333333333334,90,30,5,13,YES
4,storm-core/src/jvm/backtype/storm/utils/VersionedStore.java,186,0,0.0,0,0,0.0,0,0,0.0,0,0,0,0,YES
4,storm-core/src/jvm/backtype/storm/utils/WindowedTimeThrottler.java,51,0,0.0,0,0,0.0,0,0,0.0,0,0,0,0,NO
4,storm-core/src/jvm/backtype/storm/utils/WritableUtils.java,375,0,0.0,0,0,0.0,0,0,0.0,0,0,0,0,NO
4,storm-core/src/jvm/backtype/storm/utils/ZookeeperAuthInfo.java,53,42,7.0,7,12,2.0,2,30,5.0,5,6,1,4,NO
4,storm-core/src/jvm/backtype/storm/utils/ZookeeperServerCnxnFactory.java,84,504,84.0,84,0,0.0,0,504,84.0,84,6,1,4,NO
4,storm-core/src/jvm/storm/trident/JoinType.java,30,0,0.0,0,0,0.0,0,0,0.0,0,0,0,0,NO
4,storm-core/src/jvm/storm/trident/Stream.java,377,8,4.0,4,2,1.0,1,6,3.0,3,2,1,1,YES
4,storm-core/src/jvm/storm/trident/TridentState.java,40,0,0.0,0,0,0.0,0,0,0.0,0,0,0,0,NO
4,storm-core/src/jvm/storm/trident/TridentTopology.java,813,0,0.0,0,0,0.0,0,0,0.0,0,0,0,0,NO
4,storm-core/src/jvm/storm/trident/drpc/ReturnResultsReducer.java,121,66,11.0,11,12,2.0,2,54,9.0,9,6,1,4,YES
4,storm-core/src/jvm/storm/trident/fluent/ChainedAggregatorDeclarer.java,183,0,0.0,0,0,0.0,0,0,0.0,0,0,0,0,NO
4,storm-core/src/jvm/storm/trident/fluent/ChainedFullAggregatorDeclarer.java,32,0,0.0,0,0,0.0,0,0,0.0,0,0,0,0,NO
4,storm-core/src/jvm/storm/trident/fluent/ChainedPartitionAggregatorDeclarer.java,32,0,0.0,0,0,0.0,0,0,0.0,0,0,0,0,NO
4,storm-core/src/jvm/storm/trident/fluent/GlobalAggregationScheme.java,26,0,0.0,0,0,0.0,0,0,0.0,0,0,0,0,NO
4,storm-core/src/jvm/storm/trident/fluent/GroupedStream.java,174,0,0.0,0,0,0.0,0,0,0.0,0,0,0,0,NO
4,storm-core/src/jvm/storm/trident/fluent/IAggregatableStream.java,31,0,0.0,0,0,0.0,0,0,0.0,0,0,0,0,NO
4,storm-core/src/jvm/storm/trident/fluent/IChainedAggregatorDeclarer.java,24,0,0.0,0,0,0.0,0,0,0.0,0,0,0,0,NO
4,storm-core/src/jvm/storm/trident/fluent/UniqueIdGen.java,34,0,0.0,0,0,0.0,0,0,0.0,0,0,0,0,NO
4,storm-core/src/jvm/storm/trident/graph/GraphGrouper.java,123,0,0.0,0,0,0.0,0,0,0.0,0,0,0,0,NO
4,storm-core/src/jvm/storm/trident/graph/Group.java,87,0,0.0,0,0,0.0,0,0,0.0,0,0,0,0,NO
4,storm-core/src/jvm/storm/trident/operation/Aggregator.java,26,0,0.0,0,0,0.0,0,0,0.0,0,0,0,0,NO
4,storm-core/src/jvm/storm/trident/operation/Assembly.java,25,0,0.0,0,0,0.0,0,0,0.0,0,0,0,0,NO
4,storm-core/src/jvm/storm/trident/operation/BaseAggregator.java,23,0,0.0,0,0,0.0,0,0,0.0,0,0,0,0,NO
4,storm-core/src/jvm/storm/trident/operation/BaseFilter.java,23,0,0.0,0,0,0.0,0,0,0.0,0,0,0,0,NO
4,storm-core/src/jvm/storm/trident/operation/BaseFunction.java,23,0,0.0,0,0,0.0,0,0,0.0,0,0,0,0,NO
4,storm-core/src/jvm/storm/trident/operation/BaseMultiReducer.java,33,0,0.0,0,0,0.0,0,0,0.0,0,0,0,0,NO
4,storm-core/src/jvm/storm/trident/operation/BaseOperation.java,32,0,0.0,0,0,0.0,0,0,0.0,0,0,0,0,NO
4,storm-core/src/jvm/storm/trident/operation/CombinerAggregator.java,29,0,0.0,0,0,0.0,0,0,0.0,0,0,0,0,NO
4,storm-core/src/jvm/storm/trident/operation/EachOperation.java,22,0,0.0,0,0,0.0,0,0,0.0,0,0,0,0,NO
4,storm-core/src/jvm/storm/trident/operation/Filter.java,25,0,0.0,0,0,0.0,0,0,0.0,0,0,0,0,NO
4,storm-core/src/jvm/storm/trident/operation/Function.java,24,0,0.0,0,0,0.0,0,0,0.0,0,0,0,0,NO
4,storm-core/src/jvm/storm/trident/operation/GroupedMultiReducer.java,31,0,0.0,0,0,0.0,0,0,0.0,0,0,0,0,NO
4,storm-core/src/jvm/storm/trident/operation/MultiReducer.java,31,0,0.0,0,0,0.0,0,0,0.0,0,0,0,0,NO
4,storm-core/src/jvm/storm/trident/operation/Operation.java,26,0,0.0,0,0,0.0,0,0,0.0,0,0,0,0,NO
4,storm-core/src/jvm/storm/trident/operation/ReducerAggregator.java,26,0,0.0,0,0,0.0,0,0,0.0,0,0,0,0,NO
4,storm-core/src/jvm/storm/trident/operation/TridentCollector.java,26,0,0.0,0,0,0.0,0,0,0.0,0,0,0,0,NO
4,storm-core/src/jvm/storm/trident/operation/TridentMultiReducerContext.java,36,0,0.0,0,0,0.0,0,0,0.0,0,0,0,0,NO
4,storm-core/src/jvm/storm/trident/operation/TridentOperationContext.java,65,0,0.0,0,0,0.0,0,0,0.0,0,0,0,0,NO
4,storm-core/src/jvm/storm/trident/operation/builtin/Count.java,41,0,0.0,0,0,0.0,0,0,0.0,0,0,0,0,NO
4,storm-core/src/jvm/storm/trident/operation/builtin/Debug.java,39,0,0.0,0,0,0.0,0,0,0.0,0,0,0,0,NO
4,storm-core/src/jvm/storm/trident/operation/builtin/Equals.java,38,0,0.0,0,0,0.0,0,0,0.0,0,0,0,0,NO
4,storm-core/src/jvm/storm/trident/operation/builtin/FilterNull.java,31,0,0.0,0,0,0.0,0,0,0.0,0,0,0,0,NO
4,storm-core/src/jvm/storm/trident/operation/builtin/FirstN.java,125,0,0.0,0,0,0.0,0,0,0.0,0,0,0,0,NO
4,storm-core/src/jvm/storm/trident/operation/builtin/MapGet.java,38,0,0.0,0,0,0.0,0,0,0.0,0,0,0,0,NO
4,storm-core/src/jvm/storm/trident/operation/builtin/Negate.java,48,0,0.0,0,0,0.0,0,0,0.0,0,0,0,0,NO
4,storm-core/src/jvm/storm/trident/operation/builtin/SnapshotGet.java,44,0,0.0,0,0,0.0,0,0,0.0,0,0,0,0,NO
4,storm-core/src/jvm/storm/trident/operation/builtin/Sum.java,42,0,0.0,0,0,0.0,0,0,0.0,0,0,0,0,NO
4,storm-core/src/jvm/storm/trident/operation/builtin/TupleCollectionGet.java,46,0,0.0,0,0,0.0,0,0,0.0,0,0,0,0,NO
4,storm-core/src/jvm/storm/trident/operation/impl/CaptureCollector.java,42,0,0.0,0,0,0.0,0,0,0.0,0,0,0,0,NO
4,storm-core/src/jvm/storm/trident/operation/impl/ChainedAggregatorImpl.java,113,0,0.0,0,0,0.0,0,0,0.0,0,0,0,0,NO
4,storm-core/src/jvm/storm/trident/operation/impl/ChainedResult.java,53,0,0.0,0,0,0.0,0,0,0.0,0,0,0,0,NO
4,storm-core/src/jvm/storm/trident/operation/impl/CombinerAggStateUpdater.java,56,0,0.0,0,0,0.0,0,0,0.0,0,0,0,0,NO
4,storm-core/src/jvm/storm/trident/operation/impl/CombinerAggregatorCombineImpl.java,61,0,0.0,0,0,0.0,0,0,0.0,0,0,0,0,NO
4,storm-core/src/jvm/storm/trident/operation/impl/CombinerAggregatorInitImpl.java,49,0,0.0,0,0,0.0,0,0,0.0,0,0,0,0,NO
4,storm-core/src/jvm/storm/trident/operation/impl/FilterExecutor.java,53,0,0.0,0,0,0.0,0,0,0.0,0,0,0,0,NO
4,storm-core/src/jvm/storm/trident/operation/impl/GlobalBatchToPartition.java,29,0,0.0,0,0,0.0,0,0,0.0,0,0,0,0,NO
4,storm-core/src/jvm/storm/trident/operation/impl/GroupCollector.java,48,0,0.0,0,0,0.0,0,0,0.0,0,0,0,0,NO
4,storm-core/src/jvm/storm/trident/operation/impl/GroupedAggregator.java,96,0,0.0,0,0,0.0,0,0,0.0,0,0,0,0,NO
4,storm-core/src/jvm/storm/trident/operation/impl/GroupedMultiReducerExecutor.java,95,0,0.0,0,0,0.0,0,0,0.0,0,0,0,0,NO
4,storm-core/src/jvm/storm/trident/operation/impl/IdentityMultiReducer.java,51,0,0.0,0,0,0.0,0,0,0.0,0,0,0,0,NO
4,storm-core/src/jvm/storm/trident/operation/impl/IndexHashBatchToPartition.java,29,0,0.0,0,0,0.0,0,0,0.0,0,0,0,0,NO
4,storm-core/src/jvm/storm/trident/operation/impl/JoinerMultiReducer.java,159,0,0.0,0,0,0.0,0,0,0.0,0,0,0,0,NO
4,storm-core/src/jvm/storm/trident/operation/impl/ReducerAggStateUpdater.java,53,0,0.0,0,0,0.0,0,0,0.0,0,0,0,0,NO
4,storm-core/src/jvm/storm/trident/operation/impl/ReducerAggregatorImpl.java,56,0,0.0,0,0,0.0,0,0,0.0,0,0,0,0,NO
4,storm-core/src/jvm/storm/trident/operation/impl/Result.java,27,0,0.0,0,0,0.0,0,0,0.0,0,0,0,0,NO
4,storm-core/src/jvm/storm/trident/operation/impl/SingleEmitAggregator.java,95,0,0.0,0,0,0.0,0,0,0.0,0,0,0,0,NO
4,storm-core/src/jvm/storm/trident/operation/impl/TrueFilter.java,40,0,0.0,0,0,0.0,0,0,0.0,0,0,0,0,NO
4,storm-core/src/jvm/storm/trident/partition/GlobalGrouping.java,45,0,0.0,0,0,0.0,0,0,0.0,0,0,0,0,NO
4,storm-core/src/jvm/storm/trident/partition/IdentityGrouping.java,61,0,0.0,0,0,0.0,0,0,0.0,0,0,0,0,NO
4,storm-core/src/jvm/storm/trident/partition/IndexHashGrouping.java,53,0,0.0,0,0,0.0,0,0,0.0,0,0,0,0,NO
4,storm-core/src/jvm/storm/trident/planner/BridgeReceiver.java,38,0,0.0,0,0,0.0,0,0,0.0,0,0,0,0,NO
4,storm-core/src/jvm/storm/trident/planner/Node.java,64,0,0.0,0,0,0.0,0,0,0.0,0,0,0,0,NO
4,storm-core/src/jvm/storm/trident/planner/NodeStateInfo.java,31,0,0.0,0,0,0.0,0,0,0.0,0,0,0,0,NO
4,storm-core/src/jvm/storm/trident/planner/PartitionNode.java,52,0,0.0,0,0,0.0,0,0,0.0,0,0,0,0,NO
4,storm-core/src/jvm/storm/trident/planner/ProcessorContext.java,29,0,0.0,0,0,0.0,0,0,0.0,0,0,0,0,NO
4,storm-core/src/jvm/storm/trident/planner/ProcessorNode.java,33,0,0.0,0,0,0.0,0,0,0.0,0,0,0,0,NO
4,storm-core/src/jvm/storm/trident/planner/SpoutNode.java,39,0,0.0,0,0,0.0,0,0,0.0,0,0,0,0,NO
4,storm-core/src/jvm/storm/trident/planner/SubtopologyBolt.java,218,0,0.0,0,0,0.0,0,0,0.0,0,0,0,0,NO
4,storm-core/src/jvm/storm/trident/planner/TridentProcessor.java,40,0,0.0,0,0,0.0,0,0,0.0,0,0,0,0,NO
4,storm-core/src/jvm/storm/trident/planner/TupleReceiver.java,27,0,0.0,0,0,0.0,0,0,0.0,0,0,0,0,NO
4,storm-core/src/jvm/storm/trident/planner/processor/AggregateProcessor.java,84,0,0.0,0,0,0.0,0,0,0.0,0,0,0,0,NO
4,storm-core/src/jvm/storm/trident/planner/processor/AppendCollector.java,62,0,0.0,0,0,0.0,0,0,0.0,0,0,0,0,NO
4,storm-core/src/jvm/storm/trident/planner/processor/EachProcessor.java,80,0,0.0,0,0,0.0,0,0,0.0,0,0,0,0,NO
4,storm-core/src/jvm/storm/trident/planner/processor/FreshCollector.java,59,0,0.0,0,0,0.0,0,0,0.0,0,0,0,0,NO
4,storm-core/src/jvm/storm/trident/planner/processor/MultiReducerProcessor.java,93,0,0.0,0,0,0.0,0,0,0.0,0,0,0,0,NO
4,storm-core/src/jvm/storm/trident/planner/processor/PartitionPersistProcessor.java,107,0,0.0,0,0,0.0,0,0,0.0,0,0,0,0,NO
4,storm-core/src/jvm/storm/trident/planner/processor/ProjectedProcessor.java,73,0,0.0,0,0,0.0,0,0,0.0,0,0,0,0,NO
4,storm-core/src/jvm/storm/trident/planner/processor/StateQueryProcessor.java,106,0,0.0,0,0,0.0,0,0,0.0,0,0,0,0,NO
4,storm-core/src/jvm/storm/trident/planner/processor/TridentContext.java,76,0,0.0,0,0,0.0,0,0,0.0,0,0,0,0,NO
4,storm-core/src/jvm/storm/trident/spout/BatchSpoutExecutor.java,92,0,0.0,0,0,0.0,0,0,0.0,0,0,0,0,NO
4,storm-core/src/jvm/storm/trident/spout/IBatchID.java,24,0,0.0,0,0,0.0,0,0,0.0,0,0,0,0,NO
4,storm-core/src/jvm/storm/trident/spout/IBatchSpout.java,33,0,0.0,0,0,0.0,0,0,0.0,0,0,0,0,NO
4,storm-core/src/jvm/storm/trident/spout/ICommitterTridentSpout.java,31,0,0.0,0,0,0.0,0,0,0.0,0,0,0,0,NO
4,storm-core/src/jvm/storm/trident/spout/IOpaquePartitionedTridentSpout.java,62,0,0.0,0,0,0.0,0,0,0.0,0,0,0,0,NO
4,storm-core/src/jvm/storm/trident/spout/IPartitionedTridentSpout.java,77,0,0.0,0,0,0.0,0,0,0.0,0,0,0,0,NO
4,storm-core/src/jvm/storm/trident/spout/ISpoutPartition.java,25,0,0.0,0,0,0.0,0,0,0.0,0,0,0,0,NO
4,storm-core/src/jvm/storm/trident/spout/ITridentSpout.java,94,0,0.0,0,0,0.0,0,0,0.0,0,0,0,0,NO
4,storm-core/src/jvm/storm/trident/spout/OpaquePartitionedTridentSpoutExecutor.java,201,0,0.0,0,0,0.0,0,0,0.0,0,0,0,0,NO
4,storm-core/src/jvm/storm/trident/spout/PartitionedTridentSpoutExecutor.java,171,0,0.0,0,0,0.0,0,0,0.0,0,0,0,0,NO
4,storm-core/src/jvm/storm/trident/spout/RichSpoutBatchExecutor.java,198,0,0.0,0,0,0.0,0,0,0.0,0,0,0,0,YES
4,storm-core/src/jvm/storm/trident/spout/RichSpoutBatchId.java,49,0,0.0,0,0,0.0,0,0,0.0,0,0,0,0,NO
4,storm-core/src/jvm/storm/trident/spout/RichSpoutBatchIdSerializer.java,38,0,0.0,0,0,0.0,0,0,0.0,0,0,0,0,NO
4,storm-core/src/jvm/storm/trident/spout/RichSpoutBatchTriggerer.java,178,2,1.0,1,0,0.0,0,2,1.0,1,2,1,1,YES
4,storm-core/src/jvm/storm/trident/spout/TridentSpoutCoordinator.java,94,0,0.0,0,0,0.0,0,0,0.0,0,0,0,0,NO
4,storm-core/src/jvm/storm/trident/spout/TridentSpoutExecutor.java,138,0,0.0,0,0,0.0,0,0,0.0,0,0,0,0,NO
4,storm-core/src/jvm/storm/trident/state/BaseQueryFunction.java,25,0,0.0,0,0,0.0,0,0,0.0,0,0,0,0,NO
4,storm-core/src/jvm/storm/trident/state/BaseStateUpdater.java,25,0,0.0,0,0,0.0,0,0,0.0,0,0,0,0,NO
4,storm-core/src/jvm/storm/trident/state/CombinerValueUpdater.java,36,0,0.0,0,0,0.0,0,0,0.0,0,0,0,0,NO
4,storm-core/src/jvm/storm/trident/state/ITupleCollection.java,26,0,0.0,0,0,0.0,0,0,0.0,0,0,0,0,NO
4,storm-core/src/jvm/storm/trident/state/JSONNonTransactionalSerializer.java,44,0,0.0,0,0,0.0,0,0,0.0,0,0,0,0,NO
4,storm-core/src/jvm/storm/trident/state/JSONOpaqueSerializer.java,52,0,0.0,0,0,0.0,0,0,0.0,0,0,0,0,NO
4,storm-core/src/jvm/storm/trident/state/JSONTransactionalSerializer.java,50,0,0.0,0,0,0.0,0,0,0.0,0,0,0,0,NO
4,storm-core/src/jvm/storm/trident/state/OpaqueValue.java,75,0,0.0,0,0,0.0,0,0,0.0,0,0,0,0,NO
4,storm-core/src/jvm/storm/trident/state/QueryFunction.java,28,0,0.0,0,0,0.0,0,0,0.0,0,0,0,0,NO
4,storm-core/src/jvm/storm/trident/state/ReadOnlyState.java,31,0,0.0,0,0,0.0,0,0,0.0,0,0,0,0,NO
4,storm-core/src/jvm/storm/trident/state/ReducerValueUpdater.java,41,0,0.0,0,0,0.0,0,0,0.0,0,0,0,0,NO
4,storm-core/src/jvm/storm/trident/state/Serializer.java,26,0,0.0,0,0,0.0,0,0,0.0,0,0,0,0,NO
4,storm-core/src/jvm/storm/trident/state/State.java,39,0,0.0,0,0,0.0,0,0,0.0,0,0,0,0,NO
4,storm-core/src/jvm/storm/trident/state/StateFactory.java,26,0,0.0,0,0,0.0,0,0,0.0,0,0,0,0,NO
4,storm-core/src/jvm/storm/trident/state/StateSpec.java,30,0,0.0,0,0,0.0,0,0,0.0,0,0,0,0,NO
4,storm-core/src/jvm/storm/trident/state/StateType.java,25,0,0.0,0,0,0.0,0,0,0.0,0,0,0,0,NO
4,storm-core/src/jvm/storm/trident/state/StateUpdater.java,33,0,0.0,0,0,0.0,0,0,0.0,0,0,0,0,NO
4,storm-core/src/jvm/storm/trident/state/TransactionalValue.java,44,0,0.0,0,0,0.0,0,0,0.0,0,0,0,0,NO
4,storm-core/src/jvm/storm/trident/state/ValueUpdater.java,23,0,0.0,0,0,0.0,0,0,0.0,0,0,0,0,NO
4,storm-core/src/jvm/storm/trident/state/map/CachedBatchReadsMap.java,80,0,0.0,0,0,0.0,0,0,0.0,0,0,0,0,NO
4,storm-core/src/jvm/storm/trident/state/map/CachedMap.java,79,0,0.0,0,0,0.0,0,0,0.0,0,0,0,0,NO
4,storm-core/src/jvm/storm/trident/state/map/IBackingMap.java,26,0,0.0,0,0,0.0,0,0,0.0,0,0,0,0,NO
4,storm-core/src/jvm/storm/trident/state/map/MapCombinerAggStateUpdater.java,83,0,0.0,0,0,0.0,0,0,0.0,0,0,0,0,NO
4,storm-core/src/jvm/storm/trident/state/map/MapReducerAggStateUpdater.java,92,0,0.0,0,0,0.0,0,0,0.0,0,0,0,0,NO
4,storm-core/src/jvm/storm/trident/state/map/MapState.java,26,0,0.0,0,0,0.0,0,0,0.0,0,0,0,0,NO
4,storm-core/src/jvm/storm/trident/state/map/MicroBatchIBackingMap.java,85,0,0.0,0,0,0.0,0,0,0.0,0,0,0,0,NO
4,storm-core/src/jvm/storm/trident/state/map/NonTransactionalMap.java,67,0,0.0,0,0,0.0,0,0,0.0,0,0,0,0,NO
4,storm-core/src/jvm/storm/trident/state/map/OpaqueMap.java,124,10,5.0,5,2,1.0,1,8,4.0,4,2,1,1,YES
4,storm-core/src/jvm/storm/trident/state/map/ReadOnlyMapState.java,26,0,0.0,0,0,0.0,0,0,0.0,0,0,0,0,NO
4,storm-core/src/jvm/storm/trident/state/map/RemovableMapState.java,25,67,22.333333333333332,25,0,0.0,0,67,22.333333333333332,25,3,1,2,YES
4,storm-core/src/jvm/storm/trident/state/map/SnapshottableMap.java,76,0,0.0,0,0,0.0,0,0,0.0,0,0,0,0,NO
4,storm-core/src/jvm/storm/trident/state/map/TransactionalMap.java,109,0,0.0,0,0,0.0,0,0,0.0,0,0,0,0,NO
4,storm-core/src/jvm/storm/trident/state/snapshot/ReadOnlySnapshottable.java,24,0,0.0,0,0,0.0,0,0,0.0,0,0,0,0,NO
4,storm-core/src/jvm/storm/trident/state/snapshot/Snapshottable.java,27,0,0.0,0,0,0.0,0,0,0.0,0,0,0,0,NO
4,storm-core/src/jvm/storm/trident/testing/CountAsAggregator.java,47,0,0.0,0,0,0.0,0,0,0.0,0,0,0,0,NO
4,storm-core/src/jvm/storm/trident/testing/FeederBatchSpout.java,185,0,0.0,0,0,0.0,0,0,0.0,0,0,0,0,NO
4,storm-core/src/jvm/storm/trident/testing/FeederCommitterBatchSpout.java,96,0,0.0,0,0,0.0,0,0,0.0,0,0,0,0,NO
4,storm-core/src/jvm/storm/trident/testing/FixedBatchSpout.java,97,0,0.0,0,0,0.0,0,0,0.0,0,0,0,0,NO
4,storm-core/src/jvm/storm/trident/testing/IFeeder.java,23,0,0.0,0,0,0.0,0,0,0.0,0,0,0,0,NO
4,storm-core/src/jvm/storm/trident/testing/LRUMemoryMapState.java,154,0,0.0,0,0,0.0,0,0,0.0,0,0,0,0,NO
4,storm-core/src/jvm/storm/trident/testing/MemoryBackingMap.java,47,0,0.0,0,0,0.0,0,0,0.0,0,0,0,0,NO
4,storm-core/src/jvm/storm/trident/testing/MemoryMapState.java,176,52,26.0,26,2,1.0,1,50,25.0,25,2,1,1,YES
4,storm-core/src/jvm/storm/trident/testing/Split.java,36,0,0.0,0,0,0.0,0,0,0.0,0,0,0,0,NO
4,storm-core/src/jvm/storm/trident/testing/StringLength.java,32,0,0.0,0,0,0.0,0,0,0.0,0,0,0,0,NO
4,storm-core/src/jvm/storm/trident/testing/TrueFilter.java,30,0,0.0,0,0,0.0,0,0,0.0,0,0,0,0,NO
4,storm-core/src/jvm/storm/trident/testing/TuplifyArgs.java,37,0,0.0,0,0,0.0,0,0,0.0,0,0,0,0,NO
4,storm-core/src/jvm/storm/trident/topology/BatchInfo.java,33,0,0.0,0,0,0.0,0,0,0.0,0,0,0,0,NO
4,storm-core/src/jvm/storm/trident/topology/ITridentBatchBolt.java,32,0,0.0,0,0,0.0,0,0,0.0,0,0,0,0,NO
4,storm-core/src/jvm/storm/trident/topology/MasterBatchCoordinator.java,289,12,4.0,4,0,0.0,0,12,4.0,4,3,1,2,YES
4,storm-core/src/jvm/storm/trident/topology/TransactionAttempt.java,66,0,0.0,0,0,0.0,0,0,0.0,0,0,0,0,NO
4,storm-core/src/jvm/storm/trident/topology/TridentBoltExecutor.java,425,1,1.0,1,1,1.0,1,0,0.0,0,1,0,1,NO
4,storm-core/src/jvm/storm/trident/topology/TridentTopologyBuilder.java,722,0,0.0,0,0,0.0,0,0,0.0,0,0,0,0,NO
4,storm-core/src/jvm/storm/trident/topology/state/RotatingTransactionalState.java,147,0,0.0,0,0,0.0,0,0,0.0,0,0,0,0,NO
4,storm-core/src/jvm/storm/trident/topology/state/TestTransactionalState.java,47,282,47.0,47,0,0.0,0,282,47.0,47,6,1,4,NO
4,storm-core/src/jvm/storm/trident/topology/state/TransactionalState.java,171,284,35.5,47,68,8.5,11,216,27.0,36,8,2,5,YES
4,storm-core/src/jvm/storm/trident/tuple/ComboList.java,92,0,0.0,0,0,0.0,0,0,0.0,0,0,0,0,NO
4,storm-core/src/jvm/storm/trident/tuple/ConsList.java,44,0,0.0,0,0,0.0,0,0,0.0,0,0,0,0,NO
4,storm-core/src/jvm/storm/trident/tuple/TridentTuple.java,34,24,4.0,4,252,42.0,42,228,38.0,38,6,0,6,NO
4,storm-core/src/jvm/storm/trident/tuple/TridentTupleView.java,359,198,33.0,33,12,2.0,2,186,31.0,31,6,0,6,NO
4,storm-core/src/jvm/storm/trident/tuple/ValuePointer.java,60,0,0.0,0,6,1.0,1,6,1.0,1,6,0,6,NO
4,storm-core/src/jvm/storm/trident/util/ErrorEdgeFactory.java,28,0,0.0,0,0,0.0,0,0,0.0,0,0,0,0,NO
4,storm-core/src/jvm/storm/trident/util/IndexedEdge.java,50,0,0.0,0,0,0.0,0,0,0.0,0,0,0,0,NO
4,storm-core/src/jvm/storm/trident/util/LRUMap.java,35,0,0.0,0,0,0.0,0,0,0.0,0,0,0,0,NO
4,storm-core/src/jvm/storm/trident/util/TridentUtils.java,142,24,12.0,12,4,2.0,2,20,10.0,10,2,1,1,YES
4,storm-core/test/jvm/backtype/storm/serialization/GzipBridgeSerializationDelegateTest.java,82,473,67.57142857142857,82,4,0.5714285714285714,4,469,67.0,82,7,1,4,NO
4,storm-core/test/jvm/backtype/storm/utils/DisruptorQueueTest.java,153,596,42.57142857142857,153,136,9.714285714285714,13,468,33.42857142857143,153,14,3,7,YES
4,storm-core/test/jvm/backtype/storm/utils/StormBoundedExponentialBackoffRetryTest.java,100,606,86.57142857142857,101,0,0.0,0,606,86.57142857142857,101,7,1,6,YES
5,flux-core/src/main/java/org/apache/storm/flux/Flux.java,233,248,82.66666666666667,206,15,5.0,14,233,77.66666666666667,206,3,0,1,NO
5,flux-core/src/main/java/org/apache/storm/flux/FluxBuilder.java,557,780,86.66666666666667,510,222,24.666666666666668,162,770,85.55555555555556,510,9,0,1,NO
5,flux-core/src/main/java/org/apache/storm/flux/api/TopologySource.java,22,22,22.0,22,0,0.0,0,22,22.0,22,1,0,1,NO
5,flux-core/src/main/java/org/apache/storm/flux/model/BeanDef.java,39,39,39.0,39,0,0.0,0,39,39.0,39,1,0,1,NO
5,flux-core/src/main/java/org/apache/storm/flux/model/BeanReference.java,39,39,39.0,39,0,0.0,0,39,39.0,39,1,0,1,NO
5,flux-core/src/main/java/org/apache/storm/flux/model/BoltDef.java,24,24,24.0,24,0,0.0,0,24,24.0,24,1,0,1,NO
5,flux-core/src/main/java/org/apache/storm/flux/model/ConfigMethodDef.java,45,45,45.0,45,0,0.0,0,45,45.0,45,1,0,1,NO
5,flux-core/src/main/java/org/apache/storm/flux/model/ExecutionContext.java,77,77,77.0,77,0,0.0,0,77,77.0,77,1,0,1,NO
5,flux-core/src/main/java/org/apache/storm/flux/model/GroupingDef.java,77,77,77.0,77,0,0.0,0,77,77.0,77,1,0,1,NO
5,flux-core/src/main/java/org/apache/storm/flux/model/IncludeDef.java,54,54,54.0,54,0,0.0,0,54,54.0,54,1,0,1,NO
5,flux-core/src/main/java/org/apache/storm/flux/model/ObjectDef.java,90,90,45.0,79,0,0.0,0,90,45.0,79,2,0,1,NO
5,flux-core/src/main/java/org/apache/storm/flux/model/PropertyDef.java,58,58,58.0,58,0,0.0,0,58,58.0,58,1,0,1,NO
5,flux-core/src/main/java/org/apache/storm/flux/model/SpoutDef.java,24,24,24.0,24,0,0.0,0,24,24.0,24,1,0,1,NO
5,flux-core/src/main/java/org/apache/storm/flux/model/StreamDef.java,64,64,64.0,64,0,0.0,0,64,64.0,64,1,0,1,NO
5,flux-core/src/main/java/org/apache/storm/flux/model/TopologyDef.java,214,223,55.75,182,9,2.25,4,214,53.5,182,4,0,1,NO
5,flux-core/src/main/java/org/apache/storm/flux/model/TopologySourceDef.java,19,19,19.0,19,0,0.0,0,19,19.0,19,1,0,1,NO
5,flux-core/src/main/java/org/apache/storm/flux/model/VertexDef.java,35,35,35.0,35,0,0.0,0,35,35.0,35,1,0,1,NO
5,flux-core/src/main/java/org/apache/storm/flux/parser/FluxParser.java,157,157,157.0,157,0,0.0,0,157,157.0,157,1,0,1,NO
5,flux-wrappers/src/main/java/org/apache/storm/flux/wrappers/bolts/FluxShellBolt.java,55,55,55.0,55,0,0.0,0,55,55.0,55,1,0,1,NO
5,flux-wrappers/src/main/java/org/apache/storm/flux/wrappers/bolts/LogInfoBolt.java,26,26,26.0,26,0,0.0,0,26,26.0,26,1,0,1,NO
5,flux-wrappers/src/main/java/org/apache/storm/flux/wrappers/spouts/FluxShellSpout.java,54,54,54.0,54,0,0.0,0,54,54.0,54,1,0,1,NO
6,examples/storm-starter/src/jvm/storm/starter/BasicDRPCTopology.java,79,2,2.0,2,1,1.0,1,1,1.0,1,1,0,1,NO
6,examples/storm-starter/src/jvm/storm/starter/ExclamationTopology.java,87,0,0.0,0,0,0.0,0,0,0.0,0,0,0,0,NO
6,examples/storm-starter/src/jvm/storm/starter/ManualDRPC.java,68,0,0.0,0,0,0.0,0,0,0.0,0,0,0,0,NO
6,examples/storm-starter/src/jvm/storm/starter/PrintSampleStream.java,58,0,0.0,0,0,0.0,0,0,0.0,0,0,0,0,NO
6,examples/storm-starter/src/jvm/storm/starter/ReachTopology.java,196,0,0.0,0,0,0.0,0,0,0.0,0,0,0,0,NO
6,examples/storm-starter/src/jvm/storm/starter/RollingTopWords.java,132,0,0.0,0,0,0.0,0,0,0.0,0,0,0,0,NO
6,examples/storm-starter/src/jvm/storm/starter/SingleJoinExample.java,64,0,0.0,0,0,0.0,0,0,0.0,0,0,0,0,NO
6,examples/storm-starter/src/jvm/storm/starter/SkewedRollingTopWords.java,134,134,134.0,134,0,0.0,0,134,134.0,134,1,0,1,NO
6,examples/storm-starter/src/jvm/storm/starter/TransactionalGlobalCount.java,173,0,0.0,0,0,0.0,0,0,0.0,0,0,0,0,NO
6,examples/storm-starter/src/jvm/storm/starter/TransactionalWords.java,246,0,0.0,0,0,0.0,0,0,0.0,0,0,0,0,NO
6,examples/storm-starter/src/jvm/storm/starter/WordCountTopology.java,107,0,0.0,0,0,0.0,0,0,0.0,0,0,0,0,NO
6,examples/storm-starter/src/jvm/storm/starter/WordCountTopologyNode.java,121,0,0.0,0,0,0.0,0,0,0.0,0,0,0,0,NO
6,examples/storm-starter/src/jvm/storm/starter/bolt/AbstractRankerBolt.java,110,15,1.875,2,15,1.875,2,2,0.25,1,8,1,6,YES
6,examples/storm-starter/src/jvm/storm/starter/bolt/IntermediateRankingsBolt.java,58,0,0.0,0,0,0.0,0,0,0.0,0,0,0,0,NO
6,examples/storm-starter/src/jvm/storm/starter/bolt/PrinterBolt.java,37,0,0.0,0,0,0.0,0,0,0.0,0,0,0,0,NO
6,examples/storm-starter/src/jvm/storm/starter/bolt/RollingCountAggBolt.java,77,77,11.0,77,9,1.2857142857142858,4,86,12.285714285714286,77,7,1,6,YES
6,examples/storm-starter/src/jvm/storm/starter/bolt/RollingCountBolt.java,142,15,1.875,2,15,1.875,2,2,0.25,1,8,1,6,YES
6,examples/storm-starter/src/jvm/storm/starter/bolt/SingleJoinBolt.java,114,0,0.0,0,0,0.0,0,0,0.0,0,0,0,0,NO
6,examples/storm-starter/src/jvm/storm/starter/bolt/TotalRankingsBolt.java,59,0,0.0,0,0,0.0,0,0,0.0,0,0,0,0,NO
6,examples/storm-starter/src/jvm/storm/starter/spout/RandomSentenceSpout.java,64,0,0.0,0,0,0.0,0,0,0.0,0,0,0,0,NO
6,examples/storm-starter/src/jvm/storm/starter/spout/TwitterSampleSpout.java,164,0,0.0,0,0,0.0,0,0,0.0,0,0,0,0,NO
6,examples/storm-starter/src/jvm/storm/starter/tools/NthLastModifiedTimeTracker.java,70,0,0.0,0,0,0.0,0,0,0.0,0,0,0,0,NO
6,examples/storm-starter/src/jvm/storm/starter/tools/Rankable.java,32,0,0.0,0,0,0.0,0,0,0.0,0,0,0,0,NO
6,examples/storm-starter/src/jvm/storm/starter/tools/RankableObjectWithFields.java,148,0,0.0,0,0,0.0,0,0,0.0,0,0,0,0,NO
6,examples/storm-starter/src/jvm/storm/starter/tools/Rankings.java,156,0,0.0,0,0,0.0,0,0,0.0,0,0,0,0,NO
6,examples/storm-starter/src/jvm/storm/starter/tools/SlidingWindowCounter.java,119,0,0.0,0,0,0.0,0,0,0.0,0,0,0,0,NO
6,examples/storm-starter/src/jvm/storm/starter/tools/SlotBasedCounter.java,118,0,0.0,0,0,0.0,0,0,0.0,0,0,0,0,NO
6,examples/storm-starter/src/jvm/storm/starter/trident/TridentReach.java,156,0,0.0,0,0,0.0,0,0,0.0,0,0,0,0,NO
6,examples/storm-starter/src/jvm/storm/starter/trident/TridentWordCount.java,85,0,0.0,0,0,0.0,0,0,0.0,0,0,0,0,NO
6,examples/storm-starter/src/jvm/storm/starter/util/StormRunner.java,48,0,0.0,0,0,0.0,0,0,0.0,0,0,0,0,NO
6,examples/storm-starter/test/jvm/storm/starter/bolt/IntermediateRankingsBoltTest.java,146,0,0.0,0,0,0.0,0,0,0.0,0,0,0,0,NO
6,examples/storm-starter/test/jvm/storm/starter/bolt/RollingCountBoltTest.java,113,0,0.0,0,0,0.0,0,0,0.0,0,0,0,0,NO
6,examples/storm-starter/test/jvm/storm/starter/bolt/TotalRankingsBoltTest.java,147,0,0.0,0,0,0.0,0,0,0.0,0,0,0,0,NO
6,examples/storm-starter/test/jvm/storm/starter/tools/MockTupleHelpers.java,40,14,2.8,11,14,2.8,6,20,4.0,10,5,0,1,NO
6,examples/storm-starter/test/jvm/storm/starter/tools/NthLastModifiedTimeTrackerTest.java,125,0,0.0,0,0,0.0,0,0,0.0,0,0,0,0,NO
6,examples/storm-starter/test/jvm/storm/starter/tools/RankableObjectWithFieldsTest.java,252,0,0.0,0,0,0.0,0,0,0.0,0,0,0,0,NO
6,examples/storm-starter/test/jvm/storm/starter/tools/RankingsTest.java,368,0,0.0,0,0,0.0,0,0,0.0,0,0,0,0,NO
6,examples/storm-starter/test/jvm/storm/starter/tools/SlidingWindowCounterTest.java,106,0,0.0,0,0,0.0,0,0,0.0,0,0,0,0,NO
6,examples/storm-starter/test/jvm/storm/starter/tools/SlotBasedCounterTest.java,181,0,0.0,0,0,0.0,0,0,0.0,0,0,0,0,NO
6,external/flux/flux-core/src/main/java/org/apache/storm/flux/Flux.java,263,789,263.0,263,0,0.0,0,789,263.0,263,3,0,1,NO
6,external/flux/flux-core/src/main/java/org/apache/storm/flux/FluxBuilder.java,590,1773,591.0,591,0,0.0,0,1773,591.0,591,3,0,1,NO
6,external/flux/flux-core/src/main/java/org/apache/storm/flux/api/TopologySource.java,39,117,39.0,39,0,0.0,0,117,39.0,39,3,0,1,NO
6,external/flux/flux-core/src/main/java/org/apache/storm/flux/model/BeanDef.java,39,117,39.0,39,0,0.0,0,117,39.0,39,3,0,1,NO
6,external/flux/flux-core/src/main/java/org/apache/storm/flux/model/BeanReference.java,39,117,39.0,39,0,0.0,0,117,39.0,39,3,0,1,NO
6,external/flux/flux-core/src/main/java/org/apache/storm/flux/model/BoltDef.java,24,72,24.0,24,0,0.0,0,72,24.0,24,3,0,1,NO
6,external/flux/flux-core/src/main/java/org/apache/storm/flux/model/ConfigMethodDef.java,62,186,62.0,62,0,0.0,0,186,62.0,62,3,0,1,NO
6,external/flux/flux-core/src/main/java/org/apache/storm/flux/model/ExecutionContext.java,77,231,77.0,77,0,0.0,0,231,77.0,77,3,0,1,NO
6,external/flux/flux-core/src/main/java/org/apache/storm/flux/model/GroupingDef.java,77,231,77.0,77,0,0.0,0,231,77.0,77,3,0,1,NO
6,external/flux/flux-core/src/main/java/org/apache/storm/flux/model/IncludeDef.java,54,162,54.0,54,0,0.0,0,162,54.0,54,3,0,1,NO
6,external/flux/flux-core/src/main/java/org/apache/storm/flux/model/ObjectDef.java,90,270,90.0,90,0,0.0,0,270,90.0,90,3,0,1,NO
6,external/flux/flux-core/src/main/java/org/apache/storm/flux/model/PropertyDef.java,58,174,58.0,58,0,0.0,0,174,58.0,58,3,0,1,NO
6,external/flux/flux-core/src/main/java/org/apache/storm/flux/model/SpoutDef.java,24,72,24.0,24,0,0.0,0,72,24.0,24,3,0,1,NO
6,external/flux/flux-core/src/main/java/org/apache/storm/flux/model/StreamDef.java,64,192,64.0,64,0,0.0,0,192,64.0,64,3,0,1,NO
6,external/flux/flux-core/src/main/java/org/apache/storm/flux/model/TopologyDef.java,216,648,216.0,216,0,0.0,0,648,216.0,216,3,0,1,NO
6,external/flux/flux-core/src/main/java/org/apache/storm/flux/model/TopologySourceDef.java,36,108,36.0,36,0,0.0,0,108,36.0,36,3,0,1,NO
6,external/flux/flux-core/src/main/java/org/apache/storm/flux/model/VertexDef.java,36,108,36.0,36,0,0.0,0,108,36.0,36,3,0,1,NO
6,external/flux/flux-core/src/main/java/org/apache/storm/flux/parser/FluxParser.java,202,606,202.0,202,0,0.0,0,606,202.0,202,3,0,1,NO
6,external/flux/flux-examples/src/main/java/org/apache/storm/flux/examples/WordCountClient.java,74,222,74.0,74,0,0.0,0,222,74.0,74,3,0,1,NO
6,external/flux/flux-examples/src/main/java/org/apache/storm/flux/examples/WordCounter.java,71,213,71.0,71,0,0.0,0,213,71.0,71,3,0,1,NO
6,external/flux/flux-wrappers/src/main/java/org/apache/storm/flux/wrappers/bolts/FluxShellBolt.java,56,168,56.0,56,0,0.0,0,168,56.0,56,3,0,1,NO
6,external/flux/flux-wrappers/src/main/java/org/apache/storm/flux/wrappers/bolts/LogInfoBolt.java,44,132,44.0,44,0,0.0,0,132,44.0,44,3,0,1,NO
6,external/flux/flux-wrappers/src/main/java/org/apache/storm/flux/wrappers/spouts/FluxShellSpout.java,55,165,55.0,55,0,0.0,0,165,55.0,55,3,0,1,NO
6,external/storm-eventhubs/src/main/java/org/apache/storm/eventhubs/bolt/DefaultEventDataFormat.java,47,188,47.0,47,47,11.75,47,141,35.25,47,4,0,2,NO
6,external/storm-eventhubs/src/main/java/org/apache/storm/eventhubs/bolt/EventHubBolt.java,101,767,69.72727272727273,101,221,20.09090909090909,101,546,49.63636363636363,81,11,2,4,YES
6,external/storm-eventhubs/src/main/java/org/apache/storm/eventhubs/bolt/EventHubBoltConfig.java,109,435,87.0,109,108,21.6,107,327,65.4,109,5,0,2,NO
6,external/storm-eventhubs/src/main/java/org/apache/storm/eventhubs/bolt/IEventDataFormat.java,28,112,28.0,28,28,7.0,28,84,21.0,28,4,0,2,NO
6,external/storm-eventhubs/src/main/java/org/apache/storm/eventhubs/samples/AtMostOnceEventCount.java,54,324,54.0,54,0,0.0,0,324,54.0,54,6,2,3,YES
6,external/storm-eventhubs/src/main/java/org/apache/storm/eventhubs/samples/EventCount.java,158,942,104.66666666666667,155,3,0.3333333333333333,1,939,104.33333333333333,155,9,2,4,YES
6,external/storm-eventhubs/src/main/java/org/apache/storm/eventhubs/samples/EventHubLoop.java,52,420,42.0,52,111,11.1,52,309,30.9,51,10,2,4,YES
6,external/storm-eventhubs/src/main/java/org/apache/storm/eventhubs/samples/OpaqueTridentEventCount.java,53,318,53.0,53,0,0.0,0,318,53.0,53,6,2,3,YES
6,external/storm-eventhubs/src/main/java/org/apache/storm/eventhubs/samples/TransactionalTridentEventCount.java,81,486,81.0,81,0,0.0,0,486,81.0,81,6,2,3,YES
6,external/storm-eventhubs/src/main/java/org/apache/storm/eventhubs/samples/bolt/GlobalCountBolt.java,83,498,83.0,83,0,0.0,0,498,83.0,83,6,2,3,YES
6,external/storm-eventhubs/src/main/java/org/apache/storm/eventhubs/samples/bolt/PartialCountBolt.java,63,378,63.0,63,0,0.0,0,378,63.0,63,6,2,3,YES
6,external/storm-eventhubs/src/main/java/org/apache/storm/eventhubs/spout/EventData.java,48,288,48.0,48,0,0.0,0,288,48.0,48,6,2,3,YES
6,external/storm-eventhubs/src/main/java/org/apache/storm/eventhubs/spout/EventDataScheme.java,55,330,55.0,55,0,0.0,0,330,55.0,55,6,2,3,YES
6,external/storm-eventhubs/src/main/java/org/apache/storm/eventhubs/spout/EventHubReceiverImpl.java,149,983,89.36363636363636,150,86,7.818181818181818,33,933,84.81818181818181,150,11,2,4,YES
6,external/storm-eventhubs/src/main/java/org/apache/storm/eventhubs/spout/EventHubSpout.java,263,1563,173.66666666666666,258,0,0.0,0,1563,173.66666666666666,258,9,2,4,YES
6,external/storm-eventhubs/src/main/java/org/apache/storm/eventhubs/spout/EventHubSpoutConfig.java,179,1209,120.9,165,177,17.7,58,1074,107.4,165,10,2,4,YES
6,external/storm-eventhubs/src/main/java/org/apache/storm/eventhubs/spout/EventHubSpoutException.java,37,222,37.0,37,0,0.0,0,222,37.0,37,6,2,3,YES
6,external/storm-eventhubs/src/main/java/org/apache/storm/eventhubs/spout/FieldConstants.java,25,150,25.0,25,0,0.0,0,150,25.0,25,6,2,3,YES
6,external/storm-eventhubs/src/main/java/org/apache/storm/eventhubs/spout/IEventDataScheme.java,30,180,30.0,30,0,0.0,0,180,30.0,30,6,2,3,YES
6,external/storm-eventhubs/src/main/java/org/apache/storm/eventhubs/spout/IEventHubReceiver.java,36,219,24.333333333333332,35,6,0.6666666666666666,2,213,23.666666666666668,35,9,2,4,YES
6,external/storm-eventhubs/src/main/java/org/apache/storm/eventhubs/spout/IEventHubReceiverFactory.java,30,180,30.0,30,0,0.0,0,180,30.0,30,6,2,3,YES
6,external/storm-eventhubs/src/main/java/org/apache/storm/eventhubs/spout/IPartitionCoordinator.java,27,162,27.0,27,0,0.0,0,162,27.0,27,6,2,3,YES
6,external/storm-eventhubs/src/main/java/org/apache/storm/eventhubs/spout/IPartitionManager.java,37,222,37.0,37,0,0.0,0,222,37.0,37,6,2,3,YES
6,external/storm-eventhubs/src/main/java/org/apache/storm/eventhubs/spout/IPartitionManagerFactory.java,33,198,33.0,33,0,0.0,0,198,33.0,33,6,2,3,YES
6,external/storm-eventhubs/src/main/java/org/apache/storm/eventhubs/spout/IStateStore.java,31,186,31.0,31,0,0.0,0,186,31.0,31,6,2,3,YES
6,external/storm-eventhubs/src/main/java/org/apache/storm/eventhubs/spout/MessageId.java,56,336,56.0,56,0,0.0,0,336,56.0,56,6,2,3,YES
6,external/storm-eventhubs/src/main/java/org/apache/storm/eventhubs/spout/PartitionManager.java,101,606,101.0,101,0,0.0,0,606,101.0,101,6,2,3,YES
6,external/storm-eventhubs/src/main/java/org/apache/storm/eventhubs/spout/SimplePartitionManager.java,139,837,93.0,136,12,1.3333333333333333,4,825,91.66666666666667,136,9,2,4,YES
6,external/storm-eventhubs/src/main/java/org/apache/storm/eventhubs/spout/StaticPartitionCoordinator.java,85,513,57.0,85,3,0.3333333333333333,1,510,56.666666666666664,85,9,2,4,YES
6,external/storm-eventhubs/src/main/java/org/apache/storm/eventhubs/spout/ZookeeperStateStore.java,95,570,95.0,95,0,0.0,0,570,95.0,95,6,2,3,YES
6,external/storm-eventhubs/src/main/java/org/apache/storm/eventhubs/trident/Coordinator.java,60,360,60.0,60,0,0.0,0,360,60.0,60,6,2,3,YES
6,external/storm-eventhubs/src/main/java/org/apache/storm/eventhubs/trident/ITridentPartitionManager.java,35,210,35.0,35,0,0.0,0,210,35.0,35,6,2,3,YES
6,external/storm-eventhubs/src/main/java/org/apache/storm/eventhubs/trident/ITridentPartitionManagerFactory.java,26,156,26.0,26,0,0.0,0,156,26.0,26,6,2,3,YES
6,external/storm-eventhubs/src/main/java/org/apache/storm/eventhubs/trident/OpaqueTridentEventHubEmitter.java,69,414,69.0,69,0,0.0,0,414,69.0,69,6,2,3,YES
6,external/storm-eventhubs/src/main/java/org/apache/storm/eventhubs/trident/OpaqueTridentEventHubSpout.java,64,384,64.0,64,0,0.0,0,384,64.0,64,6,2,3,YES
6,external/storm-eventhubs/src/main/java/org/apache/storm/eventhubs/trident/Partition.java,39,234,39.0,39,0,0.0,0,234,39.0,39,6,2,3,YES
6,external/storm-eventhubs/src/main/java/org/apache/storm/eventhubs/trident/Partitions.java,41,246,41.0,41,0,0.0,0,246,41.0,41,6,2,3,YES
6,external/storm-eventhubs/src/main/java/org/apache/storm/eventhubs/trident/TransactionalTridentEventHubEmitter.java,167,1005,111.66666666666667,167,3,0.3333333333333333,1,1002,111.33333333333333,167,9,2,4,YES
6,external/storm-eventhubs/src/main/java/org/apache/storm/eventhubs/trident/TransactionalTridentEventHubSpout.java,66,396,66.0,66,0,0.0,0,396,66.0,66,6,2,3,YES
6,external/storm-eventhubs/src/main/java/org/apache/storm/eventhubs/trident/TridentPartitionManager.java,93,567,63.0,91,15,1.6666666666666667,5,552,61.333333333333336,91,9,2,4,YES
6,external/storm-hbase/src/main/java/org/apache/storm/hbase/bolt/AbstractHBaseBolt.java,76,8,8.0,8,1,1.0,1,7,7.0,7,1,0,1,NO
6,external/storm-hbase/src/main/java/org/apache/storm/hbase/bolt/HBaseBolt.java,77,8,1.0,1,8,1.0,1,0,0.0,0,8,1,6,YES
6,external/storm-hbase/src/main/java/org/apache/storm/hbase/bolt/HBaseLookupBolt.java,83,16,2.0,2,16,2.0,2,0,0.0,0,8,1,6,YES
6,external/storm-hbase/src/main/java/org/apache/storm/hbase/bolt/mapper/HBaseMapper.java,48,0,0.0,0,0,0.0,0,0,0.0,0,0,0,0,NO
6,external/storm-hbase/src/main/java/org/apache/storm/hbase/bolt/mapper/HBaseProjectionCriteria.java,85,0,0.0,0,0,0.0,0,0,0.0,0,0,0,0,NO
6,external/storm-hbase/src/main/java/org/apache/storm/hbase/bolt/mapper/HBaseValueMapper.java,43,0,0.0,0,0,0.0,0,0,0.0,0,0,0,0,NO
6,external/storm-hbase/src/main/java/org/apache/storm/hbase/bolt/mapper/SimpleHBaseMapper.java,90,0,0.0,0,0,0.0,0,0,0.0,0,0,0,0,NO
6,external/storm-hbase/src/main/java/org/apache/storm/hbase/common/ColumnList.java,202,0,0.0,0,0,0.0,0,0,0.0,0,0,0,0,NO
6,external/storm-hbase/src/main/java/org/apache/storm/hbase/common/HBaseClient.java,135,0,0.0,0,0,0.0,0,0,0.0,0,0,0,0,NO
6,external/storm-hbase/src/main/java/org/apache/storm/hbase/common/IColumn.java,30,0,0.0,0,0,0.0,0,0,0.0,0,0,0,0,NO
6,external/storm-hbase/src/main/java/org/apache/storm/hbase/common/ICounter.java,29,0,0.0,0,0,0.0,0,0,0.0,0,0,0,0,NO
6,external/storm-hbase/src/main/java/org/apache/storm/hbase/common/Utils.java,69,0,0.0,0,0,0.0,0,0,0.0,0,0,0,0,NO
6,external/storm-hbase/src/main/java/org/apache/storm/hbase/security/AutoHBase.java,242,243,243.0,243,0,0.0,0,243,243.0,243,1,0,1,NO
6,external/storm-hbase/src/main/java/org/apache/storm/hbase/security/HBaseSecurityUtil.java,64,22,22.0,22,10,10.0,10,12,12.0,12,1,0,1,NO
6,external/storm-hbase/src/main/java/org/apache/storm/hbase/trident/mapper/SimpleTridentHBaseMapMapper.java,50,300,50.0,50,0,0.0,0,300,50.0,50,6,1,4,NO
6,external/storm-hbase/src/main/java/org/apache/storm/hbase/trident/mapper/SimpleTridentHBaseMapper.java,89,0,0.0,0,0,0.0,0,0,0.0,0,0,0,0,NO
6,external/storm-hbase/src/main/java/org/apache/storm/hbase/trident/mapper/TridentHBaseMapMapper.java,40,240,40.0,40,0,0.0,0,240,40.0,40,6,1,4,NO
6,external/storm-hbase/src/main/java/org/apache/storm/hbase/trident/mapper/TridentHBaseMapper.java,49,0,0.0,0,0,0.0,0,0,0.0,0,0,0,0,NO
6,external/storm-hbase/src/main/java/org/apache/storm/hbase/trident/state/HBaseMapState.java,249,145,11.153846153846153,24,145,11.153846153846153,25,28,2.1538461538461537,3,13,1,7,NO
6,external/storm-hbase/src/main/java/org/apache/storm/hbase/trident/state/HBaseQuery.java,40,0,0.0,0,0,0.0,0,0,0.0,0,0,0,0,NO
6,external/storm-hbase/src/main/java/org/apache/storm/hbase/trident/state/HBaseState.java,171,17,2.125,10,10,1.25,3,7,0.875,7,8,1,6,YES
6,external/storm-hbase/src/main/java/org/apache/storm/hbase/trident/state/HBaseStateFactory.java,40,0,0.0,0,0,0.0,0,0,0.0,0,0,0,0,NO
6,external/storm-hbase/src/main/java/org/apache/storm/hbase/trident/state/HBaseUpdater.java,32,0,0.0,0,0,0.0,0,0,0.0,0,0,0,0,NO
6,external/storm-hdfs/src/main/java/org/apache/storm/hdfs/bolt/AbstractHdfsBolt.java,139,0,0.0,0,0,0.0,0,0,0.0,0,0,0,0,NO
6,external/storm-hdfs/src/main/java/org/apache/storm/hdfs/bolt/HdfsBolt.java,131,8,1.0,1,8,1.0,1,0,0.0,0,8,1,6,YES
6,external/storm-hdfs/src/main/java/org/apache/storm/hdfs/bolt/SequenceFileBolt.java,149,8,1.0,1,8,1.0,1,0,0.0,0,8,1,6,YES
6,external/storm-hdfs/src/main/java/org/apache/storm/hdfs/bolt/format/DefaultFileNameFormat.java,86,0,0.0,0,0,0.0,0,0,0.0,0,0,0,0,NO
6,external/storm-hdfs/src/main/java/org/apache/storm/hdfs/bolt/format/DefaultSequenceFormat.java,69,0,0.0,0,0,0.0,0,0,0.0,0,0,0,0,NO
6,external/storm-hdfs/src/main/java/org/apache/storm/hdfs/bolt/format/DelimitedRecordFormat.java,88,0,0.0,0,0,0.0,0,0,0.0,0,0,0,0,NO
6,external/storm-hdfs/src/main/java/org/apache/storm/hdfs/bolt/format/FileNameFormat.java,42,0,0.0,0,0,0.0,0,0,0.0,0,0,0,0,NO
6,external/storm-hdfs/src/main/java/org/apache/storm/hdfs/bolt/format/RecordFormat.java,32,0,0.0,0,0,0.0,0,0,0.0,0,0,0,0,NO
6,external/storm-hdfs/src/main/java/org/apache/storm/hdfs/bolt/format/SequenceFormat.java,56,2,2.0,2,3,3.0,3,1,1.0,1,1,0,1,NO
6,external/storm-hdfs/src/main/java/org/apache/storm/hdfs/bolt/rotation/FileRotationPolicy.java,51,0,0.0,0,0,0.0,0,0,0.0,0,0,0,0,NO
6,external/storm-hdfs/src/main/java/org/apache/storm/hdfs/bolt/rotation/FileSizeRotationPolicy.java,81,0,0.0,0,0,0.0,0,0,0.0,0,0,0,0,NO
6,external/storm-hdfs/src/main/java/org/apache/storm/hdfs/bolt/rotation/NoRotationPolicy.java,35,0,0.0,0,0,0.0,0,0,0.0,0,0,0,0,NO
6,external/storm-hdfs/src/main/java/org/apache/storm/hdfs/bolt/rotation/TimedRotationPolicy.java,72,0,0.0,0,0,0.0,0,0,0.0,0,0,0,0,NO
6,external/storm-hdfs/src/main/java/org/apache/storm/hdfs/bolt/sync/CountSyncPolicy.java,46,0,0.0,0,0,0.0,0,0,0.0,0,0,0,0,NO
6,external/storm-hdfs/src/main/java/org/apache/storm/hdfs/bolt/sync/SyncPolicy.java,46,0,0.0,0,0,0.0,0,0,0.0,0,0,0,0,NO
6,external/storm-hdfs/src/main/java/org/apache/storm/hdfs/common/rotation/MoveFileAction.java,44,0,0.0,0,0,0.0,0,0,0.0,0,0,0,0,NO
6,external/storm-hdfs/src/main/java/org/apache/storm/hdfs/common/rotation/RotationAction.java,29,0,0.0,0,0,0.0,0,0,0.0,0,0,0,0,NO
6,external/storm-hdfs/src/main/java/org/apache/storm/hdfs/common/security/AutoHDFS.java,280,281,281.0,281,0,0.0,0,281,281.0,281,1,0,1,NO
6,external/storm-hdfs/src/main/java/org/apache/storm/hdfs/common/security/HdfsSecurityUtil.java,63,37,7.4,21,13,2.6,9,24,4.8,12,5,1,3,YES
6,external/storm-hdfs/src/main/java/org/apache/storm/hdfs/trident/HdfsState.java,334,0,0.0,0,0,0.0,0,0,0.0,0,0,0,0,NO
6,external/storm-hdfs/src/main/java/org/apache/storm/hdfs/trident/HdfsStateFactory.java,46,0,0.0,0,0,0.0,0,0,0.0,0,0,0,0,NO
6,external/storm-hdfs/src/main/java/org/apache/storm/hdfs/trident/HdfsUpdater.java,31,0,0.0,0,0,0.0,0,0,0.0,0,0,0,0,NO
6,external/storm-hdfs/src/main/java/org/apache/storm/hdfs/trident/format/DefaultFileNameFormat.java,83,0,0.0,0,0,0.0,0,0,0.0,0,0,0,0,NO
6,external/storm-hdfs/src/main/java/org/apache/storm/hdfs/trident/format/DefaultSequenceFormat.java,71,0,0.0,0,0,0.0,0,0,0.0,0,0,0,0,NO
6,external/storm-hdfs/src/main/java/org/apache/storm/hdfs/trident/format/DelimitedRecordFormat.java,83,0,0.0,0,0,0.0,0,0,0.0,0,0,0,0,NO
6,external/storm-hdfs/src/main/java/org/apache/storm/hdfs/trident/format/FileNameFormat.java,40,0,0.0,0,0,0.0,0,0,0.0,0,0,0,0,NO
6,external/storm-hdfs/src/main/java/org/apache/storm/hdfs/trident/format/RecordFormat.java,32,0,0.0,0,0,0.0,0,0,0.0,0,0,0,0,NO
6,external/storm-hdfs/src/main/java/org/apache/storm/hdfs/trident/format/SequenceFormat.java,57,0,0.0,0,0,0.0,0,0,0.0,0,0,0,0,NO
6,external/storm-hdfs/src/main/java/org/apache/storm/hdfs/trident/rotation/FileRotationPolicy.java,50,0,0.0,0,0,0.0,0,0,0.0,0,0,0,0,NO
6,external/storm-hdfs/src/main/java/org/apache/storm/hdfs/trident/rotation/FileSizeRotationPolicy.java,81,0,0.0,0,0,0.0,0,0,0.0,0,0,0,0,NO
6,external/storm-hdfs/src/main/java/org/apache/storm/hdfs/trident/rotation/NoRotationPolicy.java,35,0,0.0,0,0,0.0,0,0,0.0,0,0,0,0,NO
6,external/storm-hdfs/src/main/java/org/apache/storm/hdfs/trident/rotation/TimedRotationPolicy.java,71,0,0.0,0,0,0.0,0,0,0.0,0,0,0,0,NO
6,external/storm-hdfs/src/main/java/org/apache/storm/hdfs/trident/sync/CountSyncPolicy.java,46,0,0.0,0,0,0.0,0,0,0.0,0,0,0,0,NO
6,external/storm-hdfs/src/main/java/org/apache/storm/hdfs/trident/sync/SyncPolicy.java,46,0,0.0,0,0,0.0,0,0,0.0,0,0,0,0,NO
6,external/storm-hive/src/main/java/org/apache/storm/hive/bolt/HiveBolt.java,289,289,289.0,289,0,0.0,0,289,289.0,289,1,0,1,NO
6,external/storm-hive/src/main/java/org/apache/storm/hive/bolt/mapper/DelimitedRecordHiveMapper.java,143,143,143.0,143,0,0.0,0,143,143.0,143,1,0,1,NO
6,external/storm-hive/src/main/java/org/apache/storm/hive/bolt/mapper/HiveMapper.java,81,81,81.0,81,0,0.0,0,81,81.0,81,1,0,1,NO
6,external/storm-hive/src/main/java/org/apache/storm/hive/bolt/mapper/JsonRecordHiveMapper.java,132,132,132.0,132,0,0.0,0,132,132.0,132,1,0,1,NO
6,external/storm-hive/src/main/java/org/apache/storm/hive/common/HiveOptions.java,146,146,146.0,146,0,0.0,0,146,146.0,146,1,0,1,NO
6,external/storm-hive/src/main/java/org/apache/storm/hive/common/HiveUtils.java,76,76,76.0,76,0,0.0,0,76,76.0,76,1,0,1,NO
6,external/storm-hive/src/main/java/org/apache/storm/hive/common/HiveWriter.java,420,420,420.0,420,0,0.0,0,420,420.0,420,1,0,1,NO
6,external/storm-hive/src/main/java/org/apache/storm/hive/trident/HiveState.java,306,306,306.0,306,0,0.0,0,306,306.0,306,1,0,1,NO
6,external/storm-hive/src/main/java/org/apache/storm/hive/trident/HiveStateFactory.java,48,65,21.666666666666668,31,0,0.0,0,65,21.666666666666668,31,3,0,2,NO
6,external/storm-hive/src/main/java/org/apache/storm/hive/trident/HiveUpdater.java,31,48,16.0,17,0,0.0,0,48,16.0,17,3,0,2,NO
6,external/storm-jdbc/src/main/java/org/apache/storm/jdbc/bolt/AbstractJdbcBolt.java,62,108,18.0,57,31,5.166666666666667,8,79,13.166666666666666,57,6,0,4,NO
6,external/storm-jdbc/src/main/java/org/apache/storm/jdbc/bolt/JdbcInsertBolt.java,96,110,18.333333333333332,95,11,1.8333333333333333,3,99,16.5,95,6,0,4,NO
6,external/storm-jdbc/src/main/java/org/apache/storm/jdbc/bolt/JdbcLookupBolt.java,77,91,15.166666666666666,76,11,1.8333333333333333,3,80,13.333333333333334,76,6,0,4,NO
6,external/storm-jdbc/src/main/java/org/apache/storm/jdbc/common/Column.java,111,125,20.833333333333332,112,17,2.8333333333333335,4,116,19.333333333333332,112,6,0,4,NO
6,external/storm-jdbc/src/main/java/org/apache/storm/jdbc/common/ConnectionProvider.java,43,138,23.0,26,0,0.0,0,138,23.0,26,6,0,3,NO
6,external/storm-jdbc/src/main/java/org/apache/storm/jdbc/common/HikariCPConnectionProvider.java,63,219,31.285714285714285,46,1,0.14285714285714285,1,218,31.142857142857142,46,7,0,3,NO
6,external/storm-jdbc/src/main/java/org/apache/storm/jdbc/common/JdbcClient.java,235,275,45.833333333333336,240,55,9.166666666666666,12,260,43.333333333333336,240,6,0,4,NO
6,external/storm-jdbc/src/main/java/org/apache/storm/jdbc/common/Util.java,75,75,75.0,75,0,0.0,0,75,75.0,75,1,0,1,NO
6,external/storm-jdbc/src/main/java/org/apache/storm/jdbc/mapper/JdbcLookupMapper.java,43,60,20.0,26,0,0.0,0,60,20.0,26,3,0,2,NO
6,external/storm-jdbc/src/main/java/org/apache/storm/jdbc/mapper/JdbcMapper.java,33,33,33.0,33,0,0.0,0,33,33.0,33,1,0,1,NO
6,external/storm-jdbc/src/main/java/org/apache/storm/jdbc/mapper/SimpleJdbcLookupMapper.java,63,80,26.666666666666668,46,0,0.0,0,80,26.666666666666668,46,3,0,2,NO
6,external/storm-jdbc/src/main/java/org/apache/storm/jdbc/mapper/SimpleJdbcMapper.java,94,113,16.142857142857142,92,13,1.8571428571428572,4,100,14.285714285714286,92,7,0,4,NO
6,external/storm-jdbc/src/main/java/org/apache/storm/jdbc/trident/state/JdbcQuery.java,40,40,40.0,40,0,0.0,0,40,40.0,40,1,0,1,NO
6,external/storm-jdbc/src/main/java/org/apache/storm/jdbc/trident/state/JdbcState.java,160,191,31.833333333333332,161,34,5.666666666666667,7,165,27.5,161,6,0,4,NO
6,external/storm-jdbc/src/main/java/org/apache/storm/jdbc/trident/state/JdbcStateFactory.java,40,40,40.0,40,0,0.0,0,40,40.0,40,1,0,1,NO
6,external/storm-jdbc/src/main/java/org/apache/storm/jdbc/trident/state/JdbcUpdater.java,32,32,32.0,32,0,0.0,0,32,32.0,32,1,0,1,NO
6,external/storm-kafka/src/jvm/storm/kafka/Broker.java,86,0,0.0,0,0,0.0,0,0,0.0,0,0,0,0,NO
6,external/storm-kafka/src/jvm/storm/kafka/BrokerHosts.java,25,0,0.0,0,0,0.0,0,0,0.0,0,0,0,0,NO
6,external/storm-kafka/src/jvm/storm/kafka/DynamicBrokersReader.java,178,188,31.333333333333332,66,47,7.833333333333333,31,141,23.5,35,6,2,5,YES
6,external/storm-kafka/src/jvm/storm/kafka/DynamicPartitionConnections.java,94,12,12.0,12,8,8.0,8,4,4.0,4,1,0,1,NO
6,external/storm-kafka/src/jvm/storm/kafka/ExponentialBackoffMsgRetryManager.java,167,167,167.0,167,0,0.0,0,167,167.0,167,1,0,1,NO
6,external/storm-kafka/src/jvm/storm/kafka/FailedFetchException.java,29,0,0.0,0,0,0.0,0,0,0.0,0,0,0,0,NO
6,external/storm-kafka/src/jvm/storm/kafka/FailedMsgRetryManager.java,26,26,26.0,26,0,0.0,0,26,26.0,26,1,0,1,NO
6,external/storm-kafka/src/jvm/storm/kafka/KafkaConfig.java,52,8,1.0,1,8,1.0,1,0,0.0,0,8,2,3,YES
6,external/storm-kafka/src/jvm/storm/kafka/KafkaError.java,43,0,0.0,0,0,0.0,0,0,0.0,0,0,0,0,NO
6,external/storm-kafka/src/jvm/storm/kafka/KafkaSpout.java,195,1,1.0,1,1,1.0,1,0,0.0,0,1,0,1,NO
6,external/storm-kafka/src/jvm/storm/kafka/KafkaUtils.java,240,159,8.833333333333334,56,156,8.666666666666666,34,51,2.8333333333333335,22,18,2,7,YES
6,external/storm-kafka/src/jvm/storm/kafka/KeyValueScheme.java,28,0,0.0,0,0,0.0,0,0,0.0,0,0,0,0,NO
6,external/storm-kafka/src/jvm/storm/kafka/KeyValueSchemeAsMultiScheme.java,37,0,0.0,0,0,0.0,0,0,0.0,0,0,0,0,NO
6,external/storm-kafka/src/jvm/storm/kafka/Partition.java,69,23,23.0,23,5,5.0,5,18,18.0,18,1,0,1,NO
6,external/storm-kafka/src/jvm/storm/kafka/PartitionCoordinator.java,28,0,0.0,0,0,0.0,0,0,0.0,0,0,0,0,NO
6,external/storm-kafka/src/jvm/storm/kafka/PartitionManager.java,284,59,5.363636363636363,34,45,4.090909090909091,23,14,1.2727272727272727,11,11,2,5,YES
6,external/storm-kafka/src/jvm/storm/kafka/SpoutConfig.java,44,8,8.0,8,0,0.0,0,8,8.0,8,1,0,1,NO
6,external/storm-kafka/src/jvm/storm/kafka/StaticCoordinator.java,51,6,6.0,6,5,5.0,5,1,1.0,1,1,0,1,NO
6,external/storm-kafka/src/jvm/storm/kafka/StaticHosts.java,38,0,0.0,0,0,0.0,0,0,0.0,0,0,0,0,NO
6,external/storm-kafka/src/jvm/storm/kafka/StaticPartitionConnections.java,52,0,0.0,0,0,0.0,0,0,0.0,0,0,0,0,NO
6,external/storm-kafka/src/jvm/storm/kafka/StringKeyValueScheme.java,37,0,0.0,0,0,0.0,0,0,0.0,0,0,0,0,NO
6,external/storm-kafka/src/jvm/storm/kafka/StringScheme.java,46,0,0.0,0,0,0.0,0,0,0.0,0,0,0,0,NO
6,external/storm-kafka/src/jvm/storm/kafka/TopicOffsetOutOfRangeException.java,25,25,25.0,25,0,0.0,0,25,25.0,25,1,0,1,NO
6,external/storm-kafka/src/jvm/storm/kafka/ZkCoordinator.java,113,1,1.0,1,1,1.0,1,0,0.0,0,1,0,1,NO
6,external/storm-kafka/src/jvm/storm/kafka/ZkHosts.java,36,0,0.0,0,0,0.0,0,0,0.0,0,0,0,0,NO
6,external/storm-kafka/src/jvm/storm/kafka/ZkState.java,116,1,1.0,1,1,1.0,1,0,0.0,0,1,0,1,NO
6,external/storm-kafka/src/jvm/storm/kafka/bolt/KafkaBolt.java,121,48,3.2,9,6,0.4,4,42,2.8,6,15,2,7,YES
6,external/storm-kafka/src/jvm/storm/kafka/bolt/mapper/FieldNameBasedTupleToKafkaMapper.java,48,1,1.0,1,1,1.0,1,0,0.0,0,1,0,1,NO
6,external/storm-kafka/src/jvm/storm/kafka/bolt/mapper/TupleToKafkaMapper.java,32,0,0.0,0,0,0.0,0,0,0.0,0,0,0,0,NO
6,external/storm-kafka/src/jvm/storm/kafka/bolt/selector/DefaultTopicSelector.java,34,0,0.0,0,0,0.0,0,0,0.0,0,0,0,0,NO
6,external/storm-kafka/src/jvm/storm/kafka/bolt/selector/KafkaTopicSelector.java,26,0,0.0,0,0,0.0,0,0,0.0,0,0,0,0,NO
6,external/storm-kafka/src/jvm/storm/kafka/trident/Coordinator.java,50,4,4.0,4,3,3.0,3,1,1.0,1,1,0,1,NO
6,external/storm-kafka/src/jvm/storm/kafka/trident/DefaultCoordinator.java,31,0,0.0,0,0,0.0,0,0,0.0,0,0,0,0,NO
6,external/storm-kafka/src/jvm/storm/kafka/trident/GlobalPartitionInformation.java,98,20,20.0,20,6,6.0,6,14,14.0,14,1,0,1,NO
6,external/storm-kafka/src/jvm/storm/kafka/trident/IBatchCoordinator.java,26,0,0.0,0,0,0.0,0,0,0.0,0,0,0,0,NO
6,external/storm-kafka/src/jvm/storm/kafka/trident/IBrokerReader.java,25,6,6.0,6,1,1.0,1,5,5.0,5,1,0,1,NO
6,external/storm-kafka/src/jvm/storm/kafka/trident/MaxMetric.java,40,0,0.0,0,0,0.0,0,0,0.0,0,0,0,0,NO
6,external/storm-kafka/src/jvm/storm/kafka/trident/OpaqueTridentKafkaSpout.java,59,3,3.0,3,2,2.0,2,1,1.0,1,1,0,1,NO
6,external/storm-kafka/src/jvm/storm/kafka/trident/StaticBrokerReader.java,36,18,18.0,18,5,5.0,5,13,13.0,13,1,0,1,NO
6,external/storm-kafka/src/jvm/storm/kafka/trident/TransactionalTridentKafkaSpout.java,58,0,0.0,0,0,0.0,0,0,0.0,0,0,0,0,NO
6,external/storm-kafka/src/jvm/storm/kafka/trident/TridentKafkaConfig.java,37,0,0.0,0,0,0.0,0,0,0.0,0,0,0,0,NO
6,external/storm-kafka/src/jvm/storm/kafka/trident/TridentKafkaEmitter.java,281,75,6.818181818181818,30,56,5.090909090909091,17,19,1.7272727272727273,13,11,2,5,YES
6,external/storm-kafka/src/jvm/storm/kafka/trident/TridentKafkaState.java,99,0,0.0,0,0,0.0,0,0,0.0,0,0,0,0,NO
6,external/storm-kafka/src/jvm/storm/kafka/trident/TridentKafkaStateFactory.java,57,0,0.0,0,0,0.0,0,0,0.0,0,0,0,0,NO
6,external/storm-kafka/src/jvm/storm/kafka/trident/TridentKafkaUpdater.java,31,0,0.0,0,0,0.0,0,0,0.0,0,0,0,0,NO
6,external/storm-kafka/src/jvm/storm/kafka/trident/ZkBrokerReader.java,70,17,17.0,17,3,3.0,3,14,14.0,14,1,0,1,NO
6,external/storm-kafka/src/jvm/storm/kafka/trident/mapper/FieldNameBasedTupleToKafkaMapper.java,41,0,0.0,0,0,0.0,0,0,0.0,0,0,0,0,NO
6,external/storm-kafka/src/jvm/storm/kafka/trident/mapper/TridentTupleToKafkaMapper.java,28,0,0.0,0,0,0.0,0,0,0.0,0,0,0,0,NO
6,external/storm-kafka/src/jvm/storm/kafka/trident/selector/DefaultTopicSelector.java,34,0,0.0,0,0,0.0,0,0,0.0,0,0,0,0,NO
6,external/storm-kafka/src/jvm/storm/kafka/trident/selector/KafkaTopicSelector.java,26,0,0.0,0,0,0.0,0,0,0.0,0,0,0,0,NO
6,external/storm-redis/src/main/java/org/apache/storm/redis/bolt/AbstractRedisBolt.java,67,83,16.6,67,16,3.2,4,67,13.4,67,5,0,4,NO
6,external/storm-redis/src/main/java/org/apache/storm/redis/bolt/RedisLookupBolt.java,112,560,112.0,112,0,0.0,0,560,112.0,112,5,0,4,NO
6,external/storm-redis/src/main/java/org/apache/storm/redis/bolt/RedisStoreBolt.java,100,500,100.0,100,0,0.0,0,500,100.0,100,5,0,4,NO
6,external/storm-redis/src/main/java/org/apache/storm/redis/common/config/JedisClusterConfig.java,82,410,82.0,82,0,0.0,0,410,82.0,82,5,0,4,NO
6,external/storm-redis/src/main/java/org/apache/storm/redis/common/config/JedisPoolConfig.java,97,485,97.0,97,0,0.0,0,485,97.0,97,5,0,4,NO
6,external/storm-redis/src/main/java/org/apache/storm/redis/common/container/JedisClusterContainer.java,47,235,47.0,47,0,0.0,0,235,47.0,47,5,0,4,NO
6,external/storm-redis/src/main/java/org/apache/storm/redis/common/container/JedisCommandsContainerBuilder.java,38,190,38.0,38,0,0.0,0,190,38.0,38,5,0,4,NO
6,external/storm-redis/src/main/java/org/apache/storm/redis/common/container/JedisCommandsInstanceContainer.java,25,125,25.0,25,0,0.0,0,125,25.0,25,5,0,4,NO
6,external/storm-redis/src/main/java/org/apache/storm/redis/common/container/JedisContainer.java,60,321,29.181818181818183,65,36,3.272727272727273,6,345,31.363636363636363,65,11,1,6,NO
6,external/storm-redis/src/main/java/org/apache/storm/redis/common/mapper/RedisDataTypeDescription.java,50,250,50.0,50,0,0.0,0,250,50.0,50,5,0,4,NO
6,external/storm-redis/src/main/java/org/apache/storm/redis/common/mapper/RedisLookupMapper.java,40,200,40.0,40,0,0.0,0,200,40.0,40,5,0,4,NO
6,external/storm-redis/src/main/java/org/apache/storm/redis/common/mapper/RedisMapper.java,22,110,22.0,22,0,0.0,0,110,22.0,22,5,0,4,NO
6,external/storm-redis/src/main/java/org/apache/storm/redis/common/mapper/RedisStoreMapper.java,21,105,21.0,21,0,0.0,0,105,21.0,21,5,0,4,NO
6,external/storm-redis/src/main/java/org/apache/storm/redis/common/mapper/TupleMapper.java,27,135,27.0,27,0,0.0,0,135,27.0,27,5,0,4,NO
6,external/storm-redis/src/main/java/org/apache/storm/redis/trident/state/AbstractRedisMapState.java,96,386,64.33333333333333,96,2,0.3333333333333333,2,384,64.0,96,6,0,3,NO
6,external/storm-redis/src/main/java/org/apache/storm/redis/trident/state/AbstractRedisStateQuerier.java,69,276,69.0,69,0,0.0,0,276,69.0,69,4,0,3,NO
6,external/storm-redis/src/main/java/org/apache/storm/redis/trident/state/AbstractRedisStateUpdater.java,69,278,55.6,69,2,0.4,2,276,55.2,69,5,0,3,NO
6,external/storm-redis/src/main/java/org/apache/storm/redis/trident/state/KeyFactory.java,34,140,28.0,35,0,0.0,0,140,28.0,35,5,0,3,NO
6,external/storm-redis/src/main/java/org/apache/storm/redis/trident/state/Options.java,34,136,15.11111111111111,33,2,0.2222222222222222,1,134,14.88888888888889,33,9,0,3,NO
6,external/storm-redis/src/main/java/org/apache/storm/redis/trident/state/RedisClusterMapState.java,238,526,35.06666666666667,294,461,30.733333333333334,111,617,41.13333333333333,294,15,0,7,NO
6,external/storm-redis/src/main/java/org/apache/storm/redis/trident/state/RedisClusterState.java,80,84,16.8,80,4,0.8,1,80,16.0,80,5,0,4,NO
6,external/storm-redis/src/main/java/org/apache/storm/redis/trident/state/RedisClusterStateQuerier.java,58,189,18.9,78,191,19.1,39,158,15.8,78,10,0,6,NO
6,external/storm-redis/src/main/java/org/apache/storm/redis/trident/state/RedisClusterStateUpdater.java,74,277,17.3125,76,199,12.4375,39,144,9.0,76,16,0,6,NO
6,external/storm-redis/src/main/java/org/apache/storm/redis/trident/state/RedisMapState.java,269,712,35.6,316,625,31.25,130,669,33.45,316,20,1,7,NO
6,external/storm-redis/src/main/java/org/apache/storm/redis/trident/state/RedisState.java,83,87,17.4,83,4,0.8,1,83,16.6,83,5,0,4,NO
6,external/storm-redis/src/main/java/org/apache/storm/redis/trident/state/RedisStateQuerier.java,56,194,19.4,70,180,18.0,37,142,14.2,70,10,0,6,NO
6,external/storm-redis/src/main/java/org/apache/storm/redis/trident/state/RedisStateUpdater.java,79,294,18.375,75,193,12.0625,37,117,7.3125,75,16,0,6,NO
6,storm-buildtools/maven-shade-clojure-transformer/src/main/java/org/apache/storm/maven/shade/clojure/ClojureTransformer.java,72,0,0.0,0,0,0.0,0,0,0.0,0,0,0,0,NO
6,storm-buildtools/storm-maven-plugins/src/main/java/org/apache/storm/maven/plugin/util/CommandExec.java,89,89,89.0,89,0,0.0,0,89,89.0,89,1,0,1,NO
6,storm-buildtools/storm-maven-plugins/src/main/java/org/apache/storm/maven/plugin/versioninfo/VersionInfoMojo.java,304,304,304.0,304,0,0.0,0,304,304.0,304,1,0,1,NO
6,storm-core/src/jvm/backtype/storm/Config.java,1560,804,26.8,152,53,1.7666666666666666,19,777,25.9,133,30,3,10,YES
6,storm-core/src/jvm/backtype/storm/ConfigValidation.java,351,25,12.5,18,1,0.5,1,24,12.0,18,2,1,2,NO
6,storm-core/src/jvm/backtype/storm/Constants.java,36,0,0.0,0,0,0.0,0,0,0.0,0,0,0,0,NO
6,storm-core/src/jvm/backtype/storm/ICredentialsListener.java,32,0,0.0,0,0,0.0,0,0,0.0,0,0,0,0,NO
6,storm-core/src/jvm/backtype/storm/ILocalCluster.java,49,0,0.0,0,0,0.0,0,0,0.0,0,0,0,0,NO
6,storm-core/src/jvm/backtype/storm/ILocalDRPC.java,27,0,0.0,0,0,0.0,0,0,0.0,0,0,0,0,NO
6,storm-core/src/jvm/backtype/storm/StormSubmitter.java,445,55,55.0,55,33,33.0,33,22,22.0,22,1,0,1,NO
6,storm-core/src/jvm/backtype/storm/clojure/ClojureBolt.java,119,0,0.0,0,0,0.0,0,0,0.0,0,0,0,0,NO
6,storm-core/src/jvm/backtype/storm/clojure/ClojureSpout.java,153,0,0.0,0,0,0.0,0,0,0.0,0,0,0,0,NO
6,storm-core/src/jvm/backtype/storm/clojure/RichShellBolt.java,51,0,0.0,0,0,0.0,0,0,0.0,0,0,0,0,NO
6,storm-core/src/jvm/backtype/storm/clojure/RichShellSpout.java,51,0,0.0,0,0,0.0,0,0,0.0,0,0,0,0,NO
6,storm-core/src/jvm/backtype/storm/coordination/BatchBoltExecutor.java,108,2,2.0,2,2,2.0,2,0,0.0,0,1,0,1,NO
6,storm-core/src/jvm/backtype/storm/coordination/BatchOutputCollector.java,46,0,0.0,0,0,0.0,0,0,0.0,0,0,0,0,NO
6,storm-core/src/jvm/backtype/storm/coordination/BatchOutputCollectorImpl.java,53,0,0.0,0,0,0.0,0,0,0.0,0,0,0,0,NO
6,storm-core/src/jvm/backtype/storm/coordination/BatchSubtopologyBuilder.java,447,11,11.0,11,0,0.0,0,11,11.0,11,1,0,1,NO
6,storm-core/src/jvm/backtype/storm/coordination/CoordinatedBolt.java,382,0,0.0,0,0,0.0,0,0,0.0,0,0,0,0,NO
6,storm-core/src/jvm/backtype/storm/coordination/IBatchBolt.java,30,0,0.0,0,0,0.0,0,0,0.0,0,0,0,0,NO
6,storm-core/src/jvm/backtype/storm/daemon/Shutdownable.java,22,0,0.0,0,0,0.0,0,0,0.0,0,0,0,0,NO
6,storm-core/src/jvm/backtype/storm/drpc/DRPCInvocationsClient.java,114,6,6.0,6,0,0.0,0,6,6.0,6,1,0,1,NO
6,storm-core/src/jvm/backtype/storm/drpc/DRPCSpout.java,259,49,8.166666666666666,14,13,2.1666666666666665,8,36,6.0,6,6,1,4,NO
6,storm-core/src/jvm/backtype/storm/drpc/JoinResult.java,75,0,0.0,0,0,0.0,0,0,0.0,0,0,0,0,NO
6,storm-core/src/jvm/backtype/storm/drpc/KeyedFairBolt.java,93,0,0.0,0,0,0.0,0,0,0.0,0,0,0,0,NO
6,storm-core/src/jvm/backtype/storm/drpc/LinearDRPCInputDeclarer.java,52,4,4.0,4,1,1.0,1,3,3.0,3,1,0,1,NO
6,storm-core/src/jvm/backtype/storm/drpc/LinearDRPCTopologyBuilder.java,394,12,12.0,12,1,1.0,1,11,11.0,11,1,0,1,NO
6,storm-core/src/jvm/backtype/storm/drpc/PrepareRequest.java,59,0,0.0,0,0,0.0,0,0,0.0,0,0,0,0,NO
6,storm-core/src/jvm/backtype/storm/drpc/ReturnResults.java,124,4,4.0,4,4,4.0,4,0,0.0,0,1,0,1,NO
6,storm-core/src/jvm/backtype/storm/generated/AlreadyAliveException.java,405,109,21.8,105,48,9.6,44,61,12.2,61,5,0,2,NO
6,storm-core/src/jvm/backtype/storm/generated/Assignment.java,982,1084,180.66666666666666,983,101,16.833333333333332,97,983,163.83333333333334,983,6,0,3,NO
6,storm-core/src/jvm/backtype/storm/generated/AuthorizationException.java,405,109,21.8,105,48,9.6,44,61,12.2,61,5,0,2,NO
6,storm-core/src/jvm/backtype/storm/generated/Bolt.java,513,136,27.2,132,66,13.2,62,70,14.0,70,5,0,2,NO
6,storm-core/src/jvm/backtype/storm/generated/BoltStats.java,1389,589,117.8,585,327,65.4,323,262,52.4,262,5,0,2,NO
6,storm-core/src/jvm/backtype/storm/generated/ClusterSummary.java,713,223,44.6,219,124,24.8,120,99,19.8,99,5,0,2,NO
6,storm-core/src/jvm/backtype/storm/generated/ClusterWorkerHeartbeat.java,768,1587,113.35714285714286,769,52,3.7142857142857144,28,1537,109.78571428571429,769,14,1,6,NO
6,storm-core/src/jvm/backtype/storm/generated/ComponentCommon.java,851,281,56.2,277,153,30.6,149,128,25.6,128,5,0,2,NO
6,storm-core/src/jvm/backtype/storm/generated/ComponentObject.java,462,73,73.0,73,13,13.0,13,60,60.0,60,1,0,1,NO
6,storm-core/src/jvm/backtype/storm/generated/Credentials.java,457,171,28.5,144,103,17.166666666666668,76,68,11.333333333333334,68,6,0,3,NO
6,storm-core/src/jvm/backtype/storm/generated/DRPCExecutionException.java,405,109,21.8,105,48,9.6,44,61,12.2,61,5,0,2,NO
6,storm-core/src/jvm/backtype/storm/generated/DRPCRequest.java,506,129,25.8,125,64,12.8,60,65,13.0,65,5,0,2,NO
6,storm-core/src/jvm/backtype/storm/generated/DistributedRPC.java,1328,393,78.6,389,144,28.8,140,249,49.8,249,5,0,2,NO
6,storm-core/src/jvm/backtype/storm/generated/DistributedRPCInvocations.java,2935,898,179.6,894,309,61.8,305,589,117.8,589,5,0,2,NO
6,storm-core/src/jvm/backtype/storm/generated/ErrorInfo.java,713,198,39.6,194,110,22.0,106,88,17.6,88,5,0,2,NO
6,storm-core/src/jvm/backtype/storm/generated/ExecutorInfo.java,498,134,26.8,130,72,14.4,68,62,12.4,62,5,0,2,NO
6,storm-core/src/jvm/backtype/storm/generated/ExecutorSpecificStats.java,387,62,62.0,62,10,10.0,10,52,52.0,52,1,0,1,NO
6,storm-core/src/jvm/backtype/storm/generated/ExecutorStats.java,914,408,81.6,404,189,37.8,185,219,43.8,219,5,0,2,NO
6,storm-core/src/jvm/backtype/storm/generated/ExecutorSummary.java,921,238,47.6,234,141,28.2,137,97,19.4,97,5,0,2,NO
6,storm-core/src/jvm/backtype/storm/generated/GetInfoOptions.java,421,426,85.2,422,4,0.8,1,422,84.4,422,5,0,2,NO
6,storm-core/src/jvm/backtype/storm/generated/GlobalStreamId.java,506,129,25.8,125,64,12.8,60,65,13.0,65,5,0,2,NO
6,storm-core/src/jvm/backtype/storm/generated/Grouping.java,800,142,142.0,142,21,21.0,21,121,121.0,121,1,0,1,NO
6,storm-core/src/jvm/backtype/storm/generated/InvalidTopologyException.java,405,109,21.8,105,48,9.6,44,61,12.2,61,5,0,2,NO
6,storm-core/src/jvm/backtype/storm/generated/JavaObject.java,560,164,32.8,160,83,16.6,79,81,16.2,81,5,0,2,NO
6,storm-core/src/jvm/backtype/storm/generated/JavaObjectArg.java,631,95,95.0,95,13,13.0,13,82,82.0,82,1,0,1,NO
6,storm-core/src/jvm/backtype/storm/generated/KillOptions.java,406,127,25.4,123,57,11.4,53,70,14.0,70,5,0,2,NO
6,storm-core/src/jvm/backtype/storm/generated/LSApprovedWorkers.java,457,3687,409.6666666666667,458,23,2.5555555555555554,23,3664,407.1111111111111,458,9,1,4,NO
6,storm-core/src/jvm/backtype/storm/generated/LSSupervisorAssignments.java,470,3793,421.44444444444446,471,25,2.7777777777777777,25,3768,418.6666666666667,471,9,1,4,NO
6,storm-core/src/jvm/backtype/storm/generated/LSSupervisorId.java,405,3248,406.0,406,0,0.0,0,3248,406.0,406,8,1,3,NO
6,storm-core/src/jvm/backtype/storm/generated/LSWorkerHeartbeat.java,754,6059,673.2222222222222,755,19,2.111111111111111,19,6040,671.1111111111111,755,9,1,4,NO
6,storm-core/src/jvm/backtype/storm/generated/LocalAssignment.java,560,4507,500.77777777777777,561,19,2.111111111111111,19,4488,498.6666666666667,561,9,1,4,NO
6,storm-core/src/jvm/backtype/storm/generated/LocalStateData.java,470,3793,421.44444444444446,471,25,2.7777777777777777,25,3768,418.6666666666667,471,9,1,4,NO
6,storm-core/src/jvm/backtype/storm/generated/Nimbus.java,21405,10172,782.4615384615385,7378,2261,173.92307692307693,2249,7911,608.5384615384615,5129,13,1,7,NO
6,storm-core/src/jvm/backtype/storm/generated/NodeInfo.java,555,577,96.16666666666667,556,21,3.5,17,556,92.66666666666667,556,6,0,3,NO
6,storm-core/src/jvm/backtype/storm/generated/NotAliveException.java,405,109,21.8,105,48,9.6,44,61,12.2,61,5,0,2,NO
6,storm-core/src/jvm/backtype/storm/generated/NullStruct.java,299,89,17.8,85,31,6.2,27,58,11.6,58,5,0,2,NO
6,storm-core/src/jvm/backtype/storm/generated/NumErrorsChoice.java,65,65,65.0,65,0,0.0,0,65,65.0,65,1,0,1,NO
6,storm-core/src/jvm/backtype/storm/generated/RebalanceOptions.java,663,250,41.666666666666664,223,152,25.333333333333332,125,98,16.333333333333332,98,6,0,3,NO
6,storm-core/src/jvm/backtype/storm/generated/ShellComponent.java,515,146,29.2,142,64,12.8,60,82,16.4,82,5,0,2,NO
6,storm-core/src/jvm/backtype/storm/generated/SpoutSpec.java,513,136,27.2,132,66,13.2,62,70,14.0,70,5,0,2,NO
6,storm-core/src/jvm/backtype/storm/generated/SpoutStats.java,916,383,76.6,379,239,47.8,235,144,28.8,144,5,0,2,NO
6,storm-core/src/jvm/backtype/storm/generated/StateSpoutSpec.java,513,136,27.2,132,66,13.2,62,70,14.0,70,5,0,2,NO
6,storm-core/src/jvm/backtype/storm/generated/StormBase.java,1210,1238,206.33333333333334,1211,27,4.5,23,1211,201.83333333333334,1211,6,0,3,NO
6,storm-core/src/jvm/backtype/storm/generated/StormTopology.java,802,272,54.4,268,146,29.2,142,126,25.2,126,5,0,2,NO
6,storm-core/src/jvm/backtype/storm/generated/StreamInfo.java,553,166,33.2,162,91,18.2,87,75,15.0,75,5,0,2,NO
6,storm-core/src/jvm/backtype/storm/generated/SubmitOptions.java,532,148,29.6,144,68,13.6,64,80,16.0,80,5,0,2,NO
6,storm-core/src/jvm/backtype/storm/generated/SupervisorInfo.java,1287,2122,192.9090909090909,1288,92,8.363636363636363,55,2030,184.54545454545453,1288,11,1,5,NO
6,storm-core/src/jvm/backtype/storm/generated/SupervisorSummary.java,908,1160,116.0,305,183,18.3,119,977,97.7,186,10,1,4,NO
6,storm-core/src/jvm/backtype/storm/generated/ThriftSerializedObject.java,515,4128,516.0,516,0,0.0,0,4128,516.0,516,8,1,3,NO
6,storm-core/src/jvm/backtype/storm/generated/TopologyActionOptions.java,387,387,387.0,387,0,0.0,0,387,387.0,387,1,0,1,NO
6,storm-core/src/jvm/backtype/storm/generated/TopologyInfo.java,1279,386,77.2,382,231,46.2,227,155,31.0,155,5,0,2,NO
6,storm-core/src/jvm/backtype/storm/generated/TopologyInitialStatus.java,62,2,2.0,2,1,1.0,1,1,1.0,1,1,0,1,NO
6,storm-core/src/jvm/backtype/storm/generated/TopologyStatus.java,68,68,68.0,68,0,0.0,0,68,68.0,68,1,0,1,NO
6,storm-core/src/jvm/backtype/storm/generated/TopologySummary.java,1207,303,37.875,296,197,24.625,190,106,13.25,106,8,1,4,NO
6,storm-core/src/jvm/backtype/storm/grouping/CustomStreamGrouping.java,43,0,0.0,0,0,0.0,0,0,0.0,0,0,0,0,NO
6,storm-core/src/jvm/backtype/storm/grouping/PartialKeyGrouping.java,82,82,82.0,82,0,0.0,0,82,82.0,82,1,0,1,NO
6,storm-core/src/jvm/backtype/storm/hooks/BaseTaskHook.java,61,0,0.0,0,0,0.0,0,0,0.0,0,0,0,0,NO
6,storm-core/src/jvm/backtype/storm/hooks/ITaskHook.java,38,0,0.0,0,0,0.0,0,0,0.0,0,0,0,0,NO
6,storm-core/src/jvm/backtype/storm/hooks/info/BoltAckInfo.java,32,0,0.0,0,0,0.0,0,0,0.0,0,0,0,0,NO
6,storm-core/src/jvm/backtype/storm/hooks/info/BoltExecuteInfo.java,32,0,0.0,0,0,0.0,0,0,0.0,0,0,0,0,NO
6,storm-core/src/jvm/backtype/storm/hooks/info/BoltFailInfo.java,32,0,0.0,0,0,0.0,0,0,0.0,0,0,0,0,NO
6,storm-core/src/jvm/backtype/storm/hooks/info/EmitInfo.java,35,0,0.0,0,0,0.0,0,0,0.0,0,0,0,0,NO
6,storm-core/src/jvm/backtype/storm/hooks/info/SpoutAckInfo.java,30,0,0.0,0,0,0.0,0,0,0.0,0,0,0,0,NO
6,storm-core/src/jvm/backtype/storm/hooks/info/SpoutFailInfo.java,30,0,0.0,0,0,0.0,0,0,0.0,0,0,0,0,NO
6,storm-core/src/jvm/backtype/storm/messaging/ConnectionWithStatus.java,49,66,22.0,32,0,0.0,0,66,22.0,32,3,0,2,NO
6,storm-core/src/jvm/backtype/storm/messaging/IConnection.java,49,0,0.0,0,0,0.0,0,0,0.0,0,0,0,0,NO
6,storm-core/src/jvm/backtype/storm/messaging/IContext.java,59,0,0.0,0,0,0.0,0,0,0.0,0,0,0,0,NO
6,storm-core/src/jvm/backtype/storm/messaging/TaskMessage.java,53,0,0.0,0,0,0.0,0,0,0.0,0,0,0,0,NO
6,storm-core/src/jvm/backtype/storm/messaging/TransportFactory.java,57,0,0.0,0,0,0.0,0,0,0.0,0,0,0,0,NO
6,storm-core/src/jvm/backtype/storm/messaging/netty/Client.java,627,1081,56.89473684210526,503,1082,56.94736842105263,261,837,44.05263157894737,242,19,0,5,YES
6,storm-core/src/jvm/backtype/storm/messaging/netty/Context.java,125,59,11.8,23,46,9.2,12,29,5.8,13,5,0,2,YES
6,storm-core/src/jvm/backtype/storm/messaging/netty/ControlMessage.java,71,0,0.0,0,0,0.0,0,0,0.0,0,0,0,0,NO
6,storm-core/src/jvm/backtype/storm/messaging/netty/MessageBatch.java,136,11,2.2,4,31,6.2,23,36,7.2,20,5,0,1,NO
6,storm-core/src/jvm/backtype/storm/messaging/netty/MessageDecoder.java,145,0,0.0,0,0,0.0,0,0,0.0,0,0,0,0,NO
6,storm-core/src/jvm/backtype/storm/messaging/netty/MessageEncoder.java,43,0,0.0,0,0,0.0,0,0,0.0,0,0,0,0,NO
6,storm-core/src/jvm/backtype/storm/messaging/netty/NettyRenameThreadFactory.java,52,0,0.0,0,0,0.0,0,0,0.0,0,0,0,0,NO
6,storm-core/src/jvm/backtype/storm/messaging/netty/SaslMessageToken.java,99,0,0.0,0,0,0.0,0,0,0.0,0,0,0,0,NO
6,storm-core/src/jvm/backtype/storm/messaging/netty/SaslNettyClient.java,166,0,0.0,0,0,0.0,0,0,0.0,0,0,0,0,NO
6,storm-core/src/jvm/backtype/storm/messaging/netty/SaslNettyClientState.java,31,0,0.0,0,0,0.0,0,0,0.0,0,0,0,0,NO
6,storm-core/src/jvm/backtype/storm/messaging/netty/SaslNettyServer.java,165,0,0.0,0,0,0.0,0,0,0.0,0,0,0,0,NO
6,storm-core/src/jvm/backtype/storm/messaging/netty/SaslNettyServerState.java,31,0,0.0,0,0,0.0,0,0,0.0,0,0,0,0,NO
6,storm-core/src/jvm/backtype/storm/messaging/netty/SaslStormClientHandler.java,157,2,2.0,2,3,3.0,3,1,1.0,1,1,0,1,NO
6,storm-core/src/jvm/backtype/storm/messaging/netty/SaslStormServerAuthorizeHandler.java,83,0,0.0,0,0,0.0,0,0,0.0,0,0,0,0,NO
6,storm-core/src/jvm/backtype/storm/messaging/netty/SaslStormServerHandler.java,155,0,0.0,0,0,0.0,0,0,0.0,0,0,0,0,NO
6,storm-core/src/jvm/backtype/storm/messaging/netty/SaslUtils.java,74,0,0.0,0,0,0.0,0,0,0.0,0,0,0,0,NO
6,storm-core/src/jvm/backtype/storm/messaging/netty/Server.java,337,110,110.0,110,74,74.0,74,36,36.0,36,1,0,1,NO
6,storm-core/src/jvm/backtype/storm/messaging/netty/StormClientErrorHandler.java,41,0,0.0,0,0,0.0,0,0,0.0,0,0,0,0,NO
6,storm-core/src/jvm/backtype/storm/messaging/netty/StormClientPipelineFactory.java,53,3,1.5,2,4,2.0,3,1,0.5,1,2,0,2,NO
6,storm-core/src/jvm/backtype/storm/messaging/netty/StormServerHandler.java,66,0,0.0,0,0,0.0,0,0,0.0,0,0,0,0,NO
6,storm-core/src/jvm/backtype/storm/messaging/netty/StormServerPipelineFactory.java,57,0,0.0,0,0,0.0,0,0,0.0,0,0,0,0,NO
6,storm-core/src/jvm/backtype/storm/metric/LoggingMetricsConsumer.java,72,0,0.0,0,0,0.0,0,0,0.0,0,0,0,0,NO
6,storm-core/src/jvm/backtype/storm/metric/MetricsConsumerBolt.java,64,0,0.0,0,0,0.0,0,0,0.0,0,0,0,0,NO
6,storm-core/src/jvm/backtype/storm/metric/SystemBolt.java,155,0,0.0,0,0,0.0,0,0,0.0,0,0,0,0,NO
6,storm-core/src/jvm/backtype/storm/metric/api/AssignableMetric.java,34,0,0.0,0,0,0.0,0,0,0.0,0,0,0,0,NO
6,storm-core/src/jvm/backtype/storm/metric/api/CombinedMetric.java,38,0,0.0,0,0,0.0,0,0,0.0,0,0,0,0,NO
6,storm-core/src/jvm/backtype/storm/metric/api/CountMetric.java,41,0,0.0,0,0,0.0,0,0,0.0,0,0,0,0,NO
6,storm-core/src/jvm/backtype/storm/metric/api/ICombiner.java,23,0,0.0,0,0,0.0,0,0,0.0,0,0,0,0,NO
6,storm-core/src/jvm/backtype/storm/metric/api/IMetric.java,22,0,0.0,0,0,0.0,0,0,0.0,0,0,0,0,NO
6,storm-core/src/jvm/backtype/storm/metric/api/IMetricsConsumer.java,60,0,0.0,0,0,0.0,0,0,0.0,0,0,0,0,NO
6,storm-core/src/jvm/backtype/storm/metric/api/IReducer.java,24,0,0.0,0,0,0.0,0,0,0.0,0,0,0,0,NO
6,storm-core/src/jvm/backtype/storm/metric/api/IStatefulObject.java,22,0,0.0,0,0,0.0,0,0,0.0,0,0,0,0,NO
6,storm-core/src/jvm/backtype/storm/metric/api/MeanReducer.java,55,0,0.0,0,0,0.0,0,0,0.0,0,0,0,0,NO
6,storm-core/src/jvm/backtype/storm/metric/api/MultiCountMetric.java,45,0,0.0,0,0,0.0,0,0,0.0,0,0,0,0,NO
6,storm-core/src/jvm/backtype/storm/metric/api/MultiReducedMetric.java,50,0,0.0,0,0,0.0,0,0,0.0,0,0,0,0,NO
6,storm-core/src/jvm/backtype/storm/metric/api/ReducedMetric.java,38,0,0.0,0,0,0.0,0,0,0.0,0,0,0,0,NO
6,storm-core/src/jvm/backtype/storm/metric/api/StateMetric.java,31,0,0.0,0,0,0.0,0,0,0.0,0,0,0,0,NO
6,storm-core/src/jvm/backtype/storm/metric/api/rpc/AssignableShellMetric.java,30,0,0.0,0,0,0.0,0,0,0.0,0,0,0,0,NO
6,storm-core/src/jvm/backtype/storm/metric/api/rpc/CombinedShellMetric.java,31,0,0.0,0,0,0.0,0,0,0.0,0,0,0,0,NO
6,storm-core/src/jvm/backtype/storm/metric/api/rpc/CountShellMetric.java,38,0,0.0,0,0,0.0,0,0,0.0,0,0,0,0,NO
6,storm-core/src/jvm/backtype/storm/metric/api/rpc/IShellMetric.java,31,0,0.0,0,0,0.0,0,0,0.0,0,0,0,0,NO
6,storm-core/src/jvm/backtype/storm/metric/api/rpc/ReducedShellMetric.java,32,0,0.0,0,0,0.0,0,0,0.0,0,0,0,0,NO
6,storm-core/src/jvm/backtype/storm/multilang/BoltMsg.java,80,0,0.0,0,0,0.0,0,0,0.0,0,0,0,0,NO
6,storm-core/src/jvm/backtype/storm/multilang/ISerializer.java,82,0,0.0,0,0,0.0,0,0,0.0,0,0,0,0,NO
6,storm-core/src/jvm/backtype/storm/multilang/JsonSerializer.java,202,0,0.0,0,0,0.0,0,0,0.0,0,0,0,0,NO
6,storm-core/src/jvm/backtype/storm/multilang/NoOutputException.java,40,0,0.0,0,0,0.0,0,0,0.0,0,0,0,0,NO
6,storm-core/src/jvm/backtype/storm/multilang/ShellMsg.java,185,0,0.0,0,0,0.0,0,0,0.0,0,0,0,0,NO
6,storm-core/src/jvm/backtype/storm/multilang/SpoutMsg.java,51,0,0.0,0,0,0.0,0,0,0.0,0,0,0,0,NO
6,storm-core/src/jvm/backtype/storm/nimbus/DefaultTopologyValidator.java,31,0,0.0,0,0,0.0,0,0,0.0,0,0,0,0,NO
6,storm-core/src/jvm/backtype/storm/nimbus/ITopologyValidator.java,28,0,0.0,0,0,0.0,0,0,0.0,0,0,0,0,NO
6,storm-core/src/jvm/backtype/storm/planner/CompoundSpout.java,25,0,0.0,0,0,0.0,0,0,0.0,0,0,0,0,NO
6,storm-core/src/jvm/backtype/storm/planner/CompoundTask.java,25,0,0.0,0,0,0.0,0,0,0.0,0,0,0,0,NO
6,storm-core/src/jvm/backtype/storm/planner/TaskBundle.java,33,0,0.0,0,0,0.0,0,0,0.0,0,0,0,0,NO
6,storm-core/src/jvm/backtype/storm/scheduler/Cluster.java,448,0,0.0,0,0,0.0,0,0,0.0,0,0,0,0,NO
6,storm-core/src/jvm/backtype/storm/scheduler/ExecutorDetails.java,54,0,0.0,0,0,0.0,0,0,0.0,0,0,0,0,NO
6,storm-core/src/jvm/backtype/storm/scheduler/INimbus.java,39,0,0.0,0,0,0.0,0,0,0.0,0,0,0,0,NO
6,storm-core/src/jvm/backtype/storm/scheduler/IScheduler.java,40,0,0.0,0,0,0.0,0,0,0.0,0,0,0,0,NO
6,storm-core/src/jvm/backtype/storm/scheduler/ISupervisor.java,45,0,0.0,0,0,0.0,0,0,0.0,0,0,0,0,NO
6,storm-core/src/jvm/backtype/storm/scheduler/SchedulerAssignment.java,58,0,0.0,0,0,0.0,0,0,0.0,0,0,0,0,NO
6,storm-core/src/jvm/backtype/storm/scheduler/SchedulerAssignmentImpl.java,110,0,0.0,0,0,0.0,0,0,0.0,0,0,0,0,NO
6,storm-core/src/jvm/backtype/storm/scheduler/SupervisorDetails.java,89,0,0.0,0,0,0.0,0,0,0.0,0,0,0,0,NO
6,storm-core/src/jvm/backtype/storm/scheduler/Topologies.java,57,0,0.0,0,0,0.0,0,0,0.0,0,0,0,0,NO
6,storm-core/src/jvm/backtype/storm/scheduler/TopologyDetails.java,89,0,0.0,0,0,0.0,0,0,0.0,0,0,0,0,NO
6,storm-core/src/jvm/backtype/storm/scheduler/WorkerSlot.java,52,0,0.0,0,0,0.0,0,0,0.0,0,0,0,0,NO
6,storm-core/src/jvm/backtype/storm/scheduler/multitenant/DefaultPool.java,219,0,0.0,0,0,0.0,0,0,0.0,0,0,0,0,NO
6,storm-core/src/jvm/backtype/storm/scheduler/multitenant/FreePool.java,125,0,0.0,0,0,0.0,0,0,0.0,0,0,0,0,NO
6,storm-core/src/jvm/backtype/storm/scheduler/multitenant/IsolatedPool.java,346,0,0.0,0,0,0.0,0,0,0.0,0,0,0,0,NO
6,storm-core/src/jvm/backtype/storm/scheduler/multitenant/MultitenantScheduler.java,98,0,0.0,0,0,0.0,0,0,0.0,0,0,0,0,NO
6,storm-core/src/jvm/backtype/storm/scheduler/multitenant/Node.java,343,0,0.0,0,0,0.0,0,0,0.0,0,0,0,0,NO
6,storm-core/src/jvm/backtype/storm/scheduler/multitenant/NodePool.java,296,0,0.0,0,0,0.0,0,0,0.0,0,0,0,0,NO
6,storm-core/src/jvm/backtype/storm/security/INimbusCredentialPlugin.java,47,0,0.0,0,0,0.0,0,0,0.0,0,0,0,0,NO
6,storm-core/src/jvm/backtype/storm/security/auth/AuthUtils.java,284,0,0.0,0,0,0.0,0,0,0.0,0,0,0,0,NO
6,storm-core/src/jvm/backtype/storm/security/auth/DefaultHttpCredentialsPlugin.java,96,14,14.0,14,5,5.0,5,9,9.0,9,1,0,1,NO
6,storm-core/src/jvm/backtype/storm/security/auth/DefaultPrincipalToLocal.java,43,0,0.0,0,0,0.0,0,0,0.0,0,0,0,0,NO
6,storm-core/src/jvm/backtype/storm/security/auth/IAuthorizer.java,47,0,0.0,0,0,0.0,0,0,0.0,0,0,0,0,NO
6,storm-core/src/jvm/backtype/storm/security/auth/IAutoCredentials.java,55,0,0.0,0,0,0.0,0,0,0.0,0,0,0,0,NO
6,storm-core/src/jvm/backtype/storm/security/auth/ICredentialsRenewer.java,41,0,0.0,0,0,0.0,0,0,0.0,0,0,0,0,NO
6,storm-core/src/jvm/backtype/storm/security/auth/IGroupMappingServiceProvider.java,42,0,0.0,0,0,0.0,0,0,0.0,0,0,0,0,NO
6,storm-core/src/jvm/backtype/storm/security/auth/IHttpCredentialsPlugin.java,50,0,0.0,0,0,0.0,0,0,0.0,0,0,0,0,NO
6,storm-core/src/jvm/backtype/storm/security/auth/IPrincipalToLocal.java,41,0,0.0,0,0,0.0,0,0,0.0,0,0,0,0,NO
6,storm-core/src/jvm/backtype/storm/security/auth/ITransportPlugin.java,61,3,3.0,3,1,1.0,1,2,2.0,2,1,0,1,NO
6,storm-core/src/jvm/backtype/storm/security/auth/KerberosPrincipalToLocal.java,45,0,0.0,0,0,0.0,0,0,0.0,0,0,0,0,NO
6,storm-core/src/jvm/backtype/storm/security/auth/ReqContext.java,142,27,27.0,27,1,1.0,1,26,26.0,26,1,0,1,NO
6,storm-core/src/jvm/backtype/storm/security/auth/SaslTransportPlugin.java,176,67,11.166666666666666,12,38,6.333333333333333,8,29,4.833333333333333,5,6,1,4,NO
6,storm-core/src/jvm/backtype/storm/security/auth/ShellBasedGroupsMapping.java,94,0,0.0,0,0,0.0,0,0,0.0,0,0,0,0,NO
6,storm-core/src/jvm/backtype/storm/security/auth/SimpleTransportPlugin.java,163,21,2.625,7,10,1.25,3,11,1.375,4,8,0,6,NO
6,storm-core/src/jvm/backtype/storm/security/auth/SingleUserPrincipal.java,56,0,0.0,0,0,0.0,0,0,0.0,0,0,0,0,NO
6,storm-core/src/jvm/backtype/storm/security/auth/TBackoffConnect.java,77,2,2.0,2,2,2.0,2,0,0.0,0,1,0,1,NO
6,storm-core/src/jvm/backtype/storm/security/auth/ThriftClient.java,120,9,9.0,9,3,3.0,3,6,6.0,6,1,0,1,NO
6,storm-core/src/jvm/backtype/storm/security/auth/ThriftConnectionType.java,77,0,0.0,0,0,0.0,0,0,0.0,0,0,0,0,NO
6,storm-core/src/jvm/backtype/storm/security/auth/ThriftServer.java,80,0,0.0,0,0,0.0,0,0,0.0,0,0,0,0,NO
6,storm-core/src/jvm/backtype/storm/security/auth/authorizer/DRPCAuthorizerBase.java,63,34,17.0,17,0,0.0,0,34,17.0,17,2,0,1,NO
6,storm-core/src/jvm/backtype/storm/security/auth/authorizer/DRPCSimpleACLAuthorizer.java,175,36,18.0,18,0,0.0,0,36,18.0,18,2,0,1,NO
6,storm-core/src/jvm/backtype/storm/security/auth/authorizer/DenyAuthorizer.java,57,0,0.0,0,0,0.0,0,0,0.0,0,0,0,0,NO
6,storm-core/src/jvm/backtype/storm/security/auth/authorizer/ImpersonationAuthorizer.java,171,188,62.666666666666664,154,0,0.0,0,188,62.666666666666664,154,3,0,2,NO
6,storm-core/src/jvm/backtype/storm/security/auth/authorizer/NoopAuthorizer.java,57,0,0.0,0,0,0.0,0,0,0.0,0,0,0,0,NO
6,storm-core/src/jvm/backtype/storm/security/auth/authorizer/SimpleACLAuthorizer.java,152,50,25.0,38,18,9.0,17,32,16.0,21,2,0,2,NO
6,storm-core/src/jvm/backtype/storm/security/auth/authorizer/SimpleWhitelistAuthorizer.java,70,0,0.0,0,0,0.0,0,0,0.0,0,0,0,0,NO
6,storm-core/src/jvm/backtype/storm/security/auth/digest/ClientCallbackHandler.java,110,0,0.0,0,0,0.0,0,0,0.0,0,0,0,0,NO
6,storm-core/src/jvm/backtype/storm/security/auth/digest/DigestSaslTransportPlugin.java,70,3,3.0,3,3,3.0,3,0,0.0,0,1,0,1,NO
6,storm-core/src/jvm/backtype/storm/security/auth/digest/ServerCallbackHandler.java,131,19,19.0,19,2,2.0,2,17,17.0,17,1,0,1,NO
6,storm-core/src/jvm/backtype/storm/security/auth/kerberos/AutoTGT.java,281,0,0.0,0,0,0.0,0,0,0.0,0,0,0,0,NO
6,storm-core/src/jvm/backtype/storm/security/auth/kerberos/AutoTGTKrb5LoginModule.java,108,0,0.0,0,0,0.0,0,0,0.0,0,0,0,0,NO
6,storm-core/src/jvm/backtype/storm/security/auth/kerberos/AutoTGTKrb5LoginModuleTest.java,44,0,0.0,0,0,0.0,0,0,0.0,0,0,0,0,NO
6,storm-core/src/jvm/backtype/storm/security/auth/kerberos/ClientCallbackHandler.java,104,0,0.0,0,0,0.0,0,0,0.0,0,0,0,0,NO
6,storm-core/src/jvm/backtype/storm/security/auth/kerberos/KerberosSaslTransportPlugin.java,209,6,6.0,6,3,3.0,3,3,3.0,3,1,0,1,NO
6,storm-core/src/jvm/backtype/storm/security/auth/kerberos/ServerCallbackHandler.java,94,23,23.0,23,15,15.0,15,8,8.0,8,1,0,1,NO
6,storm-core/src/jvm/backtype/storm/security/serialization/BlowfishTupleSerializer.java,89,0,0.0,0,0,0.0,0,0,0.0,0,0,0,0,NO
6,storm-core/src/jvm/backtype/storm/serialization/DefaultKryoFactory.java,64,0,0.0,0,0,0.0,0,0,0.0,0,0,0,0,NO
6,storm-core/src/jvm/backtype/storm/serialization/DefaultSerializationDelegate.java,58,4,4.0,4,7,7.0,7,3,3.0,3,1,0,1,NO
6,storm-core/src/jvm/backtype/storm/serialization/GzipBridgeSerializationDelegate.java,65,4,4.0,4,3,3.0,3,1,1.0,1,1,0,1,NO
6,storm-core/src/jvm/backtype/storm/serialization/GzipBridgeThriftSerializationDelegate.java,64,516,51.6,65,4,0.4,2,516,51.6,65,10,1,3,NO
6,storm-core/src/jvm/backtype/storm/serialization/GzipSerializationDelegate.java,64,3,3.0,3,7,7.0,7,4,4.0,4,1,0,1,NO
6,storm-core/src/jvm/backtype/storm/serialization/GzipThriftSerializationDelegate.java,57,456,57.0,57,0,0.0,0,456,57.0,57,8,1,3,NO
6,storm-core/src/jvm/backtype/storm/serialization/IKryoDecorator.java,23,0,0.0,0,0,0.0,0,0,0.0,0,0,0,0,NO
6,storm-core/src/jvm/backtype/storm/serialization/IKryoFactory.java,40,0,0.0,0,0,0.0,0,0,0.0,0,0,0,0,NO
6,storm-core/src/jvm/backtype/storm/serialization/ITupleDeserializer.java,25,0,0.0,0,0,0.0,0,0,0.0,0,0,0,0,NO
6,storm-core/src/jvm/backtype/storm/serialization/ITupleSerializer.java,26,0,0.0,0,0,0.0,0,0,0.0,0,0,0,0,NO
6,storm-core/src/jvm/backtype/storm/serialization/KryoTupleDeserializer.java,59,0,0.0,0,0,0.0,0,0,0.0,0,0,0,0,NO
6,storm-core/src/jvm/backtype/storm/serialization/KryoTupleSerializer.java,60,0,0.0,0,0,0.0,0,0,0.0,0,0,0,0,NO
6,storm-core/src/jvm/backtype/storm/serialization/KryoValuesDeserializer.java,51,0,0.0,0,0,0.0,0,0,0.0,0,0,0,0,NO
6,storm-core/src/jvm/backtype/storm/serialization/KryoValuesSerializer.java,58,0,0.0,0,0,0.0,0,0,0.0,0,0,0,0,NO
6,storm-core/src/jvm/backtype/storm/serialization/SerializableSerializer.java,61,0,0.0,0,0,0.0,0,0,0.0,0,0,0,0,NO
6,storm-core/src/jvm/backtype/storm/serialization/SerializationDelegate.java,35,1,1.0,1,1,1.0,1,0,0.0,0,1,0,1,NO
6,storm-core/src/jvm/backtype/storm/serialization/SerializationFactory.java,224,0,0.0,0,0,0.0,0,0,0.0,0,0,0,0,NO
6,storm-core/src/jvm/backtype/storm/serialization/ThriftSerializationDelegate.java,52,52,52.0,52,0,0.0,0,52,52.0,52,1,0,1,NO
6,storm-core/src/jvm/backtype/storm/serialization/types/ArrayListSerializer.java,32,0,0.0,0,0,0.0,0,0,0.0,0,0,0,0,NO
6,storm-core/src/jvm/backtype/storm/serialization/types/HashMapSerializer.java,32,0,0.0,0,0,0.0,0,0,0.0,0,0,0,0,NO
6,storm-core/src/jvm/backtype/storm/serialization/types/HashSetSerializer.java,32,0,0.0,0,0,0.0,0,0,0.0,0,0,0,0,NO
6,storm-core/src/jvm/backtype/storm/serialization/types/ListDelegateSerializer.java,32,0,0.0,0,0,0.0,0,0,0.0,0,0,0,0,NO
6,storm-core/src/jvm/backtype/storm/spout/IMultiSchemableSpout.java,23,0,0.0,0,0,0.0,0,0,0.0,0,0,0,0,NO
6,storm-core/src/jvm/backtype/storm/spout/ISchemableSpout.java,24,0,0.0,0,0,0.0,0,0,0.0,0,0,0,0,NO
6,storm-core/src/jvm/backtype/storm/spout/ISpout.java,105,0,0.0,0,0,0.0,0,0,0.0,0,0,0,0,NO
6,storm-core/src/jvm/backtype/storm/spout/ISpoutOutputCollector.java,29,0,0.0,0,0,0.0,0,0,0.0,0,0,0,0,NO
6,storm-core/src/jvm/backtype/storm/spout/ISpoutWaitStrategy.java,34,0,0.0,0,0,0.0,0,0,0.0,0,0,0,0,NO
6,storm-core/src/jvm/backtype/storm/spout/MultiScheme.java,28,0,0.0,0,0,0.0,0,0,0.0,0,0,0,0,NO
6,storm-core/src/jvm/backtype/storm/spout/NothingEmptyEmitStrategy.java,31,0,0.0,0,0,0.0,0,0,0.0,0,0,0,0,NO
6,storm-core/src/jvm/backtype/storm/spout/RawMultiScheme.java,38,0,0.0,0,0,0.0,0,0,0.0,0,0,0,0,NO
6,storm-core/src/jvm/backtype/storm/spout/RawScheme.java,32,0,0.0,0,0,0.0,0,0,0.0,0,0,0,0,NO
6,storm-core/src/jvm/backtype/storm/spout/Scheme.java,28,0,0.0,0,0,0.0,0,0,0.0,0,0,0,0,NO
6,storm-core/src/jvm/backtype/storm/spout/SchemeAsMultiScheme.java,41,0,0.0,0,0,0.0,0,0,0.0,0,0,0,0,NO
6,storm-core/src/jvm/backtype/storm/spout/ShellSpout.java,266,42,6.0,6,0,0.0,0,42,6.0,6,7,2,4,NO
6,storm-core/src/jvm/backtype/storm/spout/SleepSpoutWaitStrategy.java,41,0,0.0,0,0,0.0,0,0,0.0,0,0,0,0,NO
6,storm-core/src/jvm/backtype/storm/spout/SpoutOutputCollector.java,134,0,0.0,0,0,0.0,0,0,0.0,0,0,0,0,NO
6,storm-core/src/jvm/backtype/storm/state/IStateSpout.java,29,0,0.0,0,0,0.0,0,0,0.0,0,0,0,0,NO
6,storm-core/src/jvm/backtype/storm/state/IStateSpoutOutputCollector.java,22,0,0.0,0,0,0.0,0,0,0.0,0,0,0,0,NO
6,storm-core/src/jvm/backtype/storm/state/ISubscribedState.java,25,0,0.0,0,0,0.0,0,0,0.0,0,0,0,0,NO
6,storm-core/src/jvm/backtype/storm/state/ISynchronizeOutputCollector.java,24,0,0.0,0,0,0.0,0,0,0.0,0,0,0,0,NO
6,storm-core/src/jvm/backtype/storm/state/StateSpoutOutputCollector.java,28,0,0.0,0,0,0.0,0,0,0.0,0,0,0,0,NO
6,storm-core/src/jvm/backtype/storm/state/SynchronizeOutputCollector.java,30,0,0.0,0,0,0.0,0,0,0.0,0,0,0,0,NO
6,storm-core/src/jvm/backtype/storm/task/GeneralTopologyContext.java,198,0,0.0,0,0,0.0,0,0,0.0,0,0,0,0,NO
6,storm-core/src/jvm/backtype/storm/task/IBolt.java,84,14,2.0,2,14,2.0,2,0,0.0,0,7,1,5,NO
6,storm-core/src/jvm/backtype/storm/task/IErrorReporter.java,22,0,0.0,0,0,0.0,0,0,0.0,0,0,0,0,NO
6,storm-core/src/jvm/backtype/storm/task/IMetricsContext.java,31,0,0.0,0,0,0.0,0,0,0.0,0,0,0,0,NO
6,storm-core/src/jvm/backtype/storm/task/IOutputCollector.java,32,0,0.0,0,0,0.0,0,0,0.0,0,0,0,0,NO
6,storm-core/src/jvm/backtype/storm/task/OutputCollector.java,225,0,0.0,0,0,0.0,0,0,0.0,0,0,0,0,NO
6,storm-core/src/jvm/backtype/storm/task/ShellBolt.java,386,37,4.111111111111111,5,11,1.2222222222222223,3,26,2.888888888888889,3,9,1,4,NO
6,storm-core/src/jvm/backtype/storm/task/TopologyContext.java,360,648,54.0,75,280,23.333333333333332,29,368,30.666666666666668,46,12,1,4,NO
6,storm-core/src/jvm/backtype/storm/task/WorkerTopologyContext.java,106,0,0.0,0,0,0.0,0,0,0.0,0,0,0,0,NO
6,storm-core/src/jvm/backtype/storm/testing/AckFailDelegate.java,25,0,0.0,0,0,0.0,0,0,0.0,0,0,0,0,NO
6,storm-core/src/jvm/backtype/storm/testing/AckFailMapTracker.java,52,0,0.0,0,0,0.0,0,0,0.0,0,0,0,0,NO
6,storm-core/src/jvm/backtype/storm/testing/AckTracker.java,52,0,0.0,0,0,0.0,0,0,0.0,0,0,0,0,NO
6,storm-core/src/jvm/backtype/storm/testing/BatchNumberList.java,72,0,0.0,0,0,0.0,0,0,0.0,0,0,0,0,NO
6,storm-core/src/jvm/backtype/storm/testing/BatchProcessWord.java,39,0,0.0,0,0,0.0,0,0,0.0,0,0,0,0,NO
6,storm-core/src/jvm/backtype/storm/testing/BatchRepeatA.java,48,0,0.0,0,0,0.0,0,0,0.0,0,0,0,0,NO
6,storm-core/src/jvm/backtype/storm/testing/BoltTracker.java,42,0,0.0,0,0,0.0,0,0,0.0,0,0,0,0,NO
6,storm-core/src/jvm/backtype/storm/testing/CompleteTopologyParam.java,87,0,0.0,0,0,0.0,0,0,0.0,0,0,0,0,NO
6,storm-core/src/jvm/backtype/storm/testing/CountingBatchBolt.java,55,0,0.0,0,0,0.0,0,0,0.0,0,0,0,0,NO
6,storm-core/src/jvm/backtype/storm/testing/CountingCommitBolt.java,57,0,0.0,0,0,0.0,0,0,0.0,0,0,0,0,NO
6,storm-core/src/jvm/backtype/storm/testing/FeederSpout.java,100,0,0.0,0,0,0.0,0,0,0.0,0,0,0,0,NO
6,storm-core/src/jvm/backtype/storm/testing/FixedTuple.java,42,0,0.0,0,0,0.0,0,0,0.0,0,0,0,0,NO
6,storm-core/src/jvm/backtype/storm/testing/FixedTupleSpout.java,179,0,0.0,0,0,0.0,0,0,0.0,0,0,0,0,NO
6,storm-core/src/jvm/backtype/storm/testing/ForwardingMetricsConsumer.java,95,0,0.0,0,0,0.0,0,0,0.0,0,0,0,0,NO
6,storm-core/src/jvm/backtype/storm/testing/IdentityBolt.java,42,0,0.0,0,0,0.0,0,0,0.0,0,0,0,0,NO
6,storm-core/src/jvm/backtype/storm/testing/KeyedCountingBatchBolt.java,61,0,0.0,0,0,0.0,0,0,0.0,0,0,0,0,NO
6,storm-core/src/jvm/backtype/storm/testing/KeyedCountingCommitterBolt.java,24,0,0.0,0,0,0.0,0,0,0.0,0,0,0,0,NO
6,storm-core/src/jvm/backtype/storm/testing/KeyedSummingBatchBolt.java,61,0,0.0,0,0,0.0,0,0,0.0,0,0,0,0,NO
6,storm-core/src/jvm/backtype/storm/testing/MemoryTransactionalSpout.java,181,0,0.0,0,0,0.0,0,0,0.0,0,0,0,0,NO
6,storm-core/src/jvm/backtype/storm/testing/MemoryTransactionalSpoutMeta.java,38,0,0.0,0,0,0.0,0,0,0.0,0,0,0,0,NO
6,storm-core/src/jvm/backtype/storm/testing/MkClusterParam.java,57,0,0.0,0,0,0.0,0,0,0.0,0,0,0,0,NO
6,storm-core/src/jvm/backtype/storm/testing/MkTupleParam.java,51,0,0.0,0,0,0.0,0,0,0.0,0,0,0,0,NO
6,storm-core/src/jvm/backtype/storm/testing/MockedSources.java,60,0,0.0,0,0,0.0,0,0,0.0,0,0,0,0,NO
6,storm-core/src/jvm/backtype/storm/testing/NGrouping.java,50,0,0.0,0,0,0.0,0,0,0.0,0,0,0,0,NO
6,storm-core/src/jvm/backtype/storm/testing/NonRichBoltTracker.java,51,0,0.0,0,0,0.0,0,0,0.0,0,0,0,0,NO
6,storm-core/src/jvm/backtype/storm/testing/OpaqueMemoryTransactionalSpout.java,186,0,0.0,0,0,0.0,0,0,0.0,0,0,0,0,NO
6,storm-core/src/jvm/backtype/storm/testing/PrepareBatchBolt.java,52,0,0.0,0,0,0.0,0,0,0.0,0,0,0,0,NO
6,storm-core/src/jvm/backtype/storm/testing/PythonShellMetricsBolt.java,49,0,0.0,0,0,0.0,0,0,0.0,0,0,0,0,NO
6,storm-core/src/jvm/backtype/storm/testing/PythonShellMetricsSpout.java,52,0,0.0,0,0,0.0,0,0,0.0,0,0,0,0,NO
6,storm-core/src/jvm/backtype/storm/testing/SingleUserSimpleTransport.java,37,0,0.0,0,0,0.0,0,0,0.0,0,0,0,0,NO
6,storm-core/src/jvm/backtype/storm/testing/SpoutTracker.java,105,0,0.0,0,0,0.0,0,0,0.0,0,0,0,0,NO
6,storm-core/src/jvm/backtype/storm/testing/TestAggregatesCounter.java,63,0,0.0,0,0,0.0,0,0,0.0,0,0,0,0,NO
6,storm-core/src/jvm/backtype/storm/testing/TestConfBolt.java,62,0,0.0,0,0,0.0,0,0,0.0,0,0,0,0,NO
6,storm-core/src/jvm/backtype/storm/testing/TestEventLogSpout.java,139,0,0.0,0,0,0.0,0,0,0.0,0,0,0,0,NO
6,storm-core/src/jvm/backtype/storm/testing/TestEventOrderCheckBolt.java,76,0,0.0,0,0,0.0,0,0,0.0,0,0,0,0,NO
6,storm-core/src/jvm/backtype/storm/testing/TestGlobalCount.java,60,0,0.0,0,0,0.0,0,0,0.0,0,0,0,0,NO
6,storm-core/src/jvm/backtype/storm/testing/TestJob.java,41,0,0.0,0,0,0.0,0,0,0.0,0,0,0,0,NO
6,storm-core/src/jvm/backtype/storm/testing/TestKryoDecorator.java,31,0,0.0,0,0,0.0,0,0,0.0,0,0,0,0,NO
6,storm-core/src/jvm/backtype/storm/testing/TestPlannerBolt.java,45,0,0.0,0,0,0.0,0,0,0.0,0,0,0,0,NO
6,storm-core/src/jvm/backtype/storm/testing/TestPlannerSpout.java,85,0,0.0,0,0,0.0,0,0,0.0,0,0,0,0,NO
6,storm-core/src/jvm/backtype/storm/testing/TestSerObject.java,37,0,0.0,0,0,0.0,0,0,0.0,0,0,0,0,NO
6,storm-core/src/jvm/backtype/storm/testing/TestWordCounter.java,61,0,0.0,0,0,0.0,0,0,0.0,0,0,0,0,NO
6,storm-core/src/jvm/backtype/storm/testing/TestWordSpout.java,86,0,0.0,0,0,0.0,0,0,0.0,0,0,0,0,NO
6,storm-core/src/jvm/backtype/storm/testing/TrackedTopology.java,34,0,0.0,0,0,0.0,0,0,0.0,0,0,0,0,NO
6,storm-core/src/jvm/backtype/storm/testing/TupleCaptureBolt.java,83,0,0.0,0,0,0.0,0,0,0.0,0,0,0,0,NO
6,storm-core/src/jvm/backtype/storm/topology/BaseConfigurationDeclarer.java,54,0,0.0,0,0,0.0,0,0,0.0,0,0,0,0,NO
6,storm-core/src/jvm/backtype/storm/topology/BasicBoltExecutor.java,67,0,0.0,0,0,0.0,0,0,0.0,0,0,0,0,NO
6,storm-core/src/jvm/backtype/storm/topology/BasicOutputCollector.java,62,0,0.0,0,0,0.0,0,0,0.0,0,0,0,0,NO
6,storm-core/src/jvm/backtype/storm/topology/BoltDeclarer.java,26,4,4.0,4,0,0.0,0,4,4.0,4,1,0,1,NO
6,storm-core/src/jvm/backtype/storm/topology/ComponentConfigurationDeclarer.java,29,0,0.0,0,0,0.0,0,0,0.0,0,0,0,0,NO
6,storm-core/src/jvm/backtype/storm/topology/FailedException.java,36,0,0.0,0,0,0.0,0,0,0.0,0,0,0,0,NO
6,storm-core/src/jvm/backtype/storm/topology/IBasicBolt.java,33,0,0.0,0,0,0.0,0,0,0.0,0,0,0,0,NO
6,storm-core/src/jvm/backtype/storm/topology/IBasicOutputCollector.java,26,0,0.0,0,0,0.0,0,0,0.0,0,0,0,0,NO
6,storm-core/src/jvm/backtype/storm/topology/IComponent.java,44,0,0.0,0,0,0.0,0,0,0.0,0,0,0,0,NO
6,storm-core/src/jvm/backtype/storm/topology/IRichBolt.java,29,0,0.0,0,0,0.0,0,0,0.0,0,0,0,0,NO
6,storm-core/src/jvm/backtype/storm/topology/IRichSpout.java,29,0,0.0,0,0,0.0,0,0,0.0,0,0,0,0,NO
6,storm-core/src/jvm/backtype/storm/topology/IRichStateSpout.java,25,0,0.0,0,0,0.0,0,0,0.0,0,0,0,0,NO
6,storm-core/src/jvm/backtype/storm/topology/InputDeclarer.java,184,131,131.0,131,0,0.0,0,131,131.0,131,1,0,1,NO
6,storm-core/src/jvm/backtype/storm/topology/OutputFieldsDeclarer.java,32,0,0.0,0,0,0.0,0,0,0.0,0,0,0,0,NO
6,storm-core/src/jvm/backtype/storm/topology/OutputFieldsGetter.java,53,0,0.0,0,0,0.0,0,0,0.0,0,0,0,0,NO
6,storm-core/src/jvm/backtype/storm/topology/ReportedFailedException.java,36,0,0.0,0,0,0.0,0,0,0.0,0,0,0,0,NO
6,storm-core/src/jvm/backtype/storm/topology/SpoutDeclarer.java,22,0,0.0,0,0,0.0,0,0,0.0,0,0,0,0,NO
6,storm-core/src/jvm/backtype/storm/topology/TopologyBuilder.java,370,14,14.0,14,3,3.0,3,11,11.0,11,1,0,1,NO
6,storm-core/src/jvm/backtype/storm/topology/base/BaseBasicBolt.java,33,0,0.0,0,0,0.0,0,0,0.0,0,0,0,0,NO
6,storm-core/src/jvm/backtype/storm/topology/base/BaseBatchBolt.java,25,0,0.0,0,0,0.0,0,0,0.0,0,0,0,0,NO
6,storm-core/src/jvm/backtype/storm/topology/base/BaseComponent.java,28,0,0.0,0,0,0.0,0,0,0.0,0,0,0,0,NO
6,storm-core/src/jvm/backtype/storm/topology/base/BaseOpaquePartitionedTransactionalSpout.java,25,0,0.0,0,0,0.0,0,0,0.0,0,0,0,0,NO
6,storm-core/src/jvm/backtype/storm/topology/base/BasePartitionedTransactionalSpout.java,25,0,0.0,0,0,0.0,0,0,0.0,0,0,0,0,NO
6,storm-core/src/jvm/backtype/storm/topology/base/BaseRichBolt.java,26,0,0.0,0,0,0.0,0,0,0.0,0,0,0,0,NO
6,storm-core/src/jvm/backtype/storm/topology/base/BaseRichSpout.java,50,0,0.0,0,0,0.0,0,0,0.0,0,0,0,0,NO
6,storm-core/src/jvm/backtype/storm/topology/base/BaseTransactionalBolt.java,24,0,0.0,0,0,0.0,0,0,0.0,0,0,0,0,NO
6,storm-core/src/jvm/backtype/storm/topology/base/BaseTransactionalSpout.java,25,0,0.0,0,0,0.0,0,0,0.0,0,0,0,0,NO
6,storm-core/src/jvm/backtype/storm/transactional/ICommitter.java,26,0,0.0,0,0,0.0,0,0,0.0,0,0,0,0,NO
6,storm-core/src/jvm/backtype/storm/transactional/ICommitterTransactionalSpout.java,31,0,0.0,0,0,0.0,0,0,0.0,0,0,0,0,NO
6,storm-core/src/jvm/backtype/storm/transactional/ITransactionalSpout.java,94,0,0.0,0,0,0.0,0,0,0.0,0,0,0,0,NO
6,storm-core/src/jvm/backtype/storm/transactional/TransactionAttempt.java,61,0,0.0,0,0,0.0,0,0,0.0,0,0,0,0,NO
6,storm-core/src/jvm/backtype/storm/transactional/TransactionalSpoutBatchExecutor.java,96,0,0.0,0,0,0.0,0,0,0.0,0,0,0,0,NO
6,storm-core/src/jvm/backtype/storm/transactional/TransactionalSpoutCoordinator.java,217,0,0.0,0,0,0.0,0,0,0.0,0,0,0,0,NO
6,storm-core/src/jvm/backtype/storm/transactional/TransactionalTopologyBuilder.java,521,12,12.0,12,1,1.0,1,11,11.0,11,1,0,1,NO
6,storm-core/src/jvm/backtype/storm/transactional/partitioned/IOpaquePartitionedTransactionalSpout.java,56,0,0.0,0,0,0.0,0,0,0.0,0,0,0,0,NO
6,storm-core/src/jvm/backtype/storm/transactional/partitioned/IPartitionedTransactionalSpout.java,69,0,0.0,0,0,0.0,0,0,0.0,0,0,0,0,NO
6,storm-core/src/jvm/backtype/storm/transactional/partitioned/OpaquePartitionedTransactionalSpoutExecutor.java,159,0,0.0,0,0,0.0,0,0,0.0,0,0,0,0,NO
6,storm-core/src/jvm/backtype/storm/transactional/partitioned/PartitionedTransactionalSpoutExecutor.java,142,0,0.0,0,0,0.0,0,0,0.0,0,0,0,0,NO
6,storm-core/src/jvm/backtype/storm/transactional/state/RotatingTransactionalState.java,149,0,0.0,0,0,0.0,0,0,0.0,0,0,0,0,NO
6,storm-core/src/jvm/backtype/storm/transactional/state/TestTransactionalState.java,47,0,0.0,0,0,0.0,0,0,0.0,0,0,0,0,NO
6,storm-core/src/jvm/backtype/storm/transactional/state/TransactionalState.java,173,0,0.0,0,0,0.0,0,0,0.0,0,0,0,0,NO
6,storm-core/src/jvm/backtype/storm/tuple/Fields.java,100,0,0.0,0,0,0.0,0,0,0.0,0,0,0,0,NO
6,storm-core/src/jvm/backtype/storm/tuple/ITuple.java,136,0,0.0,0,0,0.0,0,0,0.0,0,0,0,0,NO
6,storm-core/src/jvm/backtype/storm/tuple/MessageId.java,98,0,0.0,0,0,0.0,0,0,0.0,0,0,0,0,NO
6,storm-core/src/jvm/backtype/storm/tuple/Tuple.java,60,9,3.0,7,9,3.0,5,10,3.3333333333333335,5,3,0,1,NO
6,storm-core/src/jvm/backtype/storm/tuple/TupleImpl.java,351,10,2.5,7,10,2.5,5,12,3.0,6,4,0,1,NO
6,storm-core/src/jvm/backtype/storm/tuple/Values.java,37,0,0.0,0,0,0.0,0,0,0.0,0,0,0,0,NO
6,storm-core/src/jvm/backtype/storm/ui/InvalidRequestException.java,37,0,0.0,0,0,0.0,0,0,0.0,0,0,0,0,NO
6,storm-core/src/jvm/backtype/storm/utils/BufferFileInputStream.java,54,0,0.0,0,0,0.0,0,0,0.0,0,0,0,0,NO
6,storm-core/src/jvm/backtype/storm/utils/CRC32OutputStream.java,44,0,0.0,0,0,0.0,0,0,0.0,0,0,0,0,NO
6,storm-core/src/jvm/backtype/storm/utils/ClojureTimerTask.java,35,0,0.0,0,0,0.0,0,0,0.0,0,0,0,0,NO
6,storm-core/src/jvm/backtype/storm/utils/Container.java,24,0,0.0,0,0,0.0,0,0,0.0,0,0,0,0,NO
6,storm-core/src/jvm/backtype/storm/utils/DRPCClient.java,65,1,1.0,1,1,1.0,1,0,0.0,0,1,0,1,NO
6,storm-core/src/jvm/backtype/storm/utils/DisruptorQueue.java,217,0,0.0,0,0,0.0,0,0,0.0,0,0,0,0,NO
6,storm-core/src/jvm/backtype/storm/utils/ExtendedThreadPoolExecutor.java,67,405,57.857142857142854,67,1,0.14285714285714285,1,404,57.714285714285715,67,7,1,5,NO
6,storm-core/src/jvm/backtype/storm/utils/IndifferentAccessMap.java,177,0,0.0,0,0,0.0,0,0,0.0,0,0,0,0,NO
6,storm-core/src/jvm/backtype/storm/utils/InprocMessaging.java,59,0,0.0,0,0,0.0,0,0,0.0,0,0,0,0,NO
6,storm-core/src/jvm/backtype/storm/utils/KeyedRoundRobinQueue.java,68,0,0.0,0,0,0.0,0,0,0.0,0,0,0,0,NO
6,storm-core/src/jvm/backtype/storm/utils/ListDelegate.java,156,0,0.0,0,0,0.0,0,0,0.0,0,0,0,0,NO
6,storm-core/src/jvm/backtype/storm/utils/LocalState.java,203,1008,126.0,126,296,37.0,37,712,89.0,89,8,1,3,NO
6,storm-core/src/jvm/backtype/storm/utils/Monitor.java,253,6,6.0,6,2,2.0,2,4,4.0,4,1,0,1,NO
6,storm-core/src/jvm/backtype/storm/utils/MutableInt.java,43,0,0.0,0,0,0.0,0,0,0.0,0,0,0,0,NO
6,storm-core/src/jvm/backtype/storm/utils/MutableLong.java,43,0,0.0,0,0,0.0,0,0,0.0,0,0,0,0,NO
6,storm-core/src/jvm/backtype/storm/utils/MutableObject.java,38,0,0.0,0,0,0.0,0,0,0.0,0,0,0,0,NO
6,storm-core/src/jvm/backtype/storm/utils/NimbusClient.java,81,99,9.9,24,12,1.2,10,87,8.7,22,10,0,6,NO
6,storm-core/src/jvm/backtype/storm/utils/RegisteredGlobalState.java,64,0,0.0,0,0,0.0,0,0,0.0,0,0,0,0,NO
6,storm-core/src/jvm/backtype/storm/utils/RotatingMap.java,124,0,0.0,0,0,0.0,0,0,0.0,0,0,0,0,NO
6,storm-core/src/jvm/backtype/storm/utils/ServiceRegistry.java,47,0,0.0,0,0,0.0,0,0,0.0,0,0,0,0,NO
6,storm-core/src/jvm/backtype/storm/utils/ShellProcess.java,189,9,9.0,9,2,2.0,2,7,7.0,7,1,0,1,NO
6,storm-core/src/jvm/backtype/storm/utils/ShellUtils.java,498,0,0.0,0,0,0.0,0,0,0.0,0,0,0,0,NO
6,storm-core/src/jvm/backtype/storm/utils/StormBoundedExponentialBackoffRetry.java,74,0,0.0,0,0,0.0,0,0,0.0,0,0,0,0,NO
6,storm-core/src/jvm/backtype/storm/utils/TestUtils.java,34,0,0.0,0,0,0.0,0,0,0.0,0,0,0,0,NO
6,storm-core/src/jvm/backtype/storm/utils/ThriftTopologyUtils.java,58,0,0.0,0,0,0.0,0,0,0.0,0,0,0,0,NO
6,storm-core/src/jvm/backtype/storm/utils/Time.java,109,0,0.0,0,0,0.0,0,0,0.0,0,0,0,0,NO
6,storm-core/src/jvm/backtype/storm/utils/TimeCacheMap.java,161,0,0.0,0,0,0.0,0,0,0.0,0,0,0,0,NO
6,storm-core/src/jvm/backtype/storm/utils/TransferDrainer.java,133,184,30.666666666666668,41,104,17.333333333333332,21,84,14.0,20,6,1,2,NO
6,storm-core/src/jvm/backtype/storm/utils/TupleUtils.java,35,245,35.0,35,0,0.0,0,245,35.0,35,7,1,6,YES
6,storm-core/src/jvm/backtype/storm/utils/Utils.java,628,1162,48.416666666666664,170,397,16.541666666666668,80,769,32.041666666666664,90,24,4,8,YES
6,storm-core/src/jvm/backtype/storm/utils/VersionInfo.java,131,131,131.0,131,0,0.0,0,131,131.0,131,1,0,1,NO
6,storm-core/src/jvm/backtype/storm/utils/VersionedStore.java,187,5,5.0,5,4,4.0,4,1,1.0,1,1,0,1,NO
6,storm-core/src/jvm/backtype/storm/utils/WindowedTimeThrottler.java,51,0,0.0,0,0,0.0,0,0,0.0,0,0,0,0,NO
6,storm-core/src/jvm/backtype/storm/utils/WritableUtils.java,375,0,0.0,0,0,0.0,0,0,0.0,0,0,0,0,NO
6,storm-core/src/jvm/backtype/storm/utils/ZookeeperAuthInfo.java,53,0,0.0,0,0,0.0,0,0,0.0,0,0,0,0,NO
6,storm-core/src/jvm/backtype/storm/utils/ZookeeperServerCnxnFactory.java,84,0,0.0,0,0,0.0,0,0,0.0,0,0,0,0,NO
6,storm-core/src/jvm/storm/trident/JoinType.java,30,0,0.0,0,0,0.0,0,0,0.0,0,0,0,0,NO
6,storm-core/src/jvm/storm/trident/Stream.java,377,1,1.0,1,1,1.0,1,0,0.0,0,1,0,1,NO
6,storm-core/src/jvm/storm/trident/TridentState.java,40,0,0.0,0,0,0.0,0,0,0.0,0,0,0,0,NO
6,storm-core/src/jvm/storm/trident/TridentTopology.java,815,4,4.0,4,2,2.0,2,2,2.0,2,1,0,1,NO
6,storm-core/src/jvm/storm/trident/drpc/ReturnResultsReducer.java,121,2,2.0,2,2,2.0,2,0,0.0,0,1,0,1,NO
6,storm-core/src/jvm/storm/trident/fluent/ChainedAggregatorDeclarer.java,183,0,0.0,0,0,0.0,0,0,0.0,0,0,0,0,NO
6,storm-core/src/jvm/storm/trident/fluent/ChainedFullAggregatorDeclarer.java,32,0,0.0,0,0,0.0,0,0,0.0,0,0,0,0,NO
6,storm-core/src/jvm/storm/trident/fluent/ChainedPartitionAggregatorDeclarer.java,32,0,0.0,0,0,0.0,0,0,0.0,0,0,0,0,NO
6,storm-core/src/jvm/storm/trident/fluent/GlobalAggregationScheme.java,26,0,0.0,0,0,0.0,0,0,0.0,0,0,0,0,NO
6,storm-core/src/jvm/storm/trident/fluent/GroupedStream.java,174,0,0.0,0,0,0.0,0,0,0.0,0,0,0,0,NO
6,storm-core/src/jvm/storm/trident/fluent/IAggregatableStream.java,31,0,0.0,0,0,0.0,0,0,0.0,0,0,0,0,NO
6,storm-core/src/jvm/storm/trident/fluent/IChainedAggregatorDeclarer.java,24,0,0.0,0,0,0.0,0,0,0.0,0,0,0,0,NO
6,storm-core/src/jvm/storm/trident/fluent/UniqueIdGen.java,34,0,0.0,0,0,0.0,0,0,0.0,0,0,0,0,NO
6,storm-core/src/jvm/storm/trident/graph/GraphGrouper.java,123,0,0.0,0,0,0.0,0,0,0.0,0,0,0,0,NO
6,storm-core/src/jvm/storm/trident/graph/Group.java,87,0,0.0,0,0,0.0,0,0,0.0,0,0,0,0,NO
6,storm-core/src/jvm/storm/trident/operation/Aggregator.java,26,0,0.0,0,0,0.0,0,0,0.0,0,0,0,0,NO
6,storm-core/src/jvm/storm/trident/operation/Assembly.java,25,0,0.0,0,0,0.0,0,0,0.0,0,0,0,0,NO
6,storm-core/src/jvm/storm/trident/operation/BaseAggregator.java,23,0,0.0,0,0,0.0,0,0,0.0,0,0,0,0,NO
6,storm-core/src/jvm/storm/trident/operation/BaseFilter.java,23,0,0.0,0,0,0.0,0,0,0.0,0,0,0,0,NO
6,storm-core/src/jvm/storm/trident/operation/BaseFunction.java,23,0,0.0,0,0,0.0,0,0,0.0,0,0,0,0,NO
6,storm-core/src/jvm/storm/trident/operation/BaseMultiReducer.java,33,0,0.0,0,0,0.0,0,0,0.0,0,0,0,0,NO
6,storm-core/src/jvm/storm/trident/operation/BaseOperation.java,32,0,0.0,0,0,0.0,0,0,0.0,0,0,0,0,NO
6,storm-core/src/jvm/storm/trident/operation/CombinerAggregator.java,29,0,0.0,0,0,0.0,0,0,0.0,0,0,0,0,NO
6,storm-core/src/jvm/storm/trident/operation/EachOperation.java,22,0,0.0,0,0,0.0,0,0,0.0,0,0,0,0,NO
6,storm-core/src/jvm/storm/trident/operation/Filter.java,25,0,0.0,0,0,0.0,0,0,0.0,0,0,0,0,NO
6,storm-core/src/jvm/storm/trident/operation/Function.java,24,0,0.0,0,0,0.0,0,0,0.0,0,0,0,0,NO
6,storm-core/src/jvm/storm/trident/operation/GroupedMultiReducer.java,31,0,0.0,0,0,0.0,0,0,0.0,0,0,0,0,NO
6,storm-core/src/jvm/storm/trident/operation/MultiReducer.java,31,0,0.0,0,0,0.0,0,0,0.0,0,0,0,0,NO
6,storm-core/src/jvm/storm/trident/operation/Operation.java,26,0,0.0,0,0,0.0,0,0,0.0,0,0,0,0,NO
6,storm-core/src/jvm/storm/trident/operation/ReducerAggregator.java,26,0,0.0,0,0,0.0,0,0,0.0,0,0,0,0,NO
6,storm-core/src/jvm/storm/trident/operation/TridentCollector.java,26,0,0.0,0,0,0.0,0,0,0.0,0,0,0,0,NO
6,storm-core/src/jvm/storm/trident/operation/TridentMultiReducerContext.java,36,0,0.0,0,0,0.0,0,0,0.0,0,0,0,0,NO
6,storm-core/src/jvm/storm/trident/operation/TridentOperationContext.java,65,0,0.0,0,0,0.0,0,0,0.0,0,0,0,0,NO
6,storm-core/src/jvm/storm/trident/operation/builtin/Count.java,41,0,0.0,0,0,0.0,0,0,0.0,0,0,0,0,NO
6,storm-core/src/jvm/storm/trident/operation/builtin/Debug.java,39,0,0.0,0,0,0.0,0,0,0.0,0,0,0,0,NO
6,storm-core/src/jvm/storm/trident/operation/builtin/Equals.java,38,0,0.0,0,0,0.0,0,0,0.0,0,0,0,0,NO
6,storm-core/src/jvm/storm/trident/operation/builtin/FilterNull.java,31,0,0.0,0,0,0.0,0,0,0.0,0,0,0,0,NO
6,storm-core/src/jvm/storm/trident/operation/builtin/FirstN.java,125,0,0.0,0,0,0.0,0,0,0.0,0,0,0,0,NO
6,storm-core/src/jvm/storm/trident/operation/builtin/MapGet.java,38,0,0.0,0,0,0.0,0,0,0.0,0,0,0,0,NO
6,storm-core/src/jvm/storm/trident/operation/builtin/Negate.java,48,0,0.0,0,0,0.0,0,0,0.0,0,0,0,0,NO
6,storm-core/src/jvm/storm/trident/operation/builtin/SnapshotGet.java,44,0,0.0,0,0,0.0,0,0,0.0,0,0,0,0,NO
6,storm-core/src/jvm/storm/trident/operation/builtin/Sum.java,42,0,0.0,0,0,0.0,0,0,0.0,0,0,0,0,NO
6,storm-core/src/jvm/storm/trident/operation/builtin/TupleCollectionGet.java,46,0,0.0,0,0,0.0,0,0,0.0,0,0,0,0,NO
6,storm-core/src/jvm/storm/trident/operation/impl/CaptureCollector.java,42,0,0.0,0,0,0.0,0,0,0.0,0,0,0,0,NO
6,storm-core/src/jvm/storm/trident/operation/impl/ChainedAggregatorImpl.java,113,0,0.0,0,0,0.0,0,0,0.0,0,0,0,0,NO
6,storm-core/src/jvm/storm/trident/operation/impl/ChainedResult.java,53,0,0.0,0,0,0.0,0,0,0.0,0,0,0,0,NO
6,storm-core/src/jvm/storm/trident/operation/impl/CombinerAggStateUpdater.java,56,0,0.0,0,0,0.0,0,0,0.0,0,0,0,0,NO
6,storm-core/src/jvm/storm/trident/operation/impl/CombinerAggregatorCombineImpl.java,61,0,0.0,0,0,0.0,0,0,0.0,0,0,0,0,NO
6,storm-core/src/jvm/storm/trident/operation/impl/CombinerAggregatorInitImpl.java,49,0,0.0,0,0,0.0,0,0,0.0,0,0,0,0,NO
6,storm-core/src/jvm/storm/trident/operation/impl/FilterExecutor.java,53,0,0.0,0,0,0.0,0,0,0.0,0,0,0,0,NO
6,storm-core/src/jvm/storm/trident/operation/impl/GlobalBatchToPartition.java,29,0,0.0,0,0,0.0,0,0,0.0,0,0,0,0,NO
6,storm-core/src/jvm/storm/trident/operation/impl/GroupCollector.java,48,0,0.0,0,0,0.0,0,0,0.0,0,0,0,0,NO
6,storm-core/src/jvm/storm/trident/operation/impl/GroupedAggregator.java,96,0,0.0,0,0,0.0,0,0,0.0,0,0,0,0,NO
6,storm-core/src/jvm/storm/trident/operation/impl/GroupedMultiReducerExecutor.java,95,0,0.0,0,0,0.0,0,0,0.0,0,0,0,0,NO
6,storm-core/src/jvm/storm/trident/operation/impl/IdentityMultiReducer.java,51,0,0.0,0,0,0.0,0,0,0.0,0,0,0,0,NO
6,storm-core/src/jvm/storm/trident/operation/impl/IndexHashBatchToPartition.java,29,0,0.0,0,0,0.0,0,0,0.0,0,0,0,0,NO
6,storm-core/src/jvm/storm/trident/operation/impl/JoinerMultiReducer.java,159,0,0.0,0,0,0.0,0,0,0.0,0,0,0,0,NO
6,storm-core/src/jvm/storm/trident/operation/impl/ReducerAggStateUpdater.java,53,0,0.0,0,0,0.0,0,0,0.0,0,0,0,0,NO
6,storm-core/src/jvm/storm/trident/operation/impl/ReducerAggregatorImpl.java,56,0,0.0,0,0,0.0,0,0,0.0,0,0,0,0,NO
6,storm-core/src/jvm/storm/trident/operation/impl/Result.java,27,0,0.0,0,0,0.0,0,0,0.0,0,0,0,0,NO
6,storm-core/src/jvm/storm/trident/operation/impl/SingleEmitAggregator.java,95,0,0.0,0,0,0.0,0,0,0.0,0,0,0,0,NO
6,storm-core/src/jvm/storm/trident/operation/impl/TrueFilter.java,40,0,0.0,0,0,0.0,0,0,0.0,0,0,0,0,NO
6,storm-core/src/jvm/storm/trident/partition/GlobalGrouping.java,45,0,0.0,0,0,0.0,0,0,0.0,0,0,0,0,NO
6,storm-core/src/jvm/storm/trident/partition/IdentityGrouping.java,61,0,0.0,0,0,0.0,0,0,0.0,0,0,0,0,NO
6,storm-core/src/jvm/storm/trident/partition/IndexHashGrouping.java,53,0,0.0,0,0,0.0,0,0,0.0,0,0,0,0,NO
6,storm-core/src/jvm/storm/trident/planner/BridgeReceiver.java,38,0,0.0,0,0,0.0,0,0,0.0,0,0,0,0,NO
6,storm-core/src/jvm/storm/trident/planner/Node.java,64,0,0.0,0,0,0.0,0,0,0.0,0,0,0,0,NO
6,storm-core/src/jvm/storm/trident/planner/NodeStateInfo.java,31,0,0.0,0,0,0.0,0,0,0.0,0,0,0,0,NO
6,storm-core/src/jvm/storm/trident/planner/PartitionNode.java,52,0,0.0,0,0,0.0,0,0,0.0,0,0,0,0,NO
6,storm-core/src/jvm/storm/trident/planner/ProcessorContext.java,29,0,0.0,0,0,0.0,0,0,0.0,0,0,0,0,NO
6,storm-core/src/jvm/storm/trident/planner/ProcessorNode.java,33,0,0.0,0,0,0.0,0,0,0.0,0,0,0,0,NO
6,storm-core/src/jvm/storm/trident/planner/SpoutNode.java,39,0,0.0,0,0,0.0,0,0,0.0,0,0,0,0,NO
6,storm-core/src/jvm/storm/trident/planner/SubtopologyBolt.java,218,0,0.0,0,0,0.0,0,0,0.0,0,0,0,0,NO
6,storm-core/src/jvm/storm/trident/planner/TridentProcessor.java,40,0,0.0,0,0,0.0,0,0,0.0,0,0,0,0,NO
6,storm-core/src/jvm/storm/trident/planner/TupleReceiver.java,27,0,0.0,0,0,0.0,0,0,0.0,0,0,0,0,NO
6,storm-core/src/jvm/storm/trident/planner/processor/AggregateProcessor.java,84,0,0.0,0,0,0.0,0,0,0.0,0,0,0,0,NO
6,storm-core/src/jvm/storm/trident/planner/processor/AppendCollector.java,62,0,0.0,0,0,0.0,0,0,0.0,0,0,0,0,NO
6,storm-core/src/jvm/storm/trident/planner/processor/EachProcessor.java,80,0,0.0,0,0,0.0,0,0,0.0,0,0,0,0,NO
6,storm-core/src/jvm/storm/trident/planner/processor/FreshCollector.java,59,0,0.0,0,0,0.0,0,0,0.0,0,0,0,0,NO
6,storm-core/src/jvm/storm/trident/planner/processor/MultiReducerProcessor.java,93,0,0.0,0,0,0.0,0,0,0.0,0,0,0,0,NO
6,storm-core/src/jvm/storm/trident/planner/processor/PartitionPersistProcessor.java,107,0,0.0,0,0,0.0,0,0,0.0,0,0,0,0,NO
6,storm-core/src/jvm/storm/trident/planner/processor/ProjectedProcessor.java,73,0,0.0,0,0,0.0,0,0,0.0,0,0,0,0,NO
6,storm-core/src/jvm/storm/trident/planner/processor/StateQueryProcessor.java,106,0,0.0,0,0,0.0,0,0,0.0,0,0,0,0,NO
6,storm-core/src/jvm/storm/trident/planner/processor/TridentContext.java,76,0,0.0,0,0,0.0,0,0,0.0,0,0,0,0,NO
6,storm-core/src/jvm/storm/trident/spout/BatchSpoutExecutor.java,92,0,0.0,0,0,0.0,0,0,0.0,0,0,0,0,NO
6,storm-core/src/jvm/storm/trident/spout/IBatchID.java,24,0,0.0,0,0,0.0,0,0,0.0,0,0,0,0,NO
6,storm-core/src/jvm/storm/trident/spout/IBatchSpout.java,33,0,0.0,0,0,0.0,0,0,0.0,0,0,0,0,NO
6,storm-core/src/jvm/storm/trident/spout/ICommitterTridentSpout.java,31,0,0.0,0,0,0.0,0,0,0.0,0,0,0,0,NO
6,storm-core/src/jvm/storm/trident/spout/IOpaquePartitionedTridentSpout.java,62,0,0.0,0,0,0.0,0,0,0.0,0,0,0,0,NO
6,storm-core/src/jvm/storm/trident/spout/IPartitionedTridentSpout.java,77,0,0.0,0,0,0.0,0,0,0.0,0,0,0,0,NO
6,storm-core/src/jvm/storm/trident/spout/ISpoutPartition.java,25,0,0.0,0,0,0.0,0,0,0.0,0,0,0,0,NO
6,storm-core/src/jvm/storm/trident/spout/ITridentSpout.java,94,0,0.0,0,0,0.0,0,0,0.0,0,0,0,0,NO
6,storm-core/src/jvm/storm/trident/spout/OpaquePartitionedTridentSpoutExecutor.java,201,0,0.0,0,0,0.0,0,0,0.0,0,0,0,0,NO
6,storm-core/src/jvm/storm/trident/spout/PartitionedTridentSpoutExecutor.java,171,0,0.0,0,0,0.0,0,0,0.0,0,0,0,0,NO
6,storm-core/src/jvm/storm/trident/spout/RichSpoutBatchExecutor.java,199,1,1.0,1,0,0.0,0,1,1.0,1,1,0,1,NO
6,storm-core/src/jvm/storm/trident/spout/RichSpoutBatchId.java,49,0,0.0,0,0,0.0,0,0,0.0,0,0,0,0,NO
6,storm-core/src/jvm/storm/trident/spout/RichSpoutBatchIdSerializer.java,38,0,0.0,0,0,0.0,0,0,0.0,0,0,0,0,NO
6,storm-core/src/jvm/storm/trident/spout/RichSpoutBatchTriggerer.java,178,0,0.0,0,0,0.0,0,0,0.0,0,0,0,0,NO
6,storm-core/src/jvm/storm/trident/spout/TridentSpoutCoordinator.java,94,0,0.0,0,0,0.0,0,0,0.0,0,0,0,0,NO
6,storm-core/src/jvm/storm/trident/spout/TridentSpoutExecutor.java,138,0,0.0,0,0,0.0,0,0,0.0,0,0,0,0,NO
6,storm-core/src/jvm/storm/trident/state/BaseQueryFunction.java,25,0,0.0,0,0,0.0,0,0,0.0,0,0,0,0,NO
6,storm-core/src/jvm/storm/trident/state/BaseStateUpdater.java,25,0,0.0,0,0,0.0,0,0,0.0,0,0,0,0,NO
6,storm-core/src/jvm/storm/trident/state/CombinerValueUpdater.java,36,0,0.0,0,0,0.0,0,0,0.0,0,0,0,0,NO
6,storm-core/src/jvm/storm/trident/state/ITupleCollection.java,26,0,0.0,0,0,0.0,0,0,0.0,0,0,0,0,NO
6,storm-core/src/jvm/storm/trident/state/JSONNonTransactionalSerializer.java,44,0,0.0,0,0,0.0,0,0,0.0,0,0,0,0,NO
6,storm-core/src/jvm/storm/trident/state/JSONOpaqueSerializer.java,52,0,0.0,0,0,0.0,0,0,0.0,0,0,0,0,NO
6,storm-core/src/jvm/storm/trident/state/JSONTransactionalSerializer.java,50,0,0.0,0,0,0.0,0,0,0.0,0,0,0,0,NO
6,storm-core/src/jvm/storm/trident/state/OpaqueValue.java,75,0,0.0,0,0,0.0,0,0,0.0,0,0,0,0,NO
6,storm-core/src/jvm/storm/trident/state/QueryFunction.java,28,0,0.0,0,0,0.0,0,0,0.0,0,0,0,0,NO
6,storm-core/src/jvm/storm/trident/state/ReadOnlyState.java,31,0,0.0,0,0,0.0,0,0,0.0,0,0,0,0,NO
6,storm-core/src/jvm/storm/trident/state/ReducerValueUpdater.java,41,0,0.0,0,0,0.0,0,0,0.0,0,0,0,0,NO
6,storm-core/src/jvm/storm/trident/state/Serializer.java,26,0,0.0,0,0,0.0,0,0,0.0,0,0,0,0,NO
6,storm-core/src/jvm/storm/trident/state/State.java,39,0,0.0,0,0,0.0,0,0,0.0,0,0,0,0,NO
6,storm-core/src/jvm/storm/trident/state/StateFactory.java,26,0,0.0,0,0,0.0,0,0,0.0,0,0,0,0,NO
6,storm-core/src/jvm/storm/trident/state/StateSpec.java,30,0,0.0,0,0,0.0,0,0,0.0,0,0,0,0,NO
6,storm-core/src/jvm/storm/trident/state/StateType.java,25,0,0.0,0,0,0.0,0,0,0.0,0,0,0,0,NO
6,storm-core/src/jvm/storm/trident/state/StateUpdater.java,33,0,0.0,0,0,0.0,0,0,0.0,0,0,0,0,NO
6,storm-core/src/jvm/storm/trident/state/TransactionalValue.java,44,0,0.0,0,0,0.0,0,0,0.0,0,0,0,0,NO
6,storm-core/src/jvm/storm/trident/state/ValueUpdater.java,23,0,0.0,0,0,0.0,0,0,0.0,0,0,0,0,NO
6,storm-core/src/jvm/storm/trident/state/map/CachedBatchReadsMap.java,80,0,0.0,0,0,0.0,0,0,0.0,0,0,0,0,NO
6,storm-core/src/jvm/storm/trident/state/map/CachedMap.java,79,0,0.0,0,0,0.0,0,0,0.0,0,0,0,0,NO
6,storm-core/src/jvm/storm/trident/state/map/IBackingMap.java,26,0,0.0,0,0,0.0,0,0,0.0,0,0,0,0,NO
6,storm-core/src/jvm/storm/trident/state/map/MapCombinerAggStateUpdater.java,83,0,0.0,0,0,0.0,0,0,0.0,0,0,0,0,NO
6,storm-core/src/jvm/storm/trident/state/map/MapReducerAggStateUpdater.java,92,0,0.0,0,0,0.0,0,0,0.0,0,0,0,0,NO
6,storm-core/src/jvm/storm/trident/state/map/MapState.java,26,0,0.0,0,0,0.0,0,0,0.0,0,0,0,0,NO
6,storm-core/src/jvm/storm/trident/state/map/MicroBatchIBackingMap.java,85,0,0.0,0,0,0.0,0,0,0.0,0,0,0,0,NO
6,storm-core/src/jvm/storm/trident/state/map/NonTransactionalMap.java,67,0,0.0,0,0,0.0,0,0,0.0,0,0,0,0,NO
6,storm-core/src/jvm/storm/trident/state/map/OpaqueMap.java,124,0,0.0,0,0,0.0,0,0,0.0,0,0,0,0,NO
6,storm-core/src/jvm/storm/trident/state/map/ReadOnlyMapState.java,26,0,0.0,0,0,0.0,0,0,0.0,0,0,0,0,NO
6,storm-core/src/jvm/storm/trident/state/map/RemovableMapState.java,25,0,0.0,0,0,0.0,0,0,0.0,0,0,0,0,NO
6,storm-core/src/jvm/storm/trident/state/map/SnapshottableMap.java,76,0,0.0,0,0,0.0,0,0,0.0,0,0,0,0,NO
6,storm-core/src/jvm/storm/trident/state/map/TransactionalMap.java,109,0,0.0,0,0,0.0,0,0,0.0,0,0,0,0,NO
6,storm-core/src/jvm/storm/trident/state/snapshot/ReadOnlySnapshottable.java,24,0,0.0,0,0,0.0,0,0,0.0,0,0,0,0,NO
6,storm-core/src/jvm/storm/trident/state/snapshot/Snapshottable.java,27,0,0.0,0,0,0.0,0,0,0.0,0,0,0,0,NO
6,storm-core/src/jvm/storm/trident/testing/CountAsAggregator.java,47,0,0.0,0,0,0.0,0,0,0.0,0,0,0,0,NO
6,storm-core/src/jvm/storm/trident/testing/FeederBatchSpout.java,185,0,0.0,0,0,0.0,0,0,0.0,0,0,0,0,NO
6,storm-core/src/jvm/storm/trident/testing/FeederCommitterBatchSpout.java,96,0,0.0,0,0,0.0,0,0,0.0,0,0,0,0,NO
6,storm-core/src/jvm/storm/trident/testing/FixedBatchSpout.java,97,0,0.0,0,0,0.0,0,0,0.0,0,0,0,0,NO
6,storm-core/src/jvm/storm/trident/testing/IFeeder.java,23,0,0.0,0,0,0.0,0,0,0.0,0,0,0,0,NO
6,storm-core/src/jvm/storm/trident/testing/LRUMemoryMapState.java,154,0,0.0,0,0,0.0,0,0,0.0,0,0,0,0,NO
6,storm-core/src/jvm/storm/trident/testing/MemoryBackingMap.java,47,0,0.0,0,0,0.0,0,0,0.0,0,0,0,0,NO
6,storm-core/src/jvm/storm/trident/testing/MemoryMapState.java,176,0,0.0,0,0,0.0,0,0,0.0,0,0,0,0,NO
6,storm-core/src/jvm/storm/trident/testing/Split.java,36,0,0.0,0,0,0.0,0,0,0.0,0,0,0,0,NO
6,storm-core/src/jvm/storm/trident/testing/StringLength.java,32,0,0.0,0,0,0.0,0,0,0.0,0,0,0,0,NO
6,storm-core/src/jvm/storm/trident/testing/TrueFilter.java,30,0,0.0,0,0,0.0,0,0,0.0,0,0,0,0,NO
6,storm-core/src/jvm/storm/trident/testing/TuplifyArgs.java,37,0,0.0,0,0,0.0,0,0,0.0,0,0,0,0,NO
6,storm-core/src/jvm/storm/trident/topology/BatchInfo.java,33,0,0.0,0,0,0.0,0,0,0.0,0,0,0,0,NO
6,storm-core/src/jvm/storm/trident/topology/ITridentBatchBolt.java,32,0,0.0,0,0,0.0,0,0,0.0,0,0,0,0,NO
6,storm-core/src/jvm/storm/trident/topology/MasterBatchCoordinator.java,289,0,0.0,0,0,0.0,0,0,0.0,0,0,0,0,NO
6,storm-core/src/jvm/storm/trident/topology/TransactionAttempt.java,66,0,0.0,0,0,0.0,0,0,0.0,0,0,0,0,NO
6,storm-core/src/jvm/storm/trident/topology/TridentBoltExecutor.java,426,16,1.7777777777777777,2,9,1.0,1,7,0.7777777777777778,1,9,1,6,YES
6,storm-core/src/jvm/storm/trident/topology/TridentTopologyBuilder.java,733,12,12.0,12,1,1.0,1,11,11.0,11,1,0,1,NO
6,storm-core/src/jvm/storm/trident/topology/state/RotatingTransactionalState.java,147,0,0.0,0,0,0.0,0,0,0.0,0,0,0,0,NO
6,storm-core/src/jvm/storm/trident/topology/state/TestTransactionalState.java,47,0,0.0,0,0,0.0,0,0,0.0,0,0,0,0,NO
6,storm-core/src/jvm/storm/trident/topology/state/TransactionalState.java,171,0,0.0,0,0,0.0,0,0,0.0,0,0,0,0,NO
6,storm-core/src/jvm/storm/trident/tuple/ComboList.java,92,0,0.0,0,0,0.0,0,0,0.0,0,0,0,0,NO
6,storm-core/src/jvm/storm/trident/tuple/ConsList.java,44,0,0.0,0,0,0.0,0,0,0.0,0,0,0,0,NO
6,storm-core/src/jvm/storm/trident/tuple/TridentTuple.java,34,0,0.0,0,0,0.0,0,0,0.0,0,0,0,0,NO
6,storm-core/src/jvm/storm/trident/tuple/TridentTupleView.java,359,0,0.0,0,0,0.0,0,0,0.0,0,0,0,0,NO
6,storm-core/src/jvm/storm/trident/tuple/ValuePointer.java,60,0,0.0,0,0,0.0,0,0,0.0,0,0,0,0,NO
6,storm-core/src/jvm/storm/trident/util/ErrorEdgeFactory.java,28,0,0.0,0,0,0.0,0,0,0.0,0,0,0,0,NO
6,storm-core/src/jvm/storm/trident/util/IndexedEdge.java,50,0,0.0,0,0,0.0,0,0,0.0,0,0,0,0,NO
6,storm-core/src/jvm/storm/trident/util/LRUMap.java,35,0,0.0,0,0,0.0,0,0,0.0,0,0,0,0,NO
6,storm-core/src/jvm/storm/trident/util/TridentUtils.java,142,0,0.0,0,0,0.0,0,0,0.0,0,0,0,0,NO
6,storm-core/test/jvm/backtype/storm/grouping/PartialKeyGroupingTest.java,66,66,66.0,66,0,0.0,0,66,66.0,66,1,0,1,NO
6,storm-core/test/jvm/backtype/storm/serialization/GzipBridgeSerializationDelegateTest.java,82,3,3.0,3,3,3.0,3,0,0.0,0,1,0,1,NO
6,storm-core/test/jvm/backtype/storm/serialization/GzipBridgeThriftSerializationDelegateTest.java,71,568,71.0,71,0,0.0,0,568,71.0,71,8,1,3,NO
6,storm-core/test/jvm/backtype/storm/serialization/ThriftBridgeSerializationDelegateTest.java,60,60,60.0,60,0,0.0,0,60,60.0,60,1,0,1,NO
6,storm-core/test/jvm/backtype/storm/utils/DisruptorQueueTest.java,159,154,22.0,22,112,16.0,16,42,6.0,6,7,2,4,YES
6,storm-core/test/jvm/backtype/storm/utils/StormBoundedExponentialBackoffRetryTest.java,100,0,0.0,0,0,0.0,0,0,0.0,0,0,0,0,NO
