Version,File,LOC,LOC_touched,NR,NFix,NAuth,LOC_added,MAX_LOC_added,AVG_LOC_added,Churn,MAX_Churn,AVG_Churn,ChgSetSize,MAX_ChgSet,AVG_ChgSet,Age,WeightedAge,Buggy
Pre-Release,hedwig-server/src/main/java/org/apache/hedwig/server/common/UnexpectedError.java,36.0,37.0,2,0,2,36.0,35.0,18.0,0.18077803203661327,0.16908212560386474,0.09038901601830664,378,207.0,189.0,-92.0,-3404.0,No
4.2.2,bookkeeper-stats-providers/twitter-science-provider/src/main/java/org/apache/bookkeeper/stats/twitter/science/HTTPStatsExporter.java,77.0,77.0,1,0,1,77.0,77.0,77.0,8.555555555555555,8.555555555555555,8.555555555555555,9,9.0,9.0,692.0,53284.0,No
4.1.0,hedwig-client/src/main/java/org/apache/hedwig/client/data/PubSubData.java,196.0,213.0,6,0,4,196.0,149.0,32.666666666666664,4.406909134597922,1.4615384615384615,0.7344848557663203,439,207.0,73.16666666666667,404.0,86052.0,No
4.2.1,hedwig-server/src/main/java/org/apache/hedwig/server/benchmark/BookieBenchmark.java,151.0,196.0,7,0,4,151.0,103.0,21.571428571428573,1.4682894053659883,0.4975845410628019,0.20975562933799832,569,207.0,81.28571428571429,665.0,130340.0,No
4.1.0,bookkeeper-server/src/main/java/org/apache/bookkeeper/util/StringEntryFormatter.java,47.0,47.0,1,0,1,47.0,47.0,47.0,3.9166666666666665,3.9166666666666665,3.9166666666666665,12,12.0,12.0,189.0,8883.0,No
4.2.2,bookkeeper-server/src/test/java/org/apache/bookkeeper/bookie/BookieShutdownTest.java,144.0,146.0,3,0,1,144.0,72.0,48.0,108.83333333333334,73.0,36.27777777777778,9,6.0,3.0,716.0,104536.0,No
4.2.2,bookkeeper-server/src/main/java/org/apache/bookkeeper/proto/PerChannelBookieClient.java,760.0,1233.0,36,3,5,760.0,98.0,21.11111111111111,375.0286084982526,92.0,10.417461347173683,616,171.0,17.11111111111111,776.0,956808.0,No
4.0.0,hedwig-server/src/main/java/org/apache/hedwig/zookeeper/SafeAsyncCallback.java,36.0,37.0,2,1,2,36.0,35.0,18.0,0.22790565501562945,0.16908212560386474,0.11395282750781473,241,207.0,120.5,162.0,5994.0,No
4.1.0,hedwig-client/src/main/java/org/apache/hedwig/client/benchmark/BenchmarkUtils.java,201.0,211.0,5,1,4,201.0,176.0,40.2,1.9568085643253141,0.8502415458937198,0.3913617128650628,522,207.0,104.4,232.0,48952.0,No
4.2.0,hedwig-client-jms/src/test/java/org/apache/activemq/util/ProducerThread.java,87.0,87.0,1,0,1,87.0,87.0,87.0,0.5918367346938775,0.5918367346938775,0.5918367346938775,147,147.0,147.0,421.0,36627.0,No
4.2.0,hedwig-client-jms/src/test/java/org/apache/activemq/JmsAutoAckTest.java,75.0,75.0,1,0,1,75.0,75.0,75.0,0.5102040816326531,0.5102040816326531,0.5102040816326531,147,147.0,147.0,421.0,31575.0,No
4.1.0,bookkeeper-server/src/main/java/org/apache/bookkeeper/util/Tool.java,43.0,43.0,1,0,1,43.0,43.0,43.0,3.5833333333333335,3.5833333333333335,3.5833333333333335,12,12.0,12.0,189.0,8127.0,No
Pre-Release,bookkeeper/src/main/java/org/apache/bookkeeper/client/PendingReadOp.java,170.0,170.0,1,0,1,170.0,170.0,170.0,0.821256038647343,0.821256038647343,0.821256038647343,207,207.0,207.0,-251.0,-42670.0,No
4.2.0,hedwig-client-jms/src/test/java/org/apache/activemq/usecases/ChangeSentMessageTest.java,62.0,62.0,1,0,1,62.0,62.0,62.0,0.4217687074829932,0.4217687074829932,0.4217687074829932,147,147.0,147.0,421.0,26102.0,No
4.1.0,bookkeeper-server/src/test/java/org/apache/bookkeeper/metastore/MetastoreScannableTableAsyncToSyncConverter.java,59.0,59.0,1,0,1,59.0,59.0,59.0,3.6875,3.6875,3.6875,16,16.0,16.0,338.0,19942.0,No
4.2.2,bookkeeper-stats/src/main/java/org/apache/bookkeeper/stats/Stats.java,63.0,63.0,1,0,1,63.0,63.0,63.0,7.0,7.0,7.0,9,9.0,9.0,692.0,43596.0,No
4.2.1,bookkeeper-server/src/main/java/org/apache/bookkeeper/client/LedgerMetadata.java,531.0,730.0,25,2,5,531.0,153.0,21.24,141.5203097571883,50.0,5.660812390287532,569,171.0,22.76,615.0,448950.0,No
4.2.0,hedwig-server/src/main/java/org/apache/hedwig/server/topics/ZkHubServerManager.java,317.0,326.0,3,0,3,317.0,310.0,105.66666666666667,16.716039630031926,16.31578947368421,5.572013210010642,99,41.0,33.0,429.0,139854.0,No
Pre-Release,{bookkeeper => bookkeeper-server}/src/main/java/org/apache/bookkeeper/bookie/FileInfo.java,0.0,0.0,1,0,1,0.0,0.0,0.0,0.0,0.0,0.0,56,56.0,56.0,-250.0,-0.0,No
4.0.0,hedwig-server/src/main/java/org/apache/hedwig/server/proxy/ProxyStopDeliveryHandler.java,77.0,80.0,3,0,3,77.0,73.0,25.666666666666668,0.6286426679133552,0.3526570048309179,0.2095475559711184,309,207.0,103.0,139.0,11120.0,No
Pre-Release,hedwig-client/src/main/java/org/apache/hedwig/client/api/MessageHandler.java,56.0,64.0,3,0,2,56.0,48.0,18.666666666666668,0.6373421476396305,0.37037037037037035,0.2124473825465435,405,207.0,135.0,-19.0,-1216.0,No
Pre-Release,bookkeeper-server/src/test/java/org/apache/bookkeeper/client/BookKeeperTestClient.java,74.0,77.0,4,0,2,74.0,61.0,18.5,9.212607127218131,8.714285714285714,2.303151781804533,156,93.0,39.0,-18.0,-1386.0,No
4.2.0,hedwig-client-jms/src/main/java/org/apache/hedwig/jms/spi/TopicPublisherImpl.java,227.0,228.0,2,0,2,227.0,226.0,113.5,1.5861954537912726,1.5374149659863945,0.7930977268956363,188,147.0,94.0,429.0,97812.0,No
4.2.1,bookkeeper-server/src/main/java/org/apache/bookkeeper/util/net/DNS.java,356.0,356.0,1,0,1,356.0,356.0,356.0,23.733333333333334,23.733333333333334,23.733333333333334,15,15.0,15.0,556.0,197936.0,No
Pre-Release,bookkeeper/src/main/java/org/apache/bookkeeper/util/OrderedSafeExecutor.java,98.0,98.0,1,0,1,98.0,98.0,98.0,0.47342995169082125,0.47342995169082125,0.47342995169082125,207,207.0,207.0,-251.0,-24598.0,No
4.2.2,bookkeeper-server/src/test/java/org/apache/bookkeeper/replication/BookieLedgerIndexTest.java,282.0,334.0,5,0,2,282.0,233.0,56.4,120.38247863247864,77.66666666666667,24.07649572649573,164,78.0,32.8,677.0,226118.0,No
4.1.0,bookkeeper-server/src/main/java/org/apache/bookkeeper/proto/DataFormats.java,4114.0,4140.0,7,0,2,4114.0,1493.0,587.7142857142857,625.5401382243488,195.5,89.36287688919268,71,19.0,10.142857142857142,373.0,1544220.0,No
4.2.2,bookkeeper-server/src/test/java/org/apache/bookkeeper/test/ConditionalSetTest.java,124.0,130.0,5,0,2,124.0,116.0,24.8,14.70561069754618,14.5,2.941122139509236,290,93.0,58.0,677.0,88010.0,No
4.2.2,bookkeeper-server/src/main/java/org/apache/bookkeeper/bookie/Bookie.java,2261.0,3819.0,68,2,5,2261.0,275.0,33.25,693.4183364145835,118.66666666666667,10.197328476685051,1043,171.0,15.338235294117647,776.0,2963544.0,No
4.2.1,hedwig-client/src/main/java/org/apache/hedwig/client/netty/HedwigClientImpl.java,115.0,471.0,11,0,2,115.0,29.0,10.454545454545455,27.85569980514952,10.387096774193548,2.5323363459226838,198,39.0,18.0,665.0,313215.0,No
4.2.2,bookkeeper-server/src/main/java/org/apache/bookkeeper/bookie/EntryKey.java,83.0,83.0,1,0,1,83.0,83.0,83.0,6.384615384615385,6.384615384615385,6.384615384615385,13,13.0,13.0,685.0,56855.0,No
4.2.0,hedwig-client-jms/src/test/java/org/apache/activemq/perf/NumberOfDestinationsTest.java,88.0,88.0,1,0,1,88.0,88.0,88.0,0.5986394557823129,0.5986394557823129,0.5986394557823129,147,147.0,147.0,421.0,37048.0,No
Pre-Release,{bookkeeper => bookkeeper-server}/src/main/java/org/apache/bookkeeper/proto/PerChannelBookieClient.java,0.0,0.0,1,0,1,0.0,0.0,0.0,0.0,0.0,0.0,56,56.0,56.0,-250.0,-0.0,No
4.0.0,hedwig-client/src/main/java/org/apache/hedwig/util/HedwigSocketAddress.java,143.0,143.0,2,1,2,143.0,138.0,71.5,0.8137254901960784,0.6666666666666666,0.4068627450980392,241,207.0,120.5,162.0,23166.0,No
4.0.0,bookkeeper-server/src/main/java/org/apache/bookkeeper/meta/SnapshotMap.java,132.0,132.0,1,0,1,132.0,132.0,132.0,22.0,22.0,22.0,6,6.0,6.0,115.0,15180.0,No
Pre-Release,bookkeeper/src/main/java/org/apache/bookkeeper/client/SyncCounter.java,85.0,85.0,1,0,1,85.0,85.0,85.0,0.4106280193236715,0.4106280193236715,0.4106280193236715,207,207.0,207.0,-251.0,-21335.0,No
4.2.0,hedwig-client-jms/src/test/java/org/apache/activemq/AutoFailTestSupport.java,153.0,153.0,1,0,1,153.0,153.0,153.0,1.0408163265306123,1.0408163265306123,1.0408163265306123,147,147.0,147.0,421.0,64413.0,No
4.1.0,hedwig-client/src/main/java/org/apache/hedwig/filter/ClientMessageFilter.java,24.0,24.0,1,0,1,24.0,24.0,24.0,1.5,1.5,1.5,16,16.0,16.0,271.0,6504.0,No
4.2.0,hedwig-client-jms/src/main/java/org/apache/hedwig/jms/DebugUtil.java,69.0,69.0,1,0,1,69.0,69.0,69.0,0.46938775510204084,0.46938775510204084,0.46938775510204084,147,147.0,147.0,421.0,29049.0,No
Pre-Release,bookkeeper-server/src/main/java/org/apache/bookkeeper/client/SyncCounter.java,1.0,2.0,1,0,1,1.0,1.0,1.0,0.011695906432748537,0.011695906432748537,0.011695906432748537,171,171.0,171.0,-92.0,-184.0,No
Pre-Release,bookkeeper/src/main/java/org/apache/bookkeeper/streaming/LedgerOutputStream.java,147.0,147.0,1,0,1,147.0,147.0,147.0,0.7101449275362319,0.7101449275362319,0.7101449275362319,207,207.0,207.0,-251.0,-36897.0,No
4.2.0,bookkeeper-server/src/main/java/org/apache/bookkeeper/metastore/Value.java,157.0,158.0,2,0,2,157.0,154.0,78.5,9.722560975609756,9.625,4.861280487804878,57,41.0,28.5,429.0,67782.0,No
4.1.0,hedwig-server/src/main/java/org/apache/hedwig/server/delivery/ChannelEndPoint.java,90.0,90.0,3,1,3,90.0,81.0,30.0,2.175618073316283,1.6666666666666667,0.7252060244387609,244,207.0,81.33333333333333,401.0,36090.0,No
4.2.0,hedwig-client-jms/src/test/java/org/apache/activemq/test/JmsSendReceiveTestSupport.java,273.0,273.0,1,0,1,273.0,273.0,273.0,1.8571428571428572,1.8571428571428572,1.8571428571428572,147,147.0,147.0,421.0,114933.0,No
4.0.0,hedwig-server/src/main/java/org/apache/hedwig/server/regions/HedwigHubSubscriber.java,94.0,102.0,4,0,3,94.0,70.0,23.5,2.0715575635484105,1.5384615384615385,0.5178893908871026,418,207.0,104.5,98.0,9996.0,No
4.2.2,bookkeeper-server/src/main/java/org/apache/bookkeeper/meta/HierarchicalLedgerManager.java,738.0,1000.0,17,0,3,738.0,514.0,43.411764705882355,66.80933510933511,15.575757575757576,3.929960888784418,227,44.0,13.352941176470589,772.0,772000.0,No
4.2.1,bookkeeper-server/src/test/java/org/apache/bookkeeper/client/TestRackawareEnsemblePlacementPolicy.java,286.0,293.0,3,0,2,286.0,254.0,95.33333333333333,25.8768115942029,12.5,8.6256038647343,31,23.0,10.333333333333334,595.0,174335.0,No
4.2.0,hedwig-client-jms/src/main/java/org/apache/hedwig/jms/selector/SelectorEvaluationException.java,39.0,39.0,1,0,1,39.0,39.0,39.0,0.2653061224489796,0.2653061224489796,0.2653061224489796,147,147.0,147.0,421.0,16419.0,No
Pre-Release,{bookkeeper => bookkeeper-server}/src/main/java/org/apache/bookkeeper/streaming/LedgerOutputStream.java,0.0,0.0,1,0,1,0.0,0.0,0.0,0.0,0.0,0.0,56,56.0,56.0,-250.0,-0.0,No
4.0.0,hedwig-server/src/main/java/org/apache/hedwig/server/jmx/HedwigJMXService.java,37.0,37.0,1,0,1,37.0,37.0,37.0,9.25,9.25,9.25,4,4.0,4.0,103.0,3811.0,No
4.1.0,hedwig-server/src/main/java/org/apache/hedwig/server/topics/HubInfo.java,162.0,162.0,1,0,1,162.0,162.0,162.0,8.526315789473685,8.526315789473685,8.526315789473685,19,19.0,19.0,243.0,39366.0,No
4.2.0,hedwig-client-jms/src/test/java/org/apache/activemq/perf/SimpleTopicTest.java,181.0,181.0,1,0,1,181.0,181.0,181.0,1.2312925170068028,1.2312925170068028,1.2312925170068028,147,147.0,147.0,421.0,76201.0,No
4.2.0,hedwig-client-jms/src/test/java/org/apache/activemq/RedeliveryPolicyTest.java,145.0,145.0,1,0,1,145.0,145.0,145.0,0.9863945578231292,0.9863945578231292,0.9863945578231292,147,147.0,147.0,421.0,61045.0,No
4.2.0,bookkeeper-server/src/main/java/org/apache/bookkeeper/util/HardLink.java,675.0,683.0,3,1,2,675.0,665.0,225.0,332.97024390243905,332.5,110.99008130081302,68,41.0,22.666666666666668,429.0,293007.0,No
4.2.1,bookkeeper-server/src/main/java/org/apache/bookkeeper/util/LocalBookKeeper.java,290.0,526.0,13,2,5,290.0,101.0,22.307692307692307,103.01835972623087,50.5,7.9244892097100665,492,171.0,37.84615384615385,556.0,292456.0,No
Pre-Release,bookkeeper/src/main/java/org/apache/bookkeeper/util/MathUtils.java,38.0,38.0,1,0,1,38.0,38.0,38.0,0.18357487922705315,0.18357487922705315,0.18357487922705315,207,207.0,207.0,-251.0,-9538.0,No
4.0.0,hedwig-server/src/main/java/org/apache/hedwig/server/persistence/ReadAheadCacheMXBean.java,45.0,45.0,1,0,1,45.0,45.0,45.0,2.8125,2.8125,2.8125,16,16.0,16.0,113.0,5085.0,No
4.2.2,bookkeeper-server/src/main/java/org/apache/bookkeeper/bookie/Journal.java,1018.0,1197.0,18,2,3,1018.0,550.0,56.55555555555556,145.985888000888,91.66666666666667,8.110327111160444,267,72.0,14.833333333333334,776.0,928872.0,No
4.2.0,hedwig-client-jms/src/test/java/org/apache/activemq/perf/InactiveDurableTopicTest.java,171.0,171.0,1,0,1,171.0,171.0,171.0,1.163265306122449,1.163265306122449,1.163265306122449,147,147.0,147.0,421.0,71991.0,No
4.2.0,hedwig-client-jms/src/test/java/org/apache/activemq/usecases/PublishOnDurableTopicConsumedMessageTest.java,27.0,27.0,1,0,1,27.0,27.0,27.0,0.1836734693877551,0.1836734693877551,0.1836734693877551,147,147.0,147.0,421.0,11367.0,No
4.2.2,bookkeeper-server/src/test/java/org/apache/bookkeeper/bookie/CompactionTest.java,679.0,798.0,14,0,3,679.0,317.0,48.5,183.23457653457655,71.0,13.088184038184039,261,78.0,18.642857142857142,777.0,620046.0,No
4.2.2,bookkeeper-server/src/main/java/org/apache/bookkeeper/replication/BookieLedgerIndexer.java,143.0,150.0,4,0,2,143.0,139.0,35.75,47.29242424242425,46.333333333333336,11.823106060606062,45,20.0,11.25,772.0,115800.0,No
4.2.2,bookkeeper-server/src/main/java/org/apache/bookkeeper/util/EntryFormatter.java,78.0,79.0,2,0,1,78.0,77.0,39.0,6.444444444444445,6.416666666666667,3.2222222222222223,84,72.0,42.0,677.0,53483.0,No
4.2.1,bookkeeper-server/src/main/java/org/apache/bookkeeper/meta/ZkLedgerUnderreplicationManager.java,634.0,703.0,16,1,4,634.0,394.0,39.625,108.58132017034455,43.77777777777778,6.786332510646535,143,41.0,8.9375,624.0,438672.0,No
4.2.1,bookkeeper-server/src/main/java/org/apache/bookkeeper/bookie/ScanAndCompareGarbageCollector.java,122.0,136.0,2,0,2,122.0,108.0,61.0,8.02020202020202,4.909090909090909,4.01010101010101,31,22.0,15.5,484.0,65824.0,No
4.2.0,hedwig-client-jms/src/test/java/org/apache/activemq/test/JmsTopicSendReceiveTest.java,116.0,116.0,1,0,1,116.0,116.0,116.0,0.7891156462585034,0.7891156462585034,0.7891156462585034,147,147.0,147.0,421.0,48836.0,No
4.2.0,hedwig-client-jms/src/test/java/org/apache/activemq/test/JmsTopicSendReceiveWithTwoConnectionsTest.java,129.0,129.0,1,0,1,129.0,129.0,129.0,0.8775510204081632,0.8775510204081632,0.8775510204081632,147,147.0,147.0,421.0,54309.0,No
4.1.0,hedwig-client/src/main/java/org/apache/hedwig/client/exceptions/ResubscribeException.java,34.0,34.0,1,0,1,34.0,34.0,34.0,2.4285714285714284,2.4285714285714284,2.4285714285714284,14,14.0,14.0,392.0,13328.0,No
4.2.0,hedwig-client-jms/src/main/java/org/apache/hedwig/jms/selector/ExprFunction.java,25.0,25.0,1,0,1,25.0,25.0,25.0,0.17006802721088435,0.17006802721088435,0.17006802721088435,147,147.0,147.0,421.0,10525.0,No
Pre-Release,hedwig-client/src/main/java/org/apache/hedwig/util/ConcurrencyUtils.java,49.0,49.0,1,0,1,49.0,49.0,49.0,0.23671497584541062,0.23671497584541062,0.23671497584541062,207,207.0,207.0,-251.0,-12299.0,No
4.1.0,hedwig-server/src/main/java/org/apache/hedwig/server/meta/MetadataManagerFactory.java,241.0,269.0,4,0,1,241.0,163.0,60.25,19.749373433583962,10.875,4.9373433583959905,58,24.0,14.5,358.0,96302.0,No
4.2.1,bookkeeper-server/src/main/java/org/apache/bookkeeper/conf/Configurable.java,47.0,47.0,1,0,1,47.0,47.0,47.0,2.0434782608695654,2.0434782608695654,2.0434782608695654,23,23.0,23.0,553.0,25991.0,No
4.2.0,hedwig-client-jms/src/test/java/org/apache/activemq/JmsSendReceiveTestSupport.java,234.0,234.0,1,0,1,234.0,234.0,234.0,1.5918367346938775,1.5918367346938775,1.5918367346938775,147,147.0,147.0,421.0,98514.0,No
Pre-Release,bookkeeper/src/main/java/org/apache/bookkeeper/proto/PerChannelBookieClient.java,573.0,573.0,1,0,1,573.0,573.0,573.0,2.7681159420289854,2.7681159420289854,2.7681159420289854,207,207.0,207.0,-251.0,-143823.0,No
4.1.0,bookkeeper-server/src/test/java/org/apache/bookkeeper/test/MultiLedgerManagerTestCase.java,56.0,56.0,2,0,1,56.0,55.0,28.0,1.3611111111111112,1.25,0.6805555555555556,53,44.0,26.5,371.0,20776.0,No
4.2.2,bookkeeper-stats-providers/twitter-science-provider/src/main/java/org/apache/bookkeeper/stats/twitter/science/TwitterStatsProvider.java,63.0,63.0,1,0,1,63.0,63.0,63.0,7.0,7.0,7.0,9,9.0,9.0,692.0,43596.0,No
4.1.0,hedwig-server/src/main/java/org/apache/hedwig/server/proxy/ProxyCloseSubscriptionHandler.java,70.0,70.0,1,0,1,70.0,70.0,70.0,2.8,2.8,2.8,25,25.0,25.0,331.0,23170.0,No
4.2.1,bookkeeper-server/src/main/java/org/apache/bookkeeper/replication/Auditor.java,622.0,727.0,8,0,2,622.0,234.0,77.75,106.13223443223444,58.5,13.266529304029305,94,39.0,11.75,643.0,467461.0,No
Pre-Release,bookkeeper/src/main/java/org/apache/bookkeeper/proto/BookieClient.java,178.0,178.0,1,0,1,178.0,178.0,178.0,0.8599033816425121,0.8599033816425121,0.8599033816425121,207,207.0,207.0,-251.0,-44678.0,No
Pre-Release,bookkeeper/src/main/java/org/apache/bookkeeper/client/BookieWatcher.java,204.0,204.0,1,0,1,204.0,204.0,204.0,0.9855072463768116,0.9855072463768116,0.9855072463768116,207,207.0,207.0,-251.0,-51204.0,No
Pre-Release,hedwig-server/src/main/java/org/apache/hedwig/server/delivery/DeliveryCallback.java,27.0,27.0,1,0,1,27.0,27.0,27.0,0.13043478260869565,0.13043478260869565,0.13043478260869565,207,207.0,207.0,-251.0,-6777.0,No
4.2.0,hedwig-server/src/test/java/org/apache/hedwig/server/topics/TestZkTopicManager.java,390.0,404.0,7,0,3,390.0,311.0,55.714285714285715,8.510407419815406,4.25,1.215772488545058,582,207.0,83.14285714285714,474.0,191496.0,No
4.2.2,bookkeeper-server/src/test/java/org/apache/bookkeeper/client/LedgerRecoveryTest.java,212.0,224.0,5,0,2,212.0,139.0,42.4,45.31858045336306,27.8,9.063716090672612,182,78.0,36.4,677.0,151648.0,No
4.2.0,hedwig-client-jms/src/test/java/org/apache/activemq/usecases/ObjectMessageNotSerializableTest.java,241.0,241.0,1,0,1,241.0,241.0,241.0,1.6394557823129252,1.6394557823129252,1.6394557823129252,147,147.0,147.0,421.0,101461.0,No
4.2.2,bookkeeper-server/src/test/java/org/apache/bookkeeper/replication/AuditorBookieTest.java,354.0,420.0,9,0,2,354.0,277.0,39.333333333333336,85.98768453768454,69.25,9.554187170853838,215,78.0,23.88888888888889,677.0,284340.0,No
4.2.2,bookkeeper-server/src/main/java/org/apache/bookkeeper/client/LedgerDeleteOp.java,36.0,62.0,7,0,3,36.0,11.0,5.142857142857143,3.6568469071015763,1.8,0.5224067010145109,378,171.0,54.0,776.0,48112.0,No
4.2.2,bookkeeper-server/src/main/java/org/apache/bookkeeper/bookie/LedgerCacheImpl.java,1122.0,2069.0,24,2,4,1122.0,712.0,46.75,326.2402119019192,91.0,13.593342162579967,277,44.0,11.541666666666666,685.0,1417265.0,No
4.2.2,bookkeeper-server/src/main/java/org/apache/bookkeeper/bookie/LedgerCacheMXBean.java,60.0,70.0,2,0,1,60.0,60.0,30.0,5.769230769230769,5.0,2.8846153846153846,25,13.0,12.5,685.0,47950.0,No
4.2.0,bookkeeper-server/src/main/java/org/apache/bookkeeper/bookie/BookieException.java,112.0,148.0,6,1,4,112.0,58.0,18.666666666666668,4.901873246802643,3.5,0.8169788744671073,300,171.0,50.0,429.0,63492.0,No
4.2.2,bookkeeper-server/src/test/java/org/apache/bookkeeper/meta/TestLedgerManager.java,363.0,400.0,8,0,3,363.0,261.0,45.375,17.539774401843367,7.909090909090909,2.192471800230421,307,78.0,38.375,677.0,270800.0,No
4.2.1,bookkeeper-server/src/test/java/org/apache/bookkeeper/replication/BookieAutoRecoveryTest.java,419.0,420.0,2,0,2,419.0,418.0,209.5,139.46666666666667,139.33333333333334,69.73333333333333,18,15.0,9.0,556.0,233520.0,No
4.1.0,hedwig-client/src/main/java/org/apache/hedwig/client/netty/impl/HChannelImpl.java,371.0,371.0,1,0,1,371.0,371.0,371.0,11.96774193548387,11.96774193548387,11.96774193548387,31,31.0,31.0,294.0,109074.0,No
4.2.0,bookkeeper-server/src/main/java/org/apache/bookkeeper/proto/NIOServerFactory.java,77.0,675.0,14,2,4,77.0,31.0,5.5,61.38544591043742,50.72727272727273,4.384674707888387,451,171.0,32.214285714285715,433.0,292275.0,No
4.2.0,hedwig-client-jms/src/test/java/org/apache/activemq/JmsTransactionTestSupport.java,692.0,692.0,1,0,1,692.0,692.0,692.0,4.707482993197279,4.707482993197279,4.707482993197279,147,147.0,147.0,421.0,291332.0,No
4.1.0,hedwig-client/src/test/java/org/apache/hedwig/util/TestPathUtils.java,56.0,58.0,2,0,2,56.0,54.0,28.0,0.31215161649944256,0.2608695652173913,0.15607580824972128,285,207.0,142.5,388.0,22504.0,No
Pre-Release,hedwig-server/src/test/java/org/apache/hedwig/server/netty/WriteRecordingChannel.java,170.0,170.0,1,0,1,170.0,170.0,170.0,0.821256038647343,0.821256038647343,0.821256038647343,207,207.0,207.0,-251.0,-42670.0,No
4.2.0,hedwig-client-jms/src/test/java/org/apache/activemq/usecases/CompositePublishTest.java,145.0,145.0,2,0,2,145.0,143.0,72.5,1.0240711669283098,0.9727891156462585,0.5120355834641549,186,147.0,93.0,474.0,68730.0,No
4.1.0,hedwig-server/src/main/java/org/apache/hedwig/server/persistence/CancelScanRequest.java,27.0,27.0,1,0,1,27.0,27.0,27.0,4.5,4.5,4.5,6,6.0,6.0,399.0,10773.0,No
Pre-Release,{bookkeeper => bookkeeper-server}/src/test/java/org/apache/bookkeeper/test/CloseTest.java,0.0,0.0,1,0,1,0.0,0.0,0.0,0.0,0.0,0.0,56,56.0,56.0,-250.0,-0.0,No
4.2.0,hedwig-client-jms/src/test/java/org/apache/activemq/JmsRollbackRedeliveryTest.java,339.0,339.0,1,0,1,339.0,339.0,339.0,2.306122448979592,2.306122448979592,2.306122448979592,147,147.0,147.0,421.0,142719.0,No
4.2.0,hedwig-client-jms/src/main/java/org/apache/hedwig/jms/selector/LogicalComparisonFunction.java,64.0,64.0,1,0,1,64.0,64.0,64.0,0.43537414965986393,0.43537414965986393,0.43537414965986393,147,147.0,147.0,421.0,26944.0,No
4.1.0,hedwig-server/src/main/java/org/apache/hedwig/server/subscriptions/TrueFilter.java,33.0,66.0,3,1,2,33.0,32.0,11.0,1.6679583559378957,1.4545454545454546,0.5559861186459653,263,207.0,87.66666666666667,264.0,17424.0,No
4.2.2,bookkeeper-stats-providers/twitter-science-provider/src/main/java/org/apache/bookkeeper/stats/twitter/science/TwitterStatsLoggerImpl.java,72.0,72.0,1,0,1,72.0,72.0,72.0,8.0,8.0,8.0,9,9.0,9.0,692.0,49824.0,No
Pre-Release,bookkeeper/src/test/java/org/apache/bookkeeper/test/LoopbackClient.java,117.0,117.0,1,0,1,117.0,117.0,117.0,0.5652173913043478,0.5652173913043478,0.5652173913043478,207,207.0,207.0,-251.0,-29367.0,No
Pre-Release,bookkeeper/src/main/java/org/apache/bookkeeper/client/BookKeeper.java,410.0,410.0,1,0,1,410.0,410.0,410.0,1.9806763285024154,1.9806763285024154,1.9806763285024154,207,207.0,207.0,-251.0,-102910.0,No
4.1.0,bookkeeper-server/src/main/java/org/apache/bookkeeper/replication/ReplicationException.java,81.0,88.0,3,0,2,81.0,63.0,27.0,68.22222222222223,63.0,22.740740740740744,13,9.0,4.333333333333333,264.0,23232.0,No
4.2.2,bookkeeper-server/src/test/java/org/apache/bookkeeper/test/ReadOnlyBookieTest.java,294.0,294.0,6,0,3,294.0,166.0,49.0,43.81547619047619,18.0,7.302579365079365,41,14.0,6.833333333333333,777.0,228438.0,No
4.2.2,bookkeeper-server/src/main/java/org/apache/bookkeeper/streaming/LedgerOutputStream.java,12.0,23.0,3,0,2,12.0,8.0,4.0,0.17510847009998112,0.0935672514619883,0.05836949003332704,336,171.0,112.0,677.0,15571.0,No
4.1.0,hedwig-server/src/main/java/org/apache/hedwig/server/subscriptions/InMemorySubscriptionManager.java,146.0,167.0,7,0,4,146.0,78.0,20.857142857142858,21.49026188660056,8.0,3.0700374123715086,422,207.0,60.285714285714285,360.0,60120.0,No
4.1.0,hedwig-server/src/main/java/org/apache/hedwig/server/handlers/CloseSubscriptionHandler.java,105.0,105.0,1,0,1,105.0,105.0,105.0,7.5,7.5,7.5,14,14.0,14.0,320.0,33600.0,No
Pre-Release,{bookkeeper => bookkeeper-server}/src/main/java/org/apache/bookkeeper/client/SyncCounter.java,0.0,0.0,1,0,1,0.0,0.0,0.0,0.0,0.0,0.0,56,56.0,56.0,-250.0,-0.0,No
4.1.0,hedwig-server/src/main/java/org/apache/hedwig/server/netty/PubSubServerBean.java,84.0,85.0,2,0,1,84.0,77.0,42.0,7.479166666666666,4.8125,3.739583333333333,19,16.0,9.5,240.0,20400.0,No
Pre-Release,hedwig-server/src/main/java/org/apache/hedwig/server/handlers/ChannelDisconnectListener.java,30.0,31.0,2,0,2,30.0,29.0,15.0,0.15179252479023647,0.14009661835748793,0.07589626239511824,378,207.0,189.0,-92.0,-2852.0,No
Pre-Release,hedwig-server/src/main/java/org/apache/hedwig/server/handlers/Handler.java,40.0,43.0,2,0,2,40.0,37.0,20.0,0.2138316806509026,0.178743961352657,0.1069158403254513,378,207.0,189.0,-92.0,-3956.0,No
4.2.2,bookkeeper-server/src/main/java/org/apache/bookkeeper/bookie/BufferedChannel.java,142.0,248.0,7,0,4,142.0,69.0,20.285714285714285,30.951248313090417,18.25,4.421606901870059,226,171.0,32.285714285714285,777.0,192696.0,No
Pre-Release,hedwig-server/src/main/java/org/apache/hedwig/zookeeper/SafeAsyncZKCallback.java,99.0,100.0,2,0,2,99.0,98.0,49.5,0.4851258581235698,0.47342995169082125,0.2425629290617849,378,207.0,189.0,-92.0,-9200.0,No
Pre-Release,bookkeeper/src/main/java/org/apache/bookkeeper/client/MacDigestManager.java,67.0,67.0,1,0,1,67.0,67.0,67.0,0.32367149758454106,0.32367149758454106,0.32367149758454106,207,207.0,207.0,-251.0,-16817.0,No
4.2.0,hedwig-client-jms/src/main/java/org/apache/hedwig/jms/message/TextMessageImpl.java,135.0,135.0,1,0,1,135.0,135.0,135.0,0.9183673469387755,0.9183673469387755,0.9183673469387755,147,147.0,147.0,421.0,56835.0,No
4.2.0,hedwig-client-jms/src/test/java/org/apache/activemq/perf/SimpleNetworkTest.java,79.0,79.0,1,0,1,79.0,79.0,79.0,0.5374149659863946,0.5374149659863946,0.5374149659863946,147,147.0,147.0,421.0,33259.0,No
4.2.1,hedwig-server/src/test/java/org/apache/hedwig/client/TestPubSubClient.java,764.0,821.0,14,0,4,764.0,230.0,54.57142857142857,29.745452457999146,9.38888888888889,2.1246751755713675,686,207.0,49.0,595.0,488495.0,No
4.1.0,hedwig-client/src/main/java/org/apache/hedwig/client/netty/impl/DefaultServerChannel.java,92.0,92.0,1,0,1,92.0,92.0,92.0,2.967741935483871,2.967741935483871,2.967741935483871,31,31.0,31.0,294.0,27048.0,No
4.2.0,hedwig-client-jms/src/main/java/org/apache/hedwig/jms/spi/MessageProducerImpl.java,117.0,117.0,1,0,1,117.0,117.0,117.0,0.7959183673469388,0.7959183673469388,0.7959183673469388,147,147.0,147.0,421.0,49257.0,No
4.1.0,hedwig-client/src/main/java/org/apache/hedwig/client/handlers/MessageConsumeCallback.java,182.0,247.0,7,0,4,182.0,95.0,26.0,8.895942310794307,5.0,1.2708489015420439,575,207.0,82.14285714285714,294.0,72618.0,No
Pre-Release,hedwig-client/src/main/java/org/apache/hedwig/client/data/TopicSubscriber.java,78.0,82.0,2,0,2,78.0,74.0,39.0,0.40427154843630814,0.357487922705314,0.20213577421815407,378,207.0,189.0,-92.0,-7544.0,No
Pre-Release,{bookkeeper => bookkeeper-server}/src/main/java/org/apache/bookkeeper/client/BKException.java,0.0,0.0,1,0,1,0.0,0.0,0.0,0.0,0.0,0.0,56,56.0,56.0,-250.0,-0.0,No
4.2.2,bookkeeper-server/src/main/java/org/apache/bookkeeper/bookie/LedgerEntryPage.java,128.0,183.0,5,1,2,128.0,106.0,25.6,12.675285650022492,11.615384615384615,2.5350571300044984,263,171.0,52.6,685.0,125355.0,No
4.1.0,hedwig-client/src/main/java/org/apache/hedwig/client/netty/impl/multiplex/MultiplexSubscriptionChannelPipelineFactory.java,49.0,49.0,1,0,1,49.0,49.0,49.0,1.96,1.96,1.96,25,25.0,25.0,331.0,16219.0,No
4.1.0,hedwig-server/src/main/java/org/apache/hedwig/data/MessageFormatter.java,123.0,123.0,1,0,1,123.0,123.0,123.0,10.25,10.25,10.25,12,12.0,12.0,189.0,23247.0,No
4.1.0,hedwig-client/src/main/java/org/apache/hedwig/client/{handlers => netty/impl/simple}/SubscribeReconnectCallback.java,26.0,69.0,1,0,1,26.0,26.0,26.0,2.225806451612903,2.225806451612903,2.225806451612903,31,31.0,31.0,294.0,20286.0,No
4.2.1,bookkeeper-server/src/test/java/org/apache/bookkeeper/meta/GcLedgersTest.java,315.0,358.0,9,0,3,315.0,167.0,35.0,69.84807590070747,27.833333333333332,7.76089732230083,191,78.0,21.22222222222222,600.0,214800.0,No
Pre-Release,{bookkeeper => bookkeeper-server}/src/main/java/org/apache/bookkeeper/client/LedgerCreateOp.java,0.0,0.0,1,0,1,0.0,0.0,0.0,0.0,0.0,0.0,56,56.0,56.0,-250.0,-0.0,No
Pre-Release,hedwig-client/src/main/java/org/apache/hedwig/client/HedwigClient.java,72.0,72.0,1,0,1,72.0,72.0,72.0,2.6666666666666665,2.6666666666666665,2.6666666666666665,27,27.0,27.0,-19.0,-1368.0,No
4.2.1,bookkeeper-server/src/main/java/org/apache/bookkeeper/client/BookiesListener.java,27.0,27.0,1,0,1,27.0,27.0,27.0,2.25,2.25,2.25,12,12.0,12.0,623.0,16821.0,No
4.2.0,hedwig-client-jms/src/test/java/org/apache/hedwig/jms/selector/BasicSelectorGrammarTest.java,376.0,376.0,1,0,1,376.0,376.0,376.0,2.557823129251701,2.557823129251701,2.557823129251701,147,147.0,147.0,421.0,158296.0,No
4.1.0,hedwig-server/src/test/java/org/apache/hedwig/server/PubSubServerStandAloneTestBase.java,118.0,133.0,7,1,4,118.0,61.0,16.857142857142858,3.806870500775635,1.2777777777777777,0.5438386429679479,405,207.0,57.857142857142854,392.0,52136.0,No
4.1.0,hedwig-server/src/test/java/org/apache/hedwig/server/TestPubSubServerStartup.java,152.0,165.0,7,1,3,152.0,128.0,21.714285714285715,65.25634597510711,64.0,9.322335139301016,417,171.0,59.57142857142857,388.0,64020.0,No
4.2.1,hedwig-server/src/main/java/org/apache/hedwig/server/netty/PubSubServer.java,621.0,707.0,20,1,4,621.0,364.0,31.05,47.599142430933114,17.333333333333332,2.3799571215466555,721,207.0,36.05,665.0,470155.0,No
4.2.0,hedwig-client-jms/src/test/java/org/apache/activemq/util/DefaultTestAppender.java,82.0,82.0,1,0,1,82.0,82.0,82.0,0.5578231292517006,0.5578231292517006,0.5578231292517006,147,147.0,147.0,421.0,34522.0,No
Pre-Release,bookkeeper/src/main/java/org/apache/bookkeeper/bookie/LedgerCache.java,536.0,536.0,1,0,1,536.0,536.0,536.0,2.5893719806763285,2.5893719806763285,2.5893719806763285,207,207.0,207.0,-251.0,-134536.0,No
4.2.0,hedwig-client-jms/src/test/java/org/apache/activemq/test/JmsTopicSendReceiveWithTwoConnectionsAndByteSelectorTest.java,35.0,35.0,1,0,1,35.0,35.0,35.0,0.23809523809523808,0.23809523809523808,0.23809523809523808,147,147.0,147.0,421.0,14735.0,No
Pre-Release,bookkeeper/src/test/java/org/apache/bookkeeper/test/BaseTestCase.java,176.0,176.0,1,0,1,176.0,176.0,176.0,0.8502415458937198,0.8502415458937198,0.8502415458937198,207,207.0,207.0,-251.0,-44176.0,No
Pre-Release,bookkeeper/src/main/java/org/apache/bookkeeper/client/RoundRobinDistributionSchedule.java,87.0,87.0,1,0,1,87.0,87.0,87.0,0.42028985507246375,0.42028985507246375,0.42028985507246375,207,207.0,207.0,-251.0,-21837.0,No
4.2.2,bookkeeper-server/src/test/java/org/apache/bookkeeper/conf/TestBKConfiguration.java,32.0,32.0,1,0,1,32.0,32.0,32.0,32.0,32.0,32.0,1,1.0,1.0,675.0,21600.0,No
4.2.0,hedwig-client-jms/src/test/java/org/apache/activemq/JmsClientAckTest.java,148.0,148.0,1,0,1,148.0,148.0,148.0,1.0068027210884354,1.0068027210884354,1.0068027210884354,147,147.0,147.0,421.0,62308.0,No
4.2.2,bookkeeper-server/src/main/java/org/apache/bookkeeper/proto/BookieClient.java,195.0,258.0,17,1,4,195.0,41.0,11.470588235294118,54.33559745337459,19.0,3.1962116149043878,452,171.0,26.58823529411765,776.0,200208.0,No
4.1.0,bookkeeper-server/src/test/java/org/apache/bookkeeper/replication/TestAutoRecoveryAlongWithBookieServers.java,99.0,99.0,1,0,1,99.0,99.0,99.0,11.0,11.0,11.0,9,9.0,9.0,404.0,39996.0,No
4.1.0,bookkeeper-server/src/main/java/org/apache/bookkeeper/metastore/MetaStore.java,79.0,79.0,1,0,1,79.0,79.0,79.0,4.9375,4.9375,4.9375,16,16.0,16.0,338.0,26702.0,No
4.0.0,hedwig-server/src/main/java/org/apache/hedwig/server/handlers/BaseHandler.java,83.0,99.0,3,0,3,83.0,64.0,27.666666666666668,0.6838132468853293,0.30917874396135264,0.22793774896177643,394,207.0,131.33333333333334,113.0,11187.0,No
4.2.1,bookkeeper-server/src/main/java/org/apache/bookkeeper/net/ScriptBasedMapping.java,264.0,264.0,1,0,1,264.0,264.0,264.0,11.478260869565217,11.478260869565217,11.478260869565217,23,23.0,23.0,553.0,145992.0,No
Pre-Release,{bookkeeper => bookkeeper-server}/src/main/java/org/apache/bookkeeper/client/PendingReadOp.java,0.0,0.0,1,0,1,0.0,0.0,0.0,0.0,0.0,0.0,56,56.0,56.0,-250.0,-0.0,No
4.1.0,hedwig-server/src/test/java/org/apache/hedwig/server/integration/TestHedwigHubSSL.java,36.0,36.0,1,0,1,36.0,36.0,36.0,3.6,3.6,3.6,10,10.0,10.0,383.0,13788.0,No
4.2.0,hedwig-client-jms/src/test/java/org/apache/activemq/CombinationTestSupport.java,250.0,250.0,1,0,1,250.0,250.0,250.0,1.7006802721088434,1.7006802721088434,1.7006802721088434,147,147.0,147.0,421.0,105250.0,No
4.2.2,bookkeeper-server/src/test/java/org/apache/bookkeeper/client/BookieRecoveryTest.java,542.0,700.0,21,0,3,542.0,179.0,25.80952380952381,131.6869496973677,63.0,6.270807128446082,536,93.0,25.523809523809526,677.0,473900.0,No
4.1.0,hedwig-client/src/main/java/org/apache/hedwig/client/netty/impl/multiplex/MultiplexHChannelManager.java,319.0,319.0,3,0,1,319.0,298.0,106.33333333333333,13.45968253968254,11.92,4.486560846560846,48,25.0,16.0,392.0,125048.0,No
4.2.1,hedwig-server/src/test/java/org/apache/hedwig/client/TestSubAfterCloseSub.java,270.0,333.0,6,0,3,270.0,194.0,45.0,66.37051282051281,38.8,11.061752136752135,64,39.0,10.666666666666666,660.0,219780.0,No
4.1.0,hedwig-server/src/test/java/org/apache/hedwig/zookeeper/TestZkUtils.java,48.0,49.0,2,0,2,48.0,47.0,24.0,0.252694165737644,0.22705314009661837,0.126347082868822,285,207.0,142.5,388.0,19012.0,No
4.2.0,hedwig-client-jms/src/main/java/org/apache/hedwig/jms/message/header/MetadataProcessor.java,163.0,163.0,1,0,1,163.0,163.0,163.0,1.1088435374149659,1.1088435374149659,1.1088435374149659,147,147.0,147.0,421.0,68623.0,No
4.2.0,bookkeeper-server/src/test/java/org/apache/bookkeeper/proto/TestProtoVersions.java,122.0,142.0,5,0,3,122.0,113.0,24.4,20.02828652828653,16.142857142857142,4.005657305657306,123,78.0,24.6,466.0,66172.0,No
4.2.2,bookkeeper-server/src/main/java/org/apache/bookkeeper/bookie/BookieThread.java,66.0,77.0,2,0,1,66.0,45.0,33.0,5.075,3.2,2.5375,34,24.0,17.0,730.0,56210.0,No
4.1.0,bookkeeper-server/src/main/java/org/apache/bookkeeper/util/StringUtils.java,68.0,101.0,4,0,3,68.0,60.0,17.0,4.167995746943116,2.8181818181818183,1.041998936735779,237,171.0,59.25,383.0,38683.0,No
4.2.0,hedwig-client-jms/src/test/java/org/apache/hedwig/jms/selector/activemq/SelectorTest.java,399.0,399.0,1,0,1,399.0,399.0,399.0,2.7142857142857144,2.7142857142857144,2.7142857142857144,147,147.0,147.0,421.0,167979.0,No
4.1.0,bookkeeper-server/src/test/java/org/apache/bookkeeper/meta/HierarchicalAsyncLedgerOpsTest.java,47.0,94.0,2,0,1,47.0,47.0,23.5,2.492424242424242,1.4242424242424243,1.246212121212121,77,44.0,38.5,195.0,18330.0,No
4.2.2,bookkeeper-server/src/test/java/org/apache/bookkeeper/bookie/TestSyncThread.java,353.0,354.0,4,0,2,353.0,340.0,88.25,171.1611111111111,170.0,42.790277777777774,96,72.0,24.0,776.0,274704.0,No
4.2.2,bookkeeper-stats/src/main/java/org/apache/bookkeeper/stats/Counter.java,50.0,50.0,1,0,1,50.0,50.0,50.0,5.555555555555555,5.555555555555555,5.555555555555555,9,9.0,9.0,692.0,34600.0,No
Pre-Release,bookkeeper/src/main/java/org/apache/bookkeeper/bookie/MarkerFileChannel.java,147.0,147.0,1,0,1,147.0,147.0,147.0,0.7101449275362319,0.7101449275362319,0.7101449275362319,207,207.0,207.0,-251.0,-36897.0,No
4.2.2,bookkeeper-server/src/test/java/org/apache/bookkeeper/client/TestWatchEnsembleChange.java,71.0,71.0,1,0,1,71.0,71.0,71.0,6.454545454545454,6.454545454545454,6.454545454545454,11,11.0,11.0,772.0,54812.0,No
Pre-Release,bookkeeper/src/test/java/org/apache/bookkeeper/test/NIOServerFactoryTest.java,60.0,60.0,1,0,1,60.0,60.0,60.0,0.2898550724637681,0.2898550724637681,0.2898550724637681,207,207.0,207.0,-251.0,-15060.0,No
4.2.1,bookkeeper-server/src/main/java/org/apache/bookkeeper/metastore/InMemoryMetastoreTable.java,7.0,8.0,1,0,1,7.0,7.0,7.0,0.5333333333333333,0.5333333333333333,0.5333333333333333,15,15.0,15.0,665.0,5320.0,No
4.1.0,hedwig-server/src/test/java/org/apache/hedwig/server/meta/TestMetadataManagerFactory.java,310.0,314.0,5,0,2,310.0,291.0,62.0,13.938090418353577,12.125,2.7876180836707154,136,78.0,27.2,388.0,121832.0,No
4.2.2,bookkeeper-server/src/test/java/org/apache/bookkeeper/test/MultipleThreadReadTest.java,319.0,319.0,1,0,1,319.0,319.0,319.0,31.9,31.9,31.9,10,10.0,10.0,776.0,247544.0,No
4.2.0,hedwig-server/src/main/java/org/apache/hedwig/server/meta/MsMetadataManagerFactory.java,872.0,877.0,2,0,2,872.0,866.0,436.0,216.76829268292684,216.5,108.38414634146342,45,41.0,22.5,429.0,376233.0,No
Pre-Release,bookkeeper-server/src/test/java/org/apache/bookkeeper/test/LedgerCacheTest.java,153.0,174.0,4,0,1,153.0,131.0,38.25,33.794444444444444,32.75,8.448611111111111,189,171.0,47.25,-92.0,-16008.0,No
4.1.0,hedwig-server/src/main/java/org/apache/hedwig/server/handlers/SubscribeHandler.java,369.0,515.0,12,0,4,369.0,153.0,30.75,35.24786949427943,16.142857142857142,2.937322457856619,608,207.0,50.666666666666664,393.0,202395.0,No
4.2.2,bookkeeper-stats/src/main/java/org/apache/bookkeeper/stats/StatsProvider.java,45.0,45.0,1,0,1,45.0,45.0,45.0,5.0,5.0,5.0,9,9.0,9.0,692.0,31140.0,No
4.2.2,bookkeeper-server/src/main/java/org/apache/bookkeeper/proto/BookieProtoEncoding.java,204.0,214.0,3,0,2,204.0,118.0,68.0,24.183621933621936,13.428571428571429,8.061207311207312,90,72.0,30.0,677.0,144878.0,No
4.1.0,hedwig-client/src/main/java/org/apache/hedwig/client/conf/ClientConfiguration.java,177.0,183.0,6,0,3,177.0,148.0,29.5,2.9975780498464486,1.0,0.49959634164107475,516,207.0,86.0,336.0,61488.0,No
4.1.0,hedwig-server/src/main/java/org/apache/hedwig/server/subscriptions/MessageFilter.java,32.0,64.0,3,0,3,32.0,31.0,10.666666666666666,1.570545269629938,1.4090909090909092,0.523515089876646,400,207.0,133.33333333333334,264.0,16896.0,No
4.1.0,bookkeeper-server/src/test/java/org/apache/bookkeeper/meta/HierarchicalBookieFailureTest.java,47.0,94.0,2,0,1,47.0,47.0,23.5,2.492424242424242,1.4242424242424243,1.246212121212121,77,44.0,38.5,195.0,18330.0,No
4.0.0,hedwig-client/src/main/java/org/apache/hedwig/conf/AbstractConfiguration.java,64.0,65.0,4,0,3,64.0,45.0,16.0,1.7455707272640912,1.2857142857142858,0.4363926818160228,424,207.0,106.0,154.0,10010.0,No
4.0.0,bookkeeper-server/src/main/java/org/apache/bookkeeper/bookie/ExitCode.java,40.0,40.0,1,0,1,40.0,40.0,40.0,6.666666666666667,6.666666666666667,6.666666666666667,6,6.0,6.0,92.0,3680.0,No
4.2.0,hedwig-client-jms/src/test/java/org/apache/activemq/usecases/DurableSubscriptionHangTestCase.java,119.0,119.0,1,0,1,119.0,119.0,119.0,0.8095238095238095,0.8095238095238095,0.8095238095238095,147,147.0,147.0,421.0,50099.0,No
Pre-Release,hedwig-server/src/main/java/org/apache/hedwig/server/subscriptions/SubscriptionEventListener.java,61.0,65.0,2,0,2,61.0,57.0,30.5,0.32214594457157386,0.2753623188405797,0.16107297228578693,378,207.0,189.0,-92.0,-5980.0,No
4.2.0,hedwig-client-jms/src/test/java/org/apache/hedwig/JmsTestBase.java,95.0,95.0,1,0,1,95.0,95.0,95.0,0.6462585034013606,0.6462585034013606,0.6462585034013606,147,147.0,147.0,421.0,39995.0,No
Pre-Release,{bookkeeper => bookkeeper-server}/src/main/java/org/apache/bookkeeper/client/BookKeeper.java,0.0,0.0,1,0,1,0.0,0.0,0.0,0.0,0.0,0.0,56,56.0,56.0,-250.0,-0.0,No
4.2.0,hedwig-client-jms/src/main/java/org/apache/hedwig/jms/selector/TreeDumperSelectorParserVisitor.java,261.0,261.0,1,0,1,261.0,261.0,261.0,1.7755102040816326,1.7755102040816326,1.7755102040816326,147,147.0,147.0,421.0,109881.0,No
4.2.0,hedwig-client-jms/src/main/java/org/apache/hedwig/jms/SessionImpl.java,2021.0,2033.0,2,0,2,2021.0,2009.0,1010.5,14.252032520325203,13.666666666666666,7.126016260162602,188,147.0,94.0,429.0,872157.0,No
4.1.0,hedwig-server/src/test/java/org/apache/hedwig/server/persistence/TestPersistenceManagerBlackBox.java,316.0,324.0,6,0,4,316.0,305.0,52.666666666666664,1.808160232728403,1.4734299516908214,0.30136003878806716,601,207.0,100.16666666666667,388.0,125712.0,No
4.2.2,bookkeeper-server/src/test/java/org/apache/bookkeeper/test/ConcurrentLedgerTest.java,35.0,62.0,10,0,3,35.0,9.0,3.5,4.19925318503417,1.6666666666666667,0.41992531850341697,532,171.0,53.2,677.0,41974.0,No
4.2.0,hedwig-client-jms/src/test/java/org/apache/activemq/usecases/DurableConsumerCloseAndReconnectTest.java,192.0,192.0,1,0,1,192.0,192.0,192.0,1.3061224489795917,1.3061224489795917,1.3061224489795917,147,147.0,147.0,421.0,80832.0,No
4.2.2,bookkeeper-server/src/test/java/org/apache/bookkeeper/bookie/EntryLogTest.java,268.0,310.0,14,0,3,268.0,90.0,19.142857142857142,107.991452991453,45.0,7.713675213675215,244,78.0,17.428571428571427,726.0,225060.0,No
4.2.0,hedwig-client-jms/src/main/java/org/apache/hedwig/jms/selector/BinaryArithmeticFunction.java,184.0,184.0,1,0,1,184.0,184.0,184.0,1.251700680272109,1.251700680272109,1.251700680272109,147,147.0,147.0,421.0,77464.0,No
4.2.2,bookkeeper-server/src/main/java/org/apache/bookkeeper/meta/AbstractZkLedgerManager.java,686.0,898.0,18,1,3,686.0,251.0,38.111111111111114,56.333053613053615,16.181818181818183,3.1296140896140896,366,72.0,20.333333333333332,772.0,693256.0,No
4.2.0,hedwig-client-jms/src/test/java/org/apache/activemq/JMSDurableTopicRedeliverTest.java,76.0,76.0,1,0,1,76.0,76.0,76.0,0.5170068027210885,0.5170068027210885,0.5170068027210885,147,147.0,147.0,421.0,31996.0,No
4.2.1,bookkeeper-server/src/main/java/org/apache/bookkeeper/client/DefaultEnsemblePlacementPolicy.java,94.0,94.0,1,0,1,94.0,94.0,94.0,4.086956521739131,4.086956521739131,4.086956521739131,23,23.0,23.0,553.0,51982.0,No
Pre-Release,hedwig-server/src/main/java/org/apache/hedwig/server/persistence/RangeScanRequest.java,79.0,81.0,2,0,2,79.0,77.0,39.5,0.3953724891939995,0.3719806763285024,0.19768624459699974,378,207.0,189.0,-92.0,-7452.0,No
4.1.0,hedwig-protocol/src/main/java/org/apache/hedwig/protocol/PubSubProtocol.java,33381.0,49879.0,17,0,3,33381.0,6428.0,1963.5882352941176,8445.50961011211,6095.0,496.7946829477712,416,171.0,24.470588235294116,392.0,1.9552568E7,No
4.2.2,bookkeeper-server/src/test/java/org/apache/bookkeeper/client/BookKeeperTest.java,254.0,267.0,7,0,3,254.0,88.0,36.285714285714285,51.96367521367522,15.0,7.423382173382174,176,78.0,25.142857142857142,677.0,180759.0,No
4.2.0,hedwig-client-jms/src/main/java/org/apache/hedwig/jms/jndi/HedwigInitialContext.java,106.0,106.0,1,0,1,106.0,106.0,106.0,0.7210884353741497,0.7210884353741497,0.7210884353741497,147,147.0,147.0,421.0,44626.0,No
4.2.2,bookkeeper-server/src/test/java/org/apache/bookkeeper/test/LedgerDeleteTest.java,53.0,99.0,11,0,2,53.0,18.0,4.818181818181818,11.962196382187892,7.0,1.0874723983807175,538,171.0,48.90909090909091,777.0,76923.0,No
4.1.0,bookkeeper-server/src/main/java/org/apache/bookkeeper/util/ReflectionUtils.java,152.0,152.0,2,0,1,152.0,129.0,76.0,3.977272727272727,2.9318181818181817,1.9886363636363635,66,44.0,33.0,264.0,40128.0,No
4.2.2,bookkeeper-server/src/main/java/org/apache/bookkeeper/bookie/LedgerDirsManager.java,421.0,469.0,11,0,3,421.0,240.0,38.27272727272727,55.77063492063492,17.142857142857142,5.0700577200577195,159,72.0,14.454545454545455,776.0,363944.0,No
4.2.0,hedwig-client-jms/src/test/java/org/apache/activemq/JmsDurableTopicSendReceiveTest.java,87.0,87.0,1,0,1,87.0,87.0,87.0,0.5918367346938775,0.5918367346938775,0.5918367346938775,147,147.0,147.0,421.0,36627.0,No
4.2.2,bookkeeper-server/src/test/java/org/apache/bookkeeper/client/BookieWriteLedgerTest.java,237.0,244.0,4,0,2,237.0,230.0,59.25,116.67905982905982,115.0,29.169764957264956,157,78.0,39.25,677.0,165188.0,No
4.2.2,bookkeeper-server/src/test/java/org/apache/bookkeeper/test/BookKeeperClusterTestCase.java,652.0,773.0,20,0,3,652.0,336.0,32.6,120.49757066385922,55.666666666666664,6.024878533192961,227,44.0,11.35,758.0,585934.0,No
4.1.0,bookkeeper-server/src/main/java/org/apache/bookkeeper/bookie/LedgerDescriptorReadOnlyImpl.java,56.0,60.0,3,0,1,56.0,53.0,18.666666666666668,9.555555555555555,8.833333333333334,3.185185185185185,27,12.0,9.0,377.0,22620.0,No
Pre-Release,{bookkeeper => bookkeeper-server}/src/main/java/org/apache/bookkeeper/bookie/Bookie.java,0.0,0.0,1,0,1,0.0,0.0,0.0,0.0,0.0,0.0,56,56.0,56.0,-250.0,-0.0,No
4.1.0,hedwig-server/src/test/java/org/apache/hedwig/server/topics/TestHubLoad.java,61.0,62.0,2,0,2,61.0,60.0,30.5,3.183535762483131,3.1578947368421053,1.5917678812415654,97,78.0,48.5,388.0,24056.0,No
Pre-Release,bookkeeper/src/test/java/org/apache/bookkeeper/test/AsyncLedgerOpsTest.java,256.0,256.0,1,0,1,256.0,256.0,256.0,1.2367149758454106,1.2367149758454106,1.2367149758454106,207,207.0,207.0,-251.0,-64256.0,No
4.1.0,bookkeeper-server/src/main/java/org/apache/bookkeeper/util/IOUtils.java,88.0,88.0,2,0,2,88.0,55.0,44.0,9.69047619047619,7.857142857142857,4.845238095238095,25,18.0,12.5,275.0,24200.0,No
Pre-Release,hedwig-protocol/src/main/java/org/apache/hedwig/protoextensions/MessageIdUtils.java,155.0,157.0,2,0,2,155.0,153.0,77.5,0.7625222476481057,0.7391304347826086,0.38126112382405286,378,207.0,189.0,-92.0,-14444.0,No
4.2.1,bookkeeper-server/src/main/java/org/apache/bookkeeper/client/AsyncCallback.java,160.0,295.0,6,0,2,160.0,113.0,26.666666666666668,11.633682244827755,4.0,1.9389470408046259,218,171.0,36.333333333333336,516.0,152220.0,No
4.2.0,hedwig-server/src/test/java/org/apache/hedwig/server/TestBackwardCompat.java,1260.0,1313.0,9,0,3,1260.0,679.0,140.0,718.2168723517862,679.0,79.80187470575402,202,78.0,22.444444444444443,474.0,622362.0,No
Pre-Release,hedwig-client/src/main/java/org/apache/hedwig/client/exceptions/InvalidSubscriberIdException.java,37.0,37.0,1,0,1,37.0,37.0,37.0,0.178743961352657,0.178743961352657,0.178743961352657,207,207.0,207.0,-251.0,-9287.0,No
Pre-Release,bookkeeper/src/main/java/org/apache/bookkeeper/client/LedgerCreateOp.java,167.0,167.0,1,0,1,167.0,167.0,167.0,0.8067632850241546,0.8067632850241546,0.8067632850241546,207,207.0,207.0,-251.0,-41917.0,No
4.2.0,hedwig-client-jms/src/test/java/org/apache/activemq/JmsTopicSendReceiveWithTwoConnectionsTest.java,116.0,116.0,1,0,1,116.0,116.0,116.0,0.7891156462585034,0.7891156462585034,0.7891156462585034,147,147.0,147.0,421.0,48836.0,No
4.1.0,bookkeeper-server/src/main/java/org/apache/bookkeeper/metastore/MetastoreScannableTable.java,104.0,104.0,1,0,1,104.0,104.0,104.0,6.5,6.5,6.5,16,16.0,16.0,338.0,35152.0,No
Pre-Release,hedwig-client/src/main/java/org/apache/hedwig/client/exceptions/TooManyServerRedirectsException.java,40.0,41.0,2,0,2,40.0,39.0,20.0,0.20010170353419782,0.18840579710144928,0.10005085176709891,378,207.0,189.0,-92.0,-3772.0,No
4.2.1,bookkeeper-server/src/main/java/org/apache/bookkeeper/net/NodeBase.java,185.0,185.0,1,0,1,185.0,185.0,185.0,8.043478260869565,8.043478260869565,8.043478260869565,23,23.0,23.0,553.0,102305.0,No
4.2.0,hedwig-client-jms/src/main/java/org/apache/hedwig/jms/selector/BinaryExprFunction.java,51.0,51.0,1,0,1,51.0,51.0,51.0,0.3469387755102041,0.3469387755102041,0.3469387755102041,147,147.0,147.0,421.0,21471.0,No
4.1.0,bookkeeper-server/src/main/java/org/apache/bookkeeper/client/ReadLastConfirmedOp.java,195.0,264.0,14,1,3,195.0,101.0,13.928571428571429,54.63713219686055,18.0,3.9026522997757533,422,171.0,30.142857142857142,282.0,74448.0,No
Pre-Release,{bookkeeper => bookkeeper-server}/src/test/java/org/apache/bookkeeper/test/BaseTestCase.java,4.0,8.0,1,0,1,4.0,4.0,4.0,0.14285714285714285,0.14285714285714285,0.14285714285714285,56,56.0,56.0,-250.0,-2000.0,No
4.0.0,bookkeeper-server/src/test/java/org/apache/bookkeeper/client/LedgerCacheTest.java,16.0,164.0,6,0,2,16.0,8.0,2.6666666666666665,19.18030356740034,17.0,3.19671726123339,186,93.0,31.0,113.0,18532.0,No
4.2.2,bookkeeper-server/src/main/java/org/apache/bookkeeper/tools/BookKeeperTools.java,71.0,813.0,7,1,2,71.0,51.0,10.142857142857142,42.570385387884635,40.88235294117647,6.0814836268406625,391,171.0,55.857142857142854,677.0,550401.0,No
4.1.0,hedwig-server/src/test/java/org/apache/hedwig/server/integration/TestHedwigHubRegular.java,36.0,36.0,1,0,1,36.0,36.0,36.0,3.6,3.6,3.6,10,10.0,10.0,383.0,13788.0,No
4.1.0,bookkeeper-server/src/main/java/org/apache/bookkeeper/jmx/BKMBeanRegistry.java,92.0,95.0,3,0,1,92.0,84.0,30.666666666666668,48.5,42.0,16.166666666666668,7,4.0,2.3333333333333335,362.0,34390.0,No
Pre-Release,hedwig-server/src/test/java/org/apache/hedwig/ServerControl.java,406.0,812.0,4,0,3,406.0,231.0,101.5,122.46974319857615,118.5,30.61743579964404,389,207.0,97.25,-39.0,-31668.0,No
4.1.0,bookkeeper-server/src/test/java/org/apache/bookkeeper/client/LedgerHandleAdapter.java,32.0,32.0,1,0,1,32.0,32.0,32.0,6.4,6.4,6.4,5,5.0,5.0,261.0,8352.0,No
Pre-Release,hedwig-server/src/test/java/org/apache/hedwig/server/persistence/TestLocalDBPersistenceManagerBlackBox.java,53.0,53.0,1,0,1,53.0,53.0,53.0,0.2560386473429952,0.2560386473429952,0.2560386473429952,207,207.0,207.0,-251.0,-13303.0,No
Pre-Release,bookkeeper/src/main/java/org/apache/bookkeeper/util/StringUtils.java,94.0,94.0,1,0,1,94.0,94.0,94.0,0.45410628019323673,0.45410628019323673,0.45410628019323673,207,207.0,207.0,-251.0,-23594.0,No
4.2.0,hedwig-client-jms/src/test/java/org/apache/activemq/usecases/DispatchMultipleConsumersTest.java,214.0,214.0,1,0,1,214.0,214.0,214.0,1.4557823129251701,1.4557823129251701,1.4557823129251701,147,147.0,147.0,421.0,90094.0,No
4.2.0,hedwig-client-jms/src/test/java/org/apache/activemq/load/LoadController.java,98.0,98.0,1,0,1,98.0,98.0,98.0,0.6666666666666666,0.6666666666666666,0.6666666666666666,147,147.0,147.0,421.0,41258.0,No
4.2.2,bookkeeper-server/src/test/java/org/apache/bookkeeper/test/BookieFailureTest.java,194.0,292.0,13,0,3,194.0,76.0,14.923076923076923,53.322242124199576,19.5,4.101710932630737,556,171.0,42.76923076923077,677.0,197684.0,No
Pre-Release,{bookkeeper => bookkeeper-server}/src/main/java/org/apache/bookkeeper/bookie/EntryLogger.java,0.0,0.0,1,0,1,0.0,0.0,0.0,0.0,0.0,0.0,56,56.0,56.0,-250.0,-0.0,No
Pre-Release,{bookkeeper => bookkeeper-server}/src/main/java/org/apache/bookkeeper/client/LedgerOpenOp.java,0.0,0.0,1,0,1,0.0,0.0,0.0,0.0,0.0,0.0,56,56.0,56.0,-250.0,-0.0,No
4.2.2,bookkeeper-server/src/main/java/org/apache/bookkeeper/client/LedgerOpenOp.java,191.0,317.0,14,0,3,191.0,42.0,13.642857142857142,29.908108705731795,9.5,2.1362934789808423,475,171.0,33.92857142857143,776.0,245992.0,No
4.2.2,bookkeeper-server/src/main/java/org/apache/bookkeeper/bookie/LedgerDescriptorImpl.java,123.0,159.0,4,0,1,123.0,113.0,30.75,23.5,18.833333333333332,5.875,99,72.0,24.75,677.0,107643.0,No
4.2.0,hedwig-client-jms/src/test/java/org/apache/activemq/test/TestSupport.java,261.0,261.0,1,0,1,261.0,261.0,261.0,1.7755102040816326,1.7755102040816326,1.7755102040816326,147,147.0,147.0,421.0,109881.0,No
4.2.1,bookkeeper-server/src/main/java/org/apache/bookkeeper/meta/FlatLedgerManager.java,284.0,402.0,11,0,3,284.0,193.0,25.818181818181817,24.04015429015429,5.848484848484849,2.1854685718322084,193,44.0,17.545454545454547,643.0,258486.0,No
4.1.0,hedwig-client/src/main/java/org/apache/hedwig/util/SubscriptionListener.java,44.0,44.0,1,0,1,44.0,44.0,44.0,2.4444444444444446,2.4444444444444446,2.4444444444444446,18,18.0,18.0,282.0,12408.0,No
4.2.2,bookkeeper-server/src/main/java/org/apache/bookkeeper/bookie/GarbageCollectorThread.java,816.0,995.0,22,2,3,816.0,378.0,37.09090909090909,200.41710178710179,63.0,9.109868263050082,262,44.0,11.909090909090908,776.0,772120.0,No
4.2.2,bookkeeper-server/src/test/java/org/apache/bookkeeper/test/AsyncLedgerOpsTest.java,36.0,70.0,6,0,2,36.0,16.0,6.0,1.2362766690016265,0.5454545454545454,0.20604611150027108,466,171.0,77.66666666666667,677.0,47390.0,No
4.1.0,bookkeeper-server/src/main/java/org/apache/bookkeeper/client/DistributionSchedule.java,56.0,83.0,5,0,2,56.0,25.0,11.2,7.059167526659786,3.0,1.4118335053319573,223,171.0,44.6,280.0,23240.0,No
4.2.1,bookkeeper-server/src/main/java/org/apache/bookkeeper/net/NetworkTopology.java,876.0,876.0,1,0,1,876.0,876.0,876.0,38.08695652173913,38.08695652173913,38.08695652173913,23,23.0,23.0,553.0,484428.0,No
4.2.0,hedwig-client-jms/src/test/java/org/apache/activemq/usecases/TopicRedeliverTest.java,300.0,300.0,1,0,1,300.0,300.0,300.0,2.0408163265306123,2.0408163265306123,2.0408163265306123,147,147.0,147.0,421.0,126300.0,No
4.1.0,hedwig-server/src/test/java/org/apache/hedwig/server/subscriptions/TestMMSubscriptionManager.java,20.0,39.0,3,0,2,20.0,17.0,6.666666666666667,1.7478632478632479,1.5,0.5826210826210826,118,78.0,39.333333333333336,388.0,15132.0,No
Pre-Release,{bookkeeper => bookkeeper-server}/src/main/java/org/apache/bookkeeper/client/LedgerEntry.java,0.0,0.0,1,0,1,0.0,0.0,0.0,0.0,0.0,0.0,56,56.0,56.0,-250.0,-0.0,No
4.1.0,hedwig-server/src/test/java/org/apache/hedwig/client/netty/TestCloseSubscription.java,153.0,306.0,2,0,1,153.0,153.0,76.5,17.048571428571428,10.928571428571429,8.524285714285714,39,25.0,19.5,331.0,101286.0,No
4.2.2,bookkeeper-server/src/main/java/org/apache/bookkeeper/bookie/LEPStateChangeCallback.java,31.0,31.0,1,0,1,31.0,31.0,31.0,2.3846153846153846,2.3846153846153846,2.3846153846153846,13,13.0,13.0,685.0,21235.0,No
4.0.0,hedwig-server/src/main/java/org/apache/hedwig/server/handlers/NettyHandlerMXBean.java,31.0,31.0,1,0,1,31.0,31.0,31.0,1.9375,1.9375,1.9375,16,16.0,16.0,113.0,3503.0,No
4.2.0,hedwig-client-jms/src/test/java/org/apache/hedwig/jms/BasicJMSTest.java,337.0,337.0,1,0,1,337.0,337.0,337.0,2.292517006802721,2.292517006802721,2.292517006802721,147,147.0,147.0,421.0,141877.0,No
4.2.0,hedwig-client/src/main/java/org/apache/hedwig/client/netty/NetUtils.java,224.0,227.0,5,0,3,224.0,198.0,44.8,8.890422716543881,6.387096774193548,1.7780845433087762,104,41.0,20.8,429.0,97383.0,No
4.1.0,hedwig-client/src/main/java/org/apache/hedwig/client/netty/impl/AbstractSubscribeResponseHandler.java,402.0,427.0,3,0,1,402.0,363.0,134.0,45.66666666666667,40.333333333333336,15.222222222222223,29,14.0,9.666666666666666,404.0,172508.0,No
4.2.1,bookkeeper-server/src/main/java/org/apache/bookkeeper/net/NetUtils.java,60.0,60.0,1,0,1,60.0,60.0,60.0,2.608695652173913,2.608695652173913,2.608695652173913,23,23.0,23.0,553.0,33180.0,No
4.2.0,hedwig-server/src/test/java/org/apache/hedwig/server/persistence/MessageBoundedPersistenceTest.java,299.0,310.0,5,0,3,299.0,241.0,59.8,21.85817860300619,18.53846153846154,4.371635720601239,174,78.0,34.8,474.0,146940.0,No
4.1.0,bookkeeper-server/src/main/java/org/apache/bookkeeper/util/BookKeeperConstants.java,46.0,47.0,2,1,1,46.0,45.0,23.0,2.75,2.25,1.375,24,20.0,12.0,367.0,17249.0,No
4.2.0,bookkeeper-server/src/main/java/org/apache/bookkeeper/proto/BookieServerBean.java,95.0,106.0,4,0,3,95.0,90.0,23.75,10.166666666666666,7.5,2.5416666666666665,37,12.0,9.25,433.0,45898.0,No
4.1.0,bookkeeper-server/src/main/java/org/apache/bookkeeper/versioning/Version.java,31.0,32.0,1,0,1,31.0,31.0,31.0,2.909090909090909,2.909090909090909,2.909090909090909,11,11.0,11.0,254.0,8128.0,No
4.2.1,bookkeeper-server/src/main/java/org/apache/bookkeeper/net/Node.java,61.0,61.0,1,0,1,61.0,61.0,61.0,2.652173913043478,2.652173913043478,2.652173913043478,23,23.0,23.0,553.0,33733.0,No
4.1.0,hedwig-client/src/main/java/org/apache/hedwig/client/netty/impl/multiplex/MultiplexSubscribeResponseHandler.java,653.0,1177.0,3,0,1,653.0,622.0,217.66666666666666,85.55460317460317,58.888888888888886,28.518201058201058,48,25.0,16.0,392.0,461384.0,No
Pre-Release,{bookkeeper => bookkeeper-server}/src/main/java/org/apache/bookkeeper/client/PendingAddOp.java,0.0,0.0,1,0,1,0.0,0.0,0.0,0.0,0.0,0.0,56,56.0,56.0,-250.0,-0.0,No
4.1.0,hedwig-client/src/main/java/org/apache/hedwig/client/netty/HChannelManager.java,160.0,160.0,1,0,1,160.0,160.0,160.0,5.161290322580645,5.161290322580645,5.161290322580645,31,31.0,31.0,294.0,47040.0,No
4.2.0,hedwig-server/src/main/java/org/apache/hedwig/server/netty/UmbrellaHandler.java,177.0,199.0,7,0,4,177.0,158.0,25.285714285714285,3.22162159656162,1.8571428571428572,0.46023165665166,572,207.0,81.71428571428571,474.0,94326.0,No
4.2.2,bookkeeper-benchmark/src/main/java/org/apache/bookkeeper/benchmark/BenchReadThroughputLatency.java,290.0,306.0,5,0,4,290.0,260.0,58.0,71.43169499876817,65.0,14.286338999753633,134,72.0,26.8,692.0,211752.0,No
4.1.0,hedwig-server/src/main/java/org/apache/hedwig/server/meta/SubscriptionDataManager.java,190.0,221.0,3,0,1,190.0,118.0,63.333333333333336,13.941666666666666,4.916666666666667,4.647222222222222,47,24.0,15.666666666666666,355.0,78455.0,No
4.2.2,bookkeeper-server/src/test/java/org/apache/bookkeeper/replication/AuditorLedgerCheckerTest.java,485.0,547.0,11,0,2,485.0,352.0,44.09090909090909,113.43435453435453,88.0,10.312214048577685,231,78.0,21.0,677.0,370319.0,No
4.2.2,bookkeeper-stats/src/main/java/org/apache/bookkeeper/stats/NullStatsLogger.java,96.0,96.0,1,0,1,96.0,96.0,96.0,10.666666666666666,10.666666666666666,10.666666666666666,9,9.0,9.0,692.0,66432.0,No
Pre-Release,hedwig-server/src/main/java/org/apache/hedwig/server/persistence/CacheKey.java,76.0,78.0,2,0,2,76.0,74.0,38.0,0.38087973557081106,0.357487922705314,0.19043986778540553,378,207.0,189.0,-92.0,-7176.0,No
Pre-Release,bookkeeper/src/main/java/org/apache/bookkeeper/tools/BookKeeperTools.java,763.0,763.0,1,0,1,763.0,763.0,763.0,3.685990338164251,3.685990338164251,3.685990338164251,207,207.0,207.0,-251.0,-191513.0,No
4.2.0,hedwig-client-jms/src/test/java/org/apache/activemq/TestSupport.java,151.0,151.0,1,0,1,151.0,151.0,151.0,1.0272108843537415,1.0272108843537415,1.0272108843537415,147,147.0,147.0,421.0,63571.0,No
4.2.0,hedwig-client-jms/src/test/java/org/apache/activemq/JmsTopicCompositeSendReceiveTest.java,101.0,101.0,1,0,1,101.0,101.0,101.0,0.6870748299319728,0.6870748299319728,0.6870748299319728,147,147.0,147.0,421.0,42521.0,No
Pre-Release,bookkeeper/src/main/java/org/apache/bookkeeper/util/SafeRunnable.java,38.0,38.0,1,0,1,38.0,38.0,38.0,0.18357487922705315,0.18357487922705315,0.18357487922705315,207,207.0,207.0,-251.0,-9538.0,No
Pre-Release,{bookkeeper => bookkeeper-server}/src/main/java/org/apache/bookkeeper/client/LedgerRecoveryOp.java,0.0,0.0,1,0,1,0.0,0.0,0.0,0.0,0.0,0.0,56,56.0,56.0,-250.0,-0.0,No
4.1.0,hedwig-server/src/main/java/org/apache/hedwig/server/meta/TopicPersistenceManager.java,100.0,104.0,2,0,1,100.0,96.0,50.0,4.7272727272727275,4.0,2.3636363636363638,35,24.0,17.5,254.0,26416.0,No
4.1.0,bookkeeper-server/src/main/java/org/apache/bookkeeper/client/DigestManager.java,38.0,69.0,8,1,3,38.0,16.0,4.75,3.4260197500824683,1.2,0.42825246876030854,346,171.0,43.25,224.0,15456.0,No
Pre-Release,{bookkeeper => bookkeeper-server}/src/main/java/org/apache/bookkeeper/bookie/LedgerEntryPage.java,0.0,0.0,1,0,1,0.0,0.0,0.0,0.0,0.0,0.0,56,56.0,56.0,-250.0,-0.0,No
4.2.0,bookkeeper-server/src/main/java/org/apache/bookkeeper/proto/BookieProtocol.java,298.0,325.0,9,0,3,298.0,158.0,33.111111111111114,34.281904255588465,14.363636363636363,3.8091004728431628,272,171.0,30.22222222222222,466.0,151450.0,No
4.1.0,bookkeeper-server/src/test/java/org/apache/bookkeeper/proto/TestBKStats.java,47.0,51.0,3,0,1,47.0,45.0,15.666666666666666,6.116550116550116,4.090909090909091,2.038850038850039,91,78.0,30.333333333333332,388.0,19788.0,No
4.1.0,hedwig-client/src/main/java/org/apache/hedwig/client/netty/impl/NonSubscriptionChannelPipelineFactory.java,47.0,47.0,1,0,1,47.0,47.0,47.0,1.5161290322580645,1.5161290322580645,1.5161290322580645,31,31.0,31.0,294.0,13818.0,No
4.1.0,bookkeeper-server/src/test/java/org/apache/bookkeeper/client/BookieThrottleTest.java,127.0,254.0,2,0,2,127.0,127.0,63.5,79.375,63.5,39.6875,10,8.0,5.0,387.0,98298.0,No
Pre-Release,bookkeeper/src/main/java/org/apache/bookkeeper/bookie/LedgerDescriptor.java,133.0,133.0,1,0,1,133.0,133.0,133.0,0.642512077294686,0.642512077294686,0.642512077294686,207,207.0,207.0,-251.0,-33383.0,No
4.2.0,bookkeeper-server/src/main/java/org/apache/bookkeeper/meta/LedgerManagerFactory.java,338.0,424.0,7,1,2,338.0,143.0,48.285714285714285,15.505602175602174,6.388888888888889,2.2150860250860247,190,44.0,27.142857142857142,474.0,200976.0,No
4.2.0,hedwig-client-jms/src/test/java/org/apache/activemq/usecases/TransactionRollbackOrderTest.java,161.0,161.0,1,0,1,161.0,161.0,161.0,1.0952380952380953,1.0952380952380953,1.0952380952380953,147,147.0,147.0,421.0,67781.0,No
4.2.0,hedwig-client-jms/src/test/java/org/apache/activemq/JmsRedeliveredTest.java,380.0,380.0,1,0,1,380.0,380.0,380.0,2.5850340136054424,2.5850340136054424,2.5850340136054424,147,147.0,147.0,421.0,159980.0,No
4.1.0,bookkeeper-server/src/test/java/org/apache/bookkeeper/test/ConfigurationTest.java,69.0,71.0,3,0,2,69.0,55.0,23.0,5.461538461538462,4.0,1.8205128205128205,120,78.0,40.0,388.0,27548.0,No
4.2.0,bookkeeper-server/src/main/java/org/apache/bookkeeper/proto/ServerStats.java,4.0,55.0,2,0,2,4.0,4.0,2.0,16.87878787878788,16.333333333333332,8.43939393939394,14,11.0,7.0,430.0,23650.0,No
4.2.1,hedwig-server/src/main/java/org/apache/hedwig/server/proxy/HedwigProxy.java,203.0,224.0,9,1,4,203.0,159.0,22.555555555555557,4.5783365388510004,1.3333333333333333,0.5087040598723334,588,207.0,65.33333333333333,665.0,148960.0,No
4.1.0,hedwig-server/src/test/java/org/apache/hedwig/server/persistence/TestBookKeeperPersistenceManagerBlackBox.java,91.0,96.0,3,0,3,91.0,76.0,30.333333333333332,0.9855708110856853,0.5833333333333334,0.32852360369522843,402,207.0,134.0,217.0,20832.0,No
4.2.0,hedwig-server/src/main/java/org/apache/hedwig/admin/HedwigAdmin.java,741.0,932.0,10,1,3,741.0,397.0,74.1,154.32331945911574,79.4,15.432331945911574,165,41.0,16.5,429.0,399828.0,No
4.1.0,hedwig-client/src/main/java/org/apache/hedwig/client/netty/package-info.java,89.0,89.0,1,0,1,89.0,89.0,89.0,2.870967741935484,2.870967741935484,2.870967741935484,31,31.0,31.0,294.0,26166.0,No
4.2.2,bookkeeper-server/src/test/java/org/apache/bookkeeper/client/ListLedgersTest.java,112.0,113.0,2,0,1,112.0,111.0,56.0,55.52777777777778,55.5,27.76388888888889,74,72.0,37.0,677.0,76501.0,No
4.1.0,hedwig-client/src/main/java/org/apache/hedwig/client/netty/impl/{multiplex => }/ResubscribeCallback.java,6.0,9.0,1,0,1,6.0,6.0,6.0,1.0,1.0,1.0,9,9.0,9.0,366.0,3294.0,No
4.2.1,bookkeeper-server/src/main/java/org/apache/bookkeeper/net/CachedDNSToSwitchMapping.java,152.0,152.0,1,0,1,152.0,152.0,152.0,6.608695652173913,6.608695652173913,6.608695652173913,23,23.0,23.0,553.0,84056.0,No
4.2.1,bookkeeper-server/src/main/java/org/apache/bookkeeper/net/AbstractDNSToSwitchMapping.java,142.0,142.0,1,0,1,142.0,142.0,142.0,6.173913043478261,6.173913043478261,6.173913043478261,23,23.0,23.0,553.0,78526.0,No
Pre-Release,bookkeeper/src/test/java/org/apache/bookkeeper/test/LedgerRecoveryTest.java,88.0,88.0,1,0,1,88.0,88.0,88.0,0.4251207729468599,0.4251207729468599,0.4251207729468599,207,207.0,207.0,-251.0,-22088.0,No
4.2.2,bookkeeper-benchmark/src/main/java/org/apache/bookkeeper/benchmark/BenchThroughputLatency.java,555.0,649.0,9,1,4,555.0,425.0,61.666666666666664,157.59764340637255,106.25,17.510849267374727,164,72.0,18.22222222222222,692.0,449108.0,No
4.2.0,hedwig-client-jms/src/main/java/org/apache/hedwig/jms/selector/PropertyExprFunction.java,512.0,512.0,1,0,1,512.0,512.0,512.0,3.4829931972789114,3.4829931972789114,3.4829931972789114,147,147.0,147.0,421.0,215552.0,No
4.1.0,hedwig-server/src/main/java/org/apache/hedwig/server/benchmark/AbstractBenchmark.java,160.0,214.0,4,0,3,160.0,104.0,40.0,1.5410430208844446,0.5730994152046783,0.38526075522111114,488,207.0,122.0,232.0,49648.0,No
4.2.0,bookkeeper-server/src/main/java/org/apache/bookkeeper/zookeeper/ZooKeeperWatcherBase.java,97.0,97.0,2,0,2,97.0,94.0,48.5,94.07317073170732,94.0,47.03658536585366,42,41.0,21.0,429.0,41613.0,No
Pre-Release,{bookkeeper => bookkeeper-server}/src/main/java/org/apache/bookkeeper/client/BookieWatcher.java,0.0,0.0,1,0,1,0.0,0.0,0.0,0.0,0.0,0.0,56,56.0,56.0,-250.0,-0.0,No
4.2.2,hedwig-server/src/test/java/org/apache/hedwig/server/persistence/TestDeadlock.java,308.0,339.0,7,0,3,308.0,272.0,44.0,43.42340561737113,38.857142857142854,6.203343659624447,184,78.0,26.285714285714285,692.0,234588.0,No
Pre-Release,hedwig-server/src/main/java/org/apache/hedwig/server/regions/HedwigHubClient.java,50.0,52.0,2,0,2,50.0,48.0,25.0,0.38003220611916266,0.2318840579710145,0.19001610305958133,234,207.0,117.0,-19.0,-988.0,No
4.2.2,bookkeeper-server/src/main/java/org/apache/bookkeeper/client/PendingAddOp.java,143.0,217.0,15,1,3,143.0,42.0,9.533333333333333,28.91366255733828,16.666666666666668,1.927577503822552,465,171.0,31.0,776.0,168392.0,No
4.1.0,bookkeeper-server/src/main/java/org/apache/bookkeeper/client/LedgerFragment.java,168.0,189.0,5,1,2,168.0,112.0,33.6,35.2,22.4,7.040000000000001,28,7.0,5.6,359.0,67851.0,No
4.2.2,bookkeeper-server/src/main/java/org/apache/bookkeeper/client/LedgerCreateOp.java,108.0,231.0,15,1,3,108.0,26.0,7.2,18.121917453556563,11.4,1.2081278302371041,521,171.0,34.733333333333334,776.0,179256.0,No
4.2.0,hedwig-client-jms/src/test/java/org/apache/activemq/JmsTopicSelectorTest.java,212.0,212.0,1,0,1,212.0,212.0,212.0,1.4421768707482994,1.4421768707482994,1.4421768707482994,147,147.0,147.0,421.0,89252.0,No
4.0.0,hedwig-server/src/main/java/org/apache/hedwig/server/handlers/ConsumeHandler.java,73.0,74.0,3,0,3,73.0,64.0,24.333333333333332,0.8208746503941011,0.5,0.2736248834647004,394,207.0,131.33333333333334,113.0,8362.0,No
4.2.2,bookkeeper-server/src/main/java/org/apache/bookkeeper/util/ZeroBuffer.java,73.0,73.0,1,0,1,73.0,73.0,73.0,5.615384615384615,5.615384615384615,5.615384615384615,13,13.0,13.0,685.0,50005.0,No
4.0.0,hedwig-server/src/main/java/org/apache/hedwig/server/proxy/ProxyStartDeliveryHandler.java,146.0,160.0,5,0,3,146.0,129.0,29.2,1.5327652152041316,0.6666666666666666,0.3065530430408263,507,207.0,101.4,139.0,22240.0,No
4.2.2,bookkeeper-server/src/test/java/org/apache/bookkeeper/test/BookieReadWriteTest.java,841.0,1328.0,19,0,3,841.0,166.0,44.26315789473684,255.6761341815746,80.0,13.456638641135505,589,171.0,31.0,776.0,1030528.0,No
4.2.2,bookkeeper-server/src/main/java/org/apache/bookkeeper/bookie/BookieShell.java,1041.0,1074.0,12,0,4,1041.0,684.0,86.75,166.65567765567766,57.0,13.88797313797314,101,18.0,8.416666666666666,726.0,779724.0,No
4.2.2,bookkeeper-server/src/test/java/org/apache/bookkeeper/test/BookieJournalRollingTest.java,340.0,407.0,10,0,3,340.0,222.0,34.0,109.56178543678544,74.0,10.956178543678543,246,78.0,24.6,677.0,275539.0,No
4.2.2,bookkeeper-server/src/main/java/org/apache/bookkeeper/streaming/LedgerInputStream.java,12.0,23.0,3,0,2,12.0,8.0,4.0,0.17510847009998112,0.0935672514619883,0.05836949003332704,336,171.0,112.0,677.0,15571.0,No
4.1.0,hedwig-client/src/main/java/org/apache/hedwig/client/netty/HedwigPublisher.java,374.0,597.0,12,0,4,374.0,224.0,31.166666666666668,28.453905684143766,8.0,2.3711588070119807,632,207.0,52.666666666666664,294.0,175518.0,No
4.2.0,hedwig-client-jms/src/main/java/org/apache/hedwig/jms/message/BytesMessageImpl.java,657.0,657.0,1,0,1,657.0,657.0,657.0,4.469387755102041,4.469387755102041,4.469387755102041,147,147.0,147.0,421.0,276597.0,No
4.2.0,hedwig-client-jms/src/main/java/org/apache/hedwig/jms/selector/SelectorConstant.java,187.0,187.0,1,0,1,187.0,187.0,187.0,1.272108843537415,1.272108843537415,1.272108843537415,147,147.0,147.0,421.0,78727.0,No
4.2.2,bookkeeper-benchmark/src/main/java/org/apache/bookkeeper/benchmark/BenchBookie.java,229.0,243.0,5,0,3,229.0,177.0,45.8,70.74444444444444,44.25,14.148888888888887,99,72.0,19.8,677.0,164511.0,No
4.2.0,hedwig-client-jms/src/test/java/org/apache/activemq/ExpiryHogTest.java,61.0,61.0,1,0,1,61.0,61.0,61.0,0.41496598639455784,0.41496598639455784,0.41496598639455784,147,147.0,147.0,421.0,25681.0,No
4.2.2,bookkeeper-server/src/main/java/org/apache/bookkeeper/bookie/JournalChannel.java,232.0,253.0,9,0,3,232.0,157.0,25.77777777777778,44.12977598282476,31.4,4.903308442536084,180,72.0,20.0,677.0,171281.0,No
4.1.0,hedwig-server/src/main/java/org/apache/hedwig/server/subscriptions/ZkSubscriptionManager.java,279.0,558.0,4,0,3,279.0,226.0,69.75,11.188679535444502,9.458333333333334,2.7971698838611254,495,207.0,123.75,217.0,121086.0,No
4.0.0,bookkeeper-server/src/main/java/org/apache/bookkeeper/jmx/BKMBeanInfo.java,27.0,27.0,1,0,1,27.0,27.0,27.0,13.5,13.5,13.5,2,2.0,2.0,42.0,1134.0,No
4.2.1,bookkeeper-server/src/test/java/org/apache/bookkeeper/test/LedgerCreateDeleteTest.java,100.0,101.0,3,0,2,100.0,74.0,33.333333333333336,40.5970695970696,37.0,13.532356532356532,87,78.0,29.0,643.0,64943.0,No
4.2.2,bookkeeper-server/src/main/java/org/apache/bookkeeper/replication/AutoRecoveryMain.java,297.0,319.0,9,0,3,297.0,267.0,33.0,71.88737373737374,66.75,7.987485970819304,95,20.0,10.555555555555555,730.0,232870.0,No
4.2.0,hedwig-client-jms/src/test/java/org/apache/activemq/perf/SimpleNonPersistentTopicTest.java,37.0,37.0,1,0,1,37.0,37.0,37.0,0.25170068027210885,0.25170068027210885,0.25170068027210885,147,147.0,147.0,421.0,15577.0,No
4.1.0,hedwig-client/src/main/java/org/apache/hedwig/client/handlers/UnsubscribeResponseHandler.java,119.0,153.0,6,0,4,119.0,83.0,19.833333333333332,2.361818134240073,1.1290322580645162,0.3936363557066788,557,207.0,92.83333333333333,294.0,44982.0,No
4.2.2,bookkeeper-server/src/test/java/org/apache/bookkeeper/bookie/UpgradeTest.java,304.0,344.0,11,0,3,304.0,143.0,27.636363636363637,79.21779398762158,57.5,7.201617635238325,265,78.0,24.09090909090909,677.0,232888.0,No
4.1.0,bookkeeper-server/src/main/java/org/apache/bookkeeper/meta/FlatLedgerManagerFactory.java,97.0,102.0,4,0,2,97.0,72.0,24.25,3.6414141414141414,1.6363636363636365,0.9103535353535354,93,44.0,23.25,383.0,39066.0,No
4.1.0,bookkeeper-server/src/main/java/org/apache/bookkeeper/metastore/mock/MockMetastoreTable.java,341.0,341.0,1,0,1,341.0,341.0,341.0,21.3125,21.3125,21.3125,16,16.0,16.0,338.0,115258.0,No
Pre-Release,bookkeeper/src/test/java/org/apache/bookkeeper/test/BookieClientTest.java,232.0,232.0,1,0,1,232.0,232.0,232.0,1.1207729468599035,1.1207729468599035,1.1207729468599035,207,207.0,207.0,-251.0,-58232.0,No
4.1.0,hedwig-client/src/main/java/org/apache/hedwig/client/exceptions/NoResponseHandlerException.java,34.0,34.0,1,0,1,34.0,34.0,34.0,4.857142857142857,4.857142857142857,4.857142857142857,7,7.0,7.0,265.0,9010.0,No
Pre-Release,hedwig-server/src/main/java/org/apache/hedwig/server/persistence/Factory.java,22.0,22.0,1,0,1,22.0,22.0,22.0,0.10628019323671498,0.10628019323671498,0.10628019323671498,207,207.0,207.0,-251.0,-5522.0,No
4.1.0,hedwig-client/src/main/java/org/apache/hedwig/client/netty/impl/simple/SimpleSubscribeResponseHandler.java,751.0,1225.0,5,0,1,751.0,538.0,150.2,92.14404505888376,64.77777777777777,18.428809011776753,80,31.0,16.0,392.0,480200.0,No
4.2.1,bookkeeper-server/src/main/java/org/apache/bookkeeper/net/DNSToSwitchMapping.java,60.0,60.0,1,0,1,60.0,60.0,60.0,2.608695652173913,2.608695652173913,2.608695652173913,23,23.0,23.0,553.0,33180.0,No
4.1.0,hedwig-server/src/main/java/org/apache/hedwig/server/persistence/ReadAheadCacheBean.java,66.0,68.0,3,0,1,66.0,64.0,22.0,5.0,4.0,1.6666666666666667,24,16.0,8.0,399.0,27132.0,No
4.2.2,bookkeeper-server/src/test/java/org/apache/bookkeeper/client/TestReadTimeout.java,110.0,119.0,7,0,3,110.0,101.0,15.714285714285714,18.19616202510939,16.833333333333332,2.5994517178727703,203,78.0,29.0,692.0,82348.0,No
4.2.0,hedwig-server/src/test/java/org/apache/hedwig/server/subscriptions/TestUpdateSubscriptionState.java,259.0,266.0,4,0,3,259.0,246.0,64.75,20.988063660477454,20.5,5.247015915119364,158,78.0,39.5,474.0,126084.0,No
4.2.2,bookkeeper-stats/src/main/java/org/apache/bookkeeper/stats/StatsLogger.java,55.0,55.0,1,0,1,55.0,55.0,55.0,6.111111111111111,6.111111111111111,6.111111111111111,9,9.0,9.0,692.0,38060.0,No
Pre-Release,hedwig-server/src/main/java/org/apache/hedwig/zookeeper/SafeAsynBKCallback.java,134.0,164.0,2,0,2,134.0,104.0,67.0,0.8532926519196542,0.5024154589371981,0.4266463259598271,378,207.0,189.0,-92.0,-15088.0,No
4.2.0,hedwig-server/src/main/java/org/apache/hedwig/server/topics/MMTopicManager.java,356.0,358.0,3,0,1,356.0,353.0,118.66666666666667,19.010765550239235,18.57894736842105,6.336921850079745,42,19.0,14.0,474.0,169692.0,No
4.2.0,hedwig-server/src/main/java/org/apache/hedwig/server/topics/TrivialOwnAllTopicManager.java,61.0,64.0,4,0,3,61.0,52.0,15.25,0.9412662090007629,0.4166666666666667,0.2353165522501907,402,207.0,100.5,474.0,30336.0,No
4.1.0,hedwig-server/src/main/java/org/apache/hedwig/server/handlers/SubscriptionChannelManager.java,233.0,252.0,3,0,2,233.0,153.0,77.66666666666667,32.27047619047619,21.857142857142858,10.756825396825397,35,25.0,11.666666666666666,400.0,100800.0,No
4.2.2,hedwig-server/src/test/java/org/apache/hedwig/server/persistence/TestBookKeeperPersistenceManager.java,833.0,864.0,10,0,3,833.0,341.0,83.3,241.1728687978688,121.5,24.11728687978688,167,78.0,16.7,692.0,597888.0,No
Pre-Release,hedwig-server/src/test/java/org/apache/hedwig/HelperMethods.java,60.0,62.0,2,0,2,60.0,57.0,30.0,0.30460208492245106,0.2753623188405797,0.15230104246122553,378,207.0,189.0,-92.0,-5704.0,No
4.2.0,hedwig-server/src/main/java/org/apache/hedwig/admin/console/ReadTopic.java,382.0,432.0,5,1,2,382.0,357.0,76.4,80.77008949921432,71.4,16.154017899842863,102,41.0,20.4,429.0,185328.0,No
Pre-Release,{bookkeeper => bookkeeper-server}/src/main/java/org/apache/bookkeeper/proto/BookkeeperInternalCallbacks.java,0.0,0.0,1,0,1,0.0,0.0,0.0,0.0,0.0,0.0,56,56.0,56.0,-250.0,-0.0,No
4.2.1,bookkeeper-server/src/main/java/org/apache/bookkeeper/client/BookieWatcher.java,218.0,321.0,13,0,4,218.0,111.0,16.76923076923077,37.4511044801921,20.5,2.8808541907840075,398,171.0,30.615384615384617,623.0,199983.0,No
4.2.1,bookkeeper-server/src/main/java/org/apache/bookkeeper/client/BKException.java,114.0,125.0,9,0,2,114.0,28.0,12.666666666666666,12.462614870509608,4.285714285714286,1.3847349856121787,291,171.0,32.333333333333336,643.0,80375.0,No
Pre-Release,bookkeeper/src/main/java/org/apache/bookkeeper/client/BKException.java,249.0,249.0,1,0,1,249.0,249.0,249.0,1.2028985507246377,1.2028985507246377,1.2028985507246377,207,207.0,207.0,-251.0,-62499.0,No
4.2.2,bookkeeper-server/src/test/java/org/apache/bookkeeper/proto/TestDeathwatcher.java,61.0,62.0,2,0,1,61.0,60.0,30.5,30.02777777777778,30.0,15.01388888888889,74,72.0,37.0,677.0,41974.0,No
4.2.0,hedwig-client-jms/src/main/java/org/apache/hedwig/jms/ConnectionImpl.java,476.0,476.0,1,0,1,476.0,476.0,476.0,3.238095238095238,3.238095238095238,3.238095238095238,147,147.0,147.0,421.0,200396.0,No
Pre-Release,bookkeeper-server/src/main/java/org/apache/bookkeeper/util/Main.java,5.0,10.0,2,0,2,5.0,4.0,2.5,0.10738968633705476,0.06060606060606061,0.05369484316852738,204,171.0,102.0,-8.0,-80.0,No
Pre-Release,bookkeeper/src/main/java/org/apache/bookkeeper/client/LedgerMetadata.java,198.0,198.0,1,0,1,198.0,198.0,198.0,0.9565217391304348,0.9565217391304348,0.9565217391304348,207,207.0,207.0,-251.0,-49698.0,No
4.1.0,bookkeeper-server/src/main/java/org/apache/bookkeeper/replication/ReplicationEnableCb.java,56.0,56.0,1,0,1,56.0,56.0,56.0,8.0,8.0,8.0,7,7.0,7.0,302.0,16912.0,No
4.2.2,bookkeeper-stats/src/main/java/org/apache/bookkeeper/stats/OpStatsData.java,76.0,76.0,1,0,1,76.0,76.0,76.0,8.444444444444445,8.444444444444445,8.444444444444445,9,9.0,9.0,692.0,52592.0,No
4.1.0,bookkeeper-server/src/test/java/org/apache/bookkeeper/replication/ReplicationTestUtil.java,59.0,59.0,1,0,1,59.0,59.0,59.0,6.555555555555555,6.555555555555555,6.555555555555555,9,9.0,9.0,404.0,23836.0,No
4.2.0,hedwig-client-jms/src/main/java/org/apache/hedwig/jms/Mutable.java,61.0,61.0,1,0,1,61.0,61.0,61.0,0.41496598639455784,0.41496598639455784,0.41496598639455784,147,147.0,147.0,421.0,25681.0,No
4.1.0,bookkeeper-server/src/main/java/org/apache/bookkeeper/meta/ActiveLedgerManager.java,84.0,168.0,2,0,2,84.0,84.0,42.0,5.7272727272727275,3.8181818181818183,2.8636363636363638,66,44.0,33.0,383.0,64344.0,No
Pre-Release,{bookkeeper => bookkeeper-server}/src/test/java/org/apache/bookkeeper/test/BookieFailureTest.java,0.0,0.0,1,0,1,0.0,0.0,0.0,0.0,0.0,0.0,56,56.0,56.0,-250.0,-0.0,No
Pre-Release,{bookkeeper => bookkeeper-server}/src/test/java/org/apache/bookkeeper/test/NIOServerFactoryTest.java,0.0,0.0,1,0,1,0.0,0.0,0.0,0.0,0.0,0.0,56,56.0,56.0,-250.0,-0.0,No
4.2.0,hedwig-client-jms/src/main/java/org/apache/hedwig/jms/spi/QueueSessionImpl.java,84.0,84.0,1,0,1,84.0,84.0,84.0,0.5714285714285714,0.5714285714285714,0.5714285714285714,147,147.0,147.0,421.0,35364.0,No
4.2.2,bookkeeper-stats/src/main/java/org/apache/bookkeeper/stats/NullStatsProvider.java,40.0,40.0,1,0,1,40.0,40.0,40.0,4.444444444444445,4.444444444444445,4.444444444444445,9,9.0,9.0,692.0,27680.0,No
4.2.0,hedwig-client-jms/src/test/java/org/apache/activemq/usecases/TransactionTest.java,120.0,120.0,1,0,1,120.0,120.0,120.0,0.8163265306122449,0.8163265306122449,0.8163265306122449,147,147.0,147.0,421.0,50520.0,No
4.1.0,bookkeeper-server/src/main/java/org/apache/bookkeeper/metastore/MetastoreUtils.java,140.0,140.0,1,0,1,140.0,140.0,140.0,35.0,35.0,35.0,4,4.0,4.0,372.0,52080.0,No
Pre-Release,bookkeeper-server/src/test/java/org/apache/bookkeeper/{test => client}/LedgerCacheTest.java,1.0,2.0,1,0,1,1.0,1.0,1.0,0.11764705882352941,0.11764705882352941,0.11764705882352941,17,17.0,17.0,-40.0,-80.0,No
Pre-Release,{bookkeeper => bookkeeper-server}/src/main/java/org/apache/bookkeeper/bookie/BufferedChannel.java,0.0,0.0,1,0,1,0.0,0.0,0.0,0.0,0.0,0.0,56,56.0,56.0,-250.0,-0.0,No
4.2.1,bookkeeper-server/src/main/java/org/apache/bookkeeper/client/RackawareEnsemblePlacementPolicy.java,577.0,581.0,2,0,2,577.0,572.0,288.5,29.369565217391305,24.869565217391305,14.684782608695652,25,23.0,12.5,567.0,329427.0,No
4.1.0,hedwig-server/src/test/java/org/apache/hedwig/server/persistence/TestBookkeeperPersistenceManagerWhiteBox.java,375.0,391.0,7,0,4,375.0,218.0,53.57142857142857,87.32835677543915,74.0,12.47547953934845,512,207.0,73.14285714285714,388.0,151708.0,No
4.2.2,bookkeeper-server/src/test/java/org/apache/bookkeeper/test/BookieClientTest.java,73.0,134.0,11,0,3,73.0,20.0,6.636363636363637,9.277073318117461,3.0,0.8433703016470419,541,171.0,49.18181818181818,677.0,90718.0,No
4.1.0,hedwig-client/src/main/java/org/apache/hedwig/client/handlers/CloseSubscriptionResponseHandler.java,84.0,84.0,1,0,1,84.0,84.0,84.0,6.0,6.0,6.0,14,14.0,14.0,320.0,26880.0,No
4.1.0,hedwig-server/src/main/java/org/apache/hedwig/server/proxy/ChannelTracker.java,136.0,140.0,3,0,3,136.0,124.0,45.333333333333336,1.0341215357233664,0.5990338164251208,0.3447071785744555,403,207.0,134.33333333333334,331.0,46340.0,No
Pre-Release,hedwig-server/src/test/java/org/apache/hedwig/StubCallback.java,51.0,51.0,1,0,1,51.0,51.0,51.0,0.2463768115942029,0.2463768115942029,0.2463768115942029,207,207.0,207.0,-251.0,-12801.0,No
4.0.0,bookkeeper-server/src/test/java/org/apache/bookkeeper/meta/HierarchicalLedgerDeleteTest.java,47.0,51.0,2,0,1,47.0,47.0,23.5,1.787878787878788,1.4242424242424243,0.893939393939394,44,33.0,22.0,99.0,5049.0,No
4.2.1,hedwig-client/src/main/java/org/apache/hedwig/client/netty/impl/ActiveSubscriber.java,393.0,404.0,3,0,2,393.0,378.0,131.0,61.5,42.0,20.5,24,14.0,8.0,585.0,236340.0,No
Pre-Release,{bookkeeper => bookkeeper-server}/src/main/java/org/apache/bookkeeper/client/DigestManager.java,0.0,0.0,1,0,1,0.0,0.0,0.0,0.0,0.0,0.0,56,56.0,56.0,-250.0,-0.0,No
4.1.0,bookkeeper-server/src/main/java/org/apache/bookkeeper/metastore/mock/MockMetaStore.java,81.0,81.0,1,0,1,81.0,81.0,81.0,5.0625,5.0625,5.0625,16,16.0,16.0,338.0,27378.0,No
Pre-Release,bookkeeper/src/test/java/org/apache/bookkeeper/test/BookieRecoveryTest.java,400.0,400.0,1,0,1,400.0,400.0,400.0,1.932367149758454,1.932367149758454,1.932367149758454,207,207.0,207.0,-251.0,-100400.0,No
4.2.1,hedwig-server/src/main/java/org/apache/hedwig/server/persistence/ReadAheadCache.java,1118.0,1373.0,15,1,4,1118.0,703.0,74.53333333333333,172.90328811900585,62.5,11.52688587460039,651,207.0,43.4,665.0,913045.0,No
4.2.0,bookkeeper-server/src/test/java/org/apache/bookkeeper/meta/LedgerLayoutTest.java,173.0,198.0,6,0,3,173.0,136.0,28.833333333333332,6.397435897435898,4.121212121212121,1.0662393162393162,225,78.0,37.5,474.0,93852.0,No
4.2.0,hedwig-client-jms/src/test/java/org/apache/activemq/usecases/TestSupport.java,157.0,157.0,1,0,1,157.0,157.0,157.0,1.0680272108843538,1.0680272108843538,1.0680272108843538,147,147.0,147.0,421.0,66097.0,No
Pre-Release,bookkeeper/src/main/java/org/apache/bookkeeper/bookie/BookieException.java,81.0,81.0,1,0,1,81.0,81.0,81.0,0.391304347826087,0.391304347826087,0.391304347826087,207,207.0,207.0,-251.0,-20331.0,No
4.2.2,bookkeeper-server/src/main/java/org/apache/bookkeeper/util/DaemonThreadFactory.java,39.0,39.0,1,0,1,39.0,39.0,39.0,1.625,1.625,1.625,24,24.0,24.0,675.0,26325.0,No
4.1.0,hedwig-server/src/test/java/org/apache/hedwig/server/HedwigRegionTestBase.java,329.0,371.0,10,1,4,329.0,221.0,32.9,15.934520947149444,11.8,1.5934520947149444,623,207.0,62.3,383.0,142093.0,No
4.2.1,bookkeeper-server/src/test/java/org/apache/bookkeeper/replication/AutoRecoveryMainTest.java,108.0,108.0,2,0,1,108.0,69.0,54.0,20.5,17.25,10.25,16,12.0,8.0,623.0,67284.0,No
4.1.0,bookkeeper-server/src/main/java/org/apache/bookkeeper/metastore/mock/MockMetastoreCursor.java,98.0,98.0,1,0,1,98.0,98.0,98.0,6.125,6.125,6.125,16,16.0,16.0,338.0,33124.0,No
Pre-Release,hedwig-client/src/main/java/org/apache/hedwig/util/Callback.java,51.0,55.0,2,0,2,51.0,47.0,25.5,0.2738367658276125,0.22705314009661837,0.13691838291380626,378,207.0,189.0,-92.0,-5060.0,No
4.2.0,hedwig-client-jms/src/main/java/org/apache/hedwig/jms/jndi/HedwigInitialContextFactory.java,33.0,33.0,1,0,1,33.0,33.0,33.0,0.22448979591836735,0.22448979591836735,0.22448979591836735,147,147.0,147.0,421.0,13893.0,No
4.2.2,bookkeeper-stats/src/main/java/org/apache/bookkeeper/stats/Gauge.java,28.0,28.0,1,0,1,28.0,28.0,28.0,3.111111111111111,3.111111111111111,3.111111111111111,9,9.0,9.0,692.0,19376.0,No
4.2.0,hedwig-client-jms/src/test/java/org/apache/activemq/JmsTopicSendSameMessageTest.java,46.0,46.0,1,0,1,46.0,46.0,46.0,0.3129251700680272,0.3129251700680272,0.3129251700680272,147,147.0,147.0,421.0,19366.0,No
4.1.0,hedwig-server/src/test/java/org/apache/hedwig/server/handlers/TestSubUnsubHandler.java,203.0,228.0,8,0,3,203.0,166.0,25.375,3.826486993809648,1.7142857142857142,0.478310874226206,542,207.0,67.75,388.0,88464.0,No
Pre-Release,{bookkeeper => bookkeeper-server}/src/test/java/org/apache/bookkeeper/test/LedgerRecoveryTest.java,0.0,0.0,1,0,1,0.0,0.0,0.0,0.0,0.0,0.0,56,56.0,56.0,-250.0,-0.0,No
Pre-Release,hedwig-server/src/main/java/org/apache/hedwig/server/topics/TopicOwnershipChangeListener.java,28.0,28.0,1,0,1,28.0,28.0,28.0,0.13526570048309178,0.13526570048309178,0.13526570048309178,207,207.0,207.0,-251.0,-7028.0,No
4.2.0,hedwig-client-jms/src/test/java/org/apache/activemq/usecases/SubscribeClosePublishThenConsumeTest.java,107.0,107.0,1,0,1,107.0,107.0,107.0,0.7278911564625851,0.7278911564625851,0.7278911564625851,147,147.0,147.0,421.0,45047.0,No
4.2.2,bookkeeper-server/src/main/java/org/apache/bookkeeper/client/PendingReadOp.java,552.0,877.0,23,2,3,552.0,139.0,24.0,226.32637718189503,77.5,9.840277268778044,518,171.0,22.52173913043478,776.0,680552.0,No
4.2.0,hedwig-client-jms/src/test/java/org/apache/activemq/perf/NetworkedSyncTest.java,212.0,212.0,1,0,1,212.0,212.0,212.0,1.4421768707482994,1.4421768707482994,1.4421768707482994,147,147.0,147.0,421.0,89252.0,No
4.2.2,bookkeeper-stats-providers/codahale-metrics-provider/src/main/java/org/apache/bookkeeper/stats/CodahaleOpStatsLogger.java,68.0,68.0,1,0,1,68.0,68.0,68.0,22.666666666666668,22.666666666666668,22.666666666666668,3,3.0,3.0,703.0,47804.0,No
4.2.0,hedwig-client-jms/src/main/java/org/apache/hedwig/jms/LRUCacheSet.java,115.0,115.0,1,0,1,115.0,115.0,115.0,0.782312925170068,0.782312925170068,0.782312925170068,147,147.0,147.0,421.0,48415.0,No
4.2.0,hedwig-client-jms/src/main/java/org/apache/hedwig/jms/selector/ValueComparisonFunction.java,329.0,329.0,1,0,1,329.0,329.0,329.0,2.238095238095238,2.238095238095238,2.238095238095238,147,147.0,147.0,421.0,138509.0,No
4.1.0,hedwig-client/src/test/java/org/apache/hedwig/util/TestFileUtils.java,42.0,43.0,2,0,2,42.0,41.0,21.0,0.22370865849126717,0.19806763285024154,0.11185432924563359,285,207.0,142.5,388.0,16684.0,No
4.0.0,hedwig-server/src/main/java/org/apache/hedwig/server/netty/PubSubServerMXBean.java,63.0,63.0,1,0,1,63.0,63.0,63.0,3.9375,3.9375,3.9375,16,16.0,16.0,113.0,7119.0,No
4.0.0,bookkeeper-server/src/main/java/org/apache/bookkeeper/bookie/BookieBean.java,53.0,55.0,2,0,2,53.0,52.0,26.5,4.833333333333333,4.333333333333333,2.4166666666666665,18,12.0,9.0,132.0,7260.0,No
4.2.0,hedwig-client/src/main/java/org/apache/hedwig/client/netty/impl/HChannelHandler.java,285.0,288.0,3,0,2,285.0,261.0,95.0,9.44191894127378,8.419354838709678,3.1473063137579267,95,39.0,31.666666666666668,474.0,136512.0,No
4.2.2,bookkeeper-stats-providers/twitter-ostrich-provider/src/main/java/org/apache/bookkeeper/stats/twitter/ostrich/CounterImpl.java,53.0,53.0,1,0,1,53.0,53.0,53.0,5.888888888888889,5.888888888888889,5.888888888888889,9,9.0,9.0,692.0,36676.0,No
4.1.0,hedwig-server/src/test/java/org/apache/hedwig/server/LoggingExceptionHandler.java,35.0,35.0,1,0,1,35.0,35.0,35.0,3.5,3.5,3.5,10,10.0,10.0,383.0,13405.0,No
4.2.0,hedwig-server/src/test/java/org/apache/hedwig/server/topics/TestMMTopicManager.java,363.0,369.0,3,0,2,363.0,321.0,121.0,20.18960863697706,16.894736842105264,6.72986954565902,109,78.0,36.333333333333336,474.0,174906.0,No
4.2.2,bookkeeper-stats-providers/twitter-ostrich-provider/src/main/java/org/apache/bookkeeper/stats/twitter/ostrich/OpStatsLoggerImpl.java,81.0,81.0,1,0,1,81.0,81.0,81.0,9.0,9.0,9.0,9,9.0,9.0,692.0,56052.0,No
4.1.0,bookkeeper-server/src/main/java/org/apache/bookkeeper/versioning/Versioned.java,45.0,45.0,1,0,1,45.0,45.0,45.0,1.0227272727272727,1.0227272727272727,1.0227272727272727,44,44.0,44.0,195.0,8775.0,No
Pre-Release,hedwig-server/src/test/java/org/apache/hedwig/server/persistence/TestReadAheadCacheBlackBox.java,54.0,54.0,1,0,1,54.0,54.0,54.0,0.2608695652173913,0.2608695652173913,0.2608695652173913,207,207.0,207.0,-251.0,-13554.0,No
4.1.0,hedwig-server/src/main/java/org/apache/hedwig/server/handlers/PublishHandler.java,106.0,122.0,5,0,4,106.0,68.0,21.2,1.9566321761351375,0.6428571428571429,0.3913264352270275,439,207.0,87.8,236.0,28792.0,No
Pre-Release,hedwig-server/src/test/java/org/apache/hedwig/StubScanCallback.java,57.0,57.0,1,0,1,57.0,57.0,57.0,0.2753623188405797,0.2753623188405797,0.2753623188405797,207,207.0,207.0,-251.0,-14307.0,No
Pre-Release,hedwig-server/src/main/java/org/apache/hedwig/server/persistence/MapMethods.java,62.0,62.0,1,0,1,62.0,62.0,62.0,0.2995169082125604,0.2995169082125604,0.2995169082125604,207,207.0,207.0,-251.0,-15562.0,No
4.2.1,bookkeeper-server/src/test/java/org/apache/bookkeeper/util/StaticDNSResolver.java,80.0,80.0,1,0,1,80.0,80.0,80.0,3.4782608695652173,3.4782608695652173,3.4782608695652173,23,23.0,23.0,553.0,44240.0,No
4.1.0,bookkeeper-server/src/main/java/org/apache/bookkeeper/metastore/MetastoreTable.java,172.0,172.0,1,0,1,172.0,172.0,172.0,10.75,10.75,10.75,16,16.0,16.0,338.0,58136.0,No
4.2.1,bookkeeper-server/src/main/java/org/apache/bookkeeper/metastore/InMemoryMetastoreCursor.java,6.0,9.0,1,0,1,6.0,6.0,6.0,1.0,1.0,1.0,9,9.0,9.0,484.0,4356.0,No
4.0.0,hedwig-server/src/main/java/org/apache/hedwig/server/jmx/HedwigMBeanInfo.java,27.0,27.0,1,0,1,27.0,27.0,27.0,6.75,6.75,6.75,4,4.0,4.0,103.0,2781.0,No
4.2.1,bookkeeper-server/src/test/java/org/apache/bookkeeper/bookie/BookieAccessor.java,40.0,41.0,2,0,1,40.0,35.0,20.0,3.378205128205128,2.9166666666666665,1.689102564102564,25,13.0,12.5,514.0,21074.0,No
4.2.2,bookkeeper-server/src/main/java/org/apache/bookkeeper/bookie/BookieCriticalThread.java,45.0,45.0,1,0,1,45.0,45.0,45.0,4.5,4.5,4.5,10,10.0,10.0,730.0,32850.0,No
Pre-Release,{bookkeeper => bookkeeper-server}/src/test/java/org/apache/bookkeeper/test/LedgerDeleteTest.java,0.0,0.0,1,0,1,0.0,0.0,0.0,0.0,0.0,0.0,56,56.0,56.0,-250.0,-0.0,No
Pre-Release,bookkeeper/src/main/java/org/apache/bookkeeper/util/LocalBookKeeper.java,209.0,209.0,1,0,1,209.0,209.0,209.0,1.0096618357487923,1.0096618357487923,1.0096618357487923,207,207.0,207.0,-251.0,-52459.0,No
Pre-Release,hedwig-client/src/main/java/org/apache/hedwig/util/Either.java,50.0,50.0,1,0,1,50.0,50.0,50.0,0.24154589371980675,0.24154589371980675,0.24154589371980675,207,207.0,207.0,-251.0,-12550.0,No
4.1.0,hedwig-server/src/main/java/org/apache/hedwig/admin/console/HedwigCommands.java,440.0,443.0,3,1,1,440.0,424.0,146.66666666666666,86.50588235294117,84.8,28.835294117647056,47,34.0,15.666666666666666,358.0,158594.0,No
Pre-Release,hedwig-server/src/main/java/org/apache/hedwig/server/proxy/ProxyPublishHander.java,62.0,62.0,1,0,1,62.0,62.0,62.0,0.2995169082125604,0.2995169082125604,0.2995169082125604,207,207.0,207.0,-251.0,-15562.0,No
4.1.0,hedwig-server/src/test/java/org/apache/hedwig/server/handlers/TestBaseHandler.java,119.0,122.0,2,0,2,119.0,116.0,59.5,0.6373095503530286,0.5603864734299517,0.3186547751765143,285,207.0,142.5,388.0,47336.0,No
4.1.0,bookkeeper-server/src/main/java/org/apache/bookkeeper/meta/LedgerUnderreplicationManager.java,109.0,109.0,3,0,1,109.0,64.0,36.333333333333336,13.003968253968253,7.111111111111111,4.334656084656085,28,12.0,9.333333333333334,394.0,42946.0,No
4.2.0,hedwig-client-jms/src/test/java/org/apache/activemq/test/JmsResourceProvider.java,237.0,237.0,1,0,1,237.0,237.0,237.0,1.6122448979591837,1.6122448979591837,1.6122448979591837,147,147.0,147.0,421.0,99777.0,No
Pre-Release,{bookkeeper => bookkeeper-server}/src/main/java/org/apache/bookkeeper/proto/NIOServerFactory.java,0.0,0.0,1,0,1,0.0,0.0,0.0,0.0,0.0,0.0,56,56.0,56.0,-250.0,-0.0,No
Pre-Release,hedwig-server/src/main/java/org/apache/hedwig/server/delivery/DeliveryEndPoint.java,28.0,28.0,1,0,1,28.0,28.0,28.0,0.13526570048309178,0.13526570048309178,0.13526570048309178,207,207.0,207.0,-251.0,-7028.0,No
4.1.0,hedwig-client/src/main/java/org/apache/hedwig/client/handlers/SubscribeReconnectCallback.java,142.0,171.0,7,0,4,142.0,113.0,20.285714285714285,4.312191702148889,3.111111111111111,0.6160273860212698,574,207.0,82.0,282.0,48222.0,No
4.1.0,hedwig-client/src/main/java/org/apache/hedwig/filter/ServerMessageFilter.java,47.0,47.0,1,0,1,47.0,47.0,47.0,2.9375,2.9375,2.9375,16,16.0,16.0,271.0,12737.0,No
4.1.0,bookkeeper-server/src/test/java/org/apache/bookkeeper/meta/HierarchicalBookieRecoveryTest.java,46.0,92.0,2,0,1,46.0,46.0,23.0,2.4393939393939394,1.393939393939394,1.2196969696969697,77,44.0,38.5,195.0,17940.0,No
4.1.0,hedwig-server/src/test/java/org/apache/hedwig/server/netty/TestServerStats.java,46.0,51.0,4,1,2,46.0,26.0,11.5,13.055052790346908,8.5,3.263763197586727,99,78.0,24.75,388.0,19788.0,No
Pre-Release,{bookkeeper => bookkeeper-server}/src/main/java/org/apache/bookkeeper/client/LedgerDeleteOp.java,0.0,0.0,1,0,1,0.0,0.0,0.0,0.0,0.0,0.0,56,56.0,56.0,-250.0,-0.0,No
4.2.2,bookkeeper-server/src/main/java/org/apache/bookkeeper/client/BookKeeperAdmin.java,1448.0,2019.0,29,2,4,1448.0,714.0,49.93103448275862,291.40320213865454,99.66666666666667,10.04838628064326,567,93.0,19.551724137931036,677.0,1366863.0,No
4.2.2,bookkeeper-server/src/test/java/org/apache/bookkeeper/replication/AuditorPeriodicCheckTest.java,382.0,427.0,5,0,3,382.0,276.0,76.4,53.54761904761905,23.0,10.70952380952381,37,12.0,7.4,674.0,287798.0,No
4.2.0,hedwig-server/src/test/java/org/apache/hedwig/client/netty/TestMultiplexing.java,456.0,474.0,5,0,3,456.0,431.0,91.2,18.526598459012252,17.24,3.7053196918024502,178,78.0,35.6,474.0,224676.0,No
4.2.2,bookkeeper-server/src/main/java/org/apache/bookkeeper/client/BookKeeper.java,1129.0,1819.0,29,0,3,1129.0,407.0,38.93103448275862,154.2410177424233,47.333333333333336,5.318655784221494,643,171.0,22.17241379310345,776.0,1411544.0,No
4.2.2,bookkeeper-server/src/main/java/org/apache/bookkeeper/processor/RequestProcessor.java,43.0,43.0,1,0,1,43.0,43.0,43.0,4.3,4.3,4.3,10,10.0,10.0,776.0,33368.0,No
4.2.0,hedwig-client-jms/src/test/java/org/apache/activemq/JMSIndividualAckTest.java,165.0,165.0,1,0,1,165.0,165.0,165.0,1.1224489795918366,1.1224489795918366,1.1224489795918366,147,147.0,147.0,421.0,69465.0,No
4.2.0,hedwig-client-jms/src/test/java/org/apache/activemq/test/rollback/DelegatingTransactionalMessageListener.java,71.0,71.0,1,0,1,71.0,71.0,71.0,0.48299319727891155,0.48299319727891155,0.48299319727891155,147,147.0,147.0,421.0,29891.0,No
Pre-Release,bookkeeper/src/main/java/org/apache/bookkeeper/client/LedgerDeleteOp.java,80.0,80.0,1,0,1,80.0,80.0,80.0,0.3864734299516908,0.3864734299516908,0.3864734299516908,207,207.0,207.0,-251.0,-20080.0,No
4.2.0,hedwig-client-jms/src/test/java/org/apache/activemq/perf/SlowConsumerTopicTest.java,56.0,56.0,1,0,1,56.0,56.0,56.0,0.38095238095238093,0.38095238095238093,0.38095238095238093,147,147.0,147.0,421.0,23576.0,No
4.2.2,bookkeeper-stats/src/main/java/org/apache/bookkeeper/stats/OpStatsLogger.java,49.0,49.0,1,0,1,49.0,49.0,49.0,5.444444444444445,5.444444444444445,5.444444444444445,9,9.0,9.0,692.0,33908.0,No
4.2.2,bookkeeper-server/src/main/java/org/apache/bookkeeper/proto/BookieNettyServer.java,232.0,265.0,7,0,3,232.0,189.0,33.142857142857146,58.281024531024535,38.0,8.32586064728922,126,72.0,18.0,776.0,205640.0,No
Pre-Release,hedwig-client/src/main/java/org/apache/hedwig/client/exceptions/ServerRedirectLoopException.java,40.0,42.0,2,0,2,40.0,38.0,20.0,0.20696669209255023,0.18357487922705315,0.10348334604627511,378,207.0,189.0,-92.0,-3864.0,No
4.2.2,bookkeeper-server/src/test/java/org/apache/bookkeeper/bookie/CreateNewLogTest.java,110.0,118.0,4,0,3,110.0,102.0,27.5,51.69230769230769,51.0,12.923076923076923,116,78.0,29.0,726.0,85668.0,No
4.2.0,hedwig-server/src/main/java/org/apache/hedwig/server/subscriptions/AbstractSubscriptionManager.java,976.0,1148.0,19,1,4,976.0,450.0,51.36842105263158,134.32476184295444,63.0,7.069724307523918,673,207.0,35.421052631578945,429.0,492492.0,No
4.1.0,hedwig-client/src/main/java/org/apache/hedwig/client/netty/impl/simple/SubscribeReconnectCallback.java,5.0,106.0,2,0,1,5.0,5.0,2.5,14.11111111111111,11.11111111111111,7.055555555555555,11,9.0,5.5,366.0,38796.0,No
4.2.0,hedwig-server/src/main/java/org/apache/hedwig/server/topics/TopicManager.java,94.0,100.0,4,0,3,94.0,75.0,23.5,1.5158276125095347,0.6666666666666666,0.37895690312738367,402,207.0,100.5,474.0,47400.0,No
4.2.0,hedwig-client-jms/src/test/java/org/apache/activemq/JmsClientAckListenerTest.java,127.0,127.0,1,0,1,127.0,127.0,127.0,0.8639455782312925,0.8639455782312925,0.8639455782312925,147,147.0,147.0,421.0,53467.0,No
4.2.0,hedwig-client-jms/src/test/java/org/apache/activemq/util/MessageIdList.java,267.0,267.0,1,0,1,267.0,267.0,267.0,1.816326530612245,1.816326530612245,1.816326530612245,147,147.0,147.0,421.0,112407.0,No
4.1.0,hedwig-server/src/main/java/org/apache/hedwig/server/subscriptions/MMSubscriptionManager.java,161.0,188.0,4,0,1,161.0,82.0,40.25,13.380555555555556,6.375,3.345138888888889,65,24.0,16.25,355.0,66740.0,No
Pre-Release,bookkeeper/src/main/java/org/apache/bookkeeper/proto/NIOServerFactory.java,521.0,521.0,1,0,1,521.0,521.0,521.0,2.5169082125603865,2.5169082125603865,2.5169082125603865,207,207.0,207.0,-251.0,-130771.0,No
Pre-Release,{bookkeeper => bookkeeper-server}/src/main/java/org/apache/bookkeeper/client/AsyncCallback.java,0.0,0.0,1,0,1,0.0,0.0,0.0,0.0,0.0,0.0,56,56.0,56.0,-250.0,-0.0,No
4.1.0,hedwig-server/src/test/java/org/apache/hedwig/server/integration/TestHedwigHubProxy.java,36.0,36.0,1,0,1,36.0,36.0,36.0,3.6,3.6,3.6,10,10.0,10.0,383.0,13788.0,No
Pre-Release,bookkeeper-server/src/test/java/org/apache/bookkeeper/{test => client}/BookieRecoveryTest.java,209.0,217.0,1,0,1,209.0,209.0,209.0,54.25,54.25,54.25,4,4.0,4.0,-21.0,-4557.0,No
4.0.0,bookkeeper-server/src/main/java/org/apache/bookkeeper/bookie/LedgerCacheBean.java,80.0,133.0,2,0,1,80.0,79.0,40.0,13.333333333333332,6.75,6.666666666666666,20,12.0,10.0,104.0,13832.0,No
4.2.1,hedwig-server/src/test/java/org/apache/hedwig/server/delivery/TestFIFODeliveryManager.java,329.0,360.0,4,0,2,329.0,197.0,82.25,118.08333333333334,65.66666666666667,29.520833333333336,24,12.0,6.0,595.0,214200.0,No
4.2.0,hedwig-client-jms/src/main/java/org/apache/hedwig/jms/spi/TopicSessionImpl.java,76.0,76.0,1,0,1,76.0,76.0,76.0,0.5170068027210885,0.5170068027210885,0.5170068027210885,147,147.0,147.0,421.0,31996.0,No
Pre-Release,{bookkeeper => bookkeeper-server}/src/main/java/org/apache/bookkeeper/util/SafeRunnable.java,0.0,0.0,1,0,1,0.0,0.0,0.0,0.0,0.0,0.0,56,56.0,56.0,-250.0,-0.0,No
4.2.0,hedwig-client-jms/src/test/java/org/apache/activemq/ConsumerReceiveWithTimeoutTest.java,84.0,84.0,1,0,1,84.0,84.0,84.0,0.5714285714285714,0.5714285714285714,0.5714285714285714,147,147.0,147.0,421.0,35364.0,No
4.2.0,hedwig-client-jms/src/test/java/org/apache/activemq/LoadTestBurnIn.java,164.0,164.0,1,0,1,164.0,164.0,164.0,1.1156462585034013,1.1156462585034013,1.1156462585034013,147,147.0,147.0,421.0,69044.0,No
4.2.2,bookkeeper-server/src/main/java/org/apache/bookkeeper/bookie/SyncThread.java,278.0,367.0,5,0,2,278.0,192.0,55.6,143.2527777777778,78.5,28.65055555555556,111,72.0,22.2,677.0,248459.0,No
4.2.2,bookkeeper-server/src/main/java/org/apache/bookkeeper/client/LedgerHandle.java,1633.0,2754.0,41,3,4,1633.0,531.0,39.829268292682926,323.57065819080987,108.5,7.891967272946582,744,171.0,18.146341463414632,776.0,2137104.0,No
4.1.0,hedwig-client/src/main/java/org/apache/hedwig/client/netty/impl/simple/SimpleHChannelManager.java,364.0,370.0,4,0,1,364.0,308.0,91.0,18.78469022017409,9.935483870967742,4.696172555043523,60,31.0,15.0,404.0,149480.0,No
4.1.0,bookkeeper-server/src/test/java/org/apache/bookkeeper/util/TestUtils.java,52.0,52.0,1,0,1,52.0,52.0,52.0,52.0,52.0,52.0,1,1.0,1.0,355.0,18460.0,No
4.2.1,bookkeeper-server/src/main/java/org/apache/bookkeeper/conf/AbstractConfiguration.java,248.0,259.0,10,1,3,248.0,61.0,24.8,15.571857128378868,4.666666666666667,1.5571857128378868,194,44.0,19.4,553.0,143227.0,No
4.1.0,bookkeeper-server/src/main/java/org/apache/bookkeeper/meta/ZkVersion.java,72.0,75.0,2,0,1,72.0,65.0,36.0,2.3863636363636367,1.4772727272727273,1.1931818181818183,55,44.0,27.5,254.0,19050.0,No
Pre-Release,bookkeeper/src/main/java/org/apache/bookkeeper/streaming/LedgerInputStream.java,173.0,173.0,1,0,1,173.0,173.0,173.0,0.8357487922705314,0.8357487922705314,0.8357487922705314,207,207.0,207.0,-251.0,-43423.0,No
4.2.0,hedwig-client-jms/src/main/java/org/apache/hedwig/jms/selector/UnaryArithmeticFunction.java,73.0,73.0,1,0,1,73.0,73.0,73.0,0.4965986394557823,0.4965986394557823,0.4965986394557823,147,147.0,147.0,421.0,30733.0,No
4.2.0,hedwig-client-jms/src/main/java/org/apache/hedwig/jms/spi/HedwigMessagingSessionFacade.java,626.0,628.0,2,0,2,626.0,621.0,313.0,4.403976975405547,4.224489795918367,2.2019884877027733,186,147.0,93.0,474.0,297672.0,No
4.1.0,hedwig-client/src/main/java/org/apache/hedwig/client/netty/impl/ResubscribeCallback.java,7.0,7.0,1,0,1,7.0,7.0,7.0,0.5,0.5,0.5,14,14.0,14.0,392.0,2744.0,No
4.2.0,hedwig-client-jms/src/test/java/org/apache/activemq/JmsTopicTransactionTest.java,36.0,36.0,1,0,1,36.0,36.0,36.0,0.24489795918367346,0.24489795918367346,0.24489795918367346,147,147.0,147.0,421.0,15156.0,No
4.2.0,hedwig-server/src/main/java/org/apache/hedwig/zookeeper/ZkUtils.java,133.0,149.0,5,0,4,133.0,78.0,26.6,2.2172372033042294,1.5833333333333333,0.44344744066084585,534,207.0,106.8,474.0,70626.0,No
4.1.0,bookkeeper-server/src/main/java/org/apache/bookkeeper/metastore/MetastoreException.java,34.0,34.0,1,0,1,34.0,34.0,34.0,2.125,2.125,2.125,16,16.0,16.0,338.0,11492.0,No
4.1.0,bookkeeper-server/src/test/java/org/apache/bookkeeper/{test => client}/LedgerRecoveryTest.java,69.0,70.0,1,0,1,69.0,69.0,69.0,23.333333333333332,23.333333333333332,23.333333333333332,3,3.0,3.0,372.0,26040.0,No
Pre-Release,{bookkeeper => bookkeeper-server}/src/main/java/org/apache/bookkeeper/proto/BookieServer.java,0.0,0.0,1,0,1,0.0,0.0,0.0,0.0,0.0,0.0,56,56.0,56.0,-250.0,-0.0,No
4.2.0,hedwig-server/src/main/java/org/apache/hedwig/server/benchmark/BookkeeperBenchmark.java,130.0,166.0,6,0,5,130.0,91.0,21.666666666666668,1.2232384456116088,0.4396135265700483,0.20387307426860146,546,207.0,91.0,429.0,71214.0,No
4.1.0,bookkeeper-server/src/main/java/org/apache/bookkeeper/meta/LedgerLayout.java,286.0,328.0,7,1,3,286.0,204.0,40.857142857142854,10.937179487179488,6.181818181818182,1.5624542124542127,184,44.0,26.285714285714285,367.0,120376.0,No
4.2.0,bookkeeper-server/src/test/java/org/apache/bookkeeper/test/NIOServerFactoryTest.java,13.0,86.0,6,1,2,13.0,4.0,2.1666666666666665,6.3221344817715055,5.909090909090909,1.053689080295251,353,171.0,58.833333333333336,433.0,37238.0,No
Pre-Release,{bookkeeper => bookkeeper-server}/src/main/java/org/apache/bookkeeper/client/CRC32DigestManager.java,0.0,0.0,1,0,1,0.0,0.0,0.0,0.0,0.0,0.0,56,56.0,56.0,-250.0,-0.0,No
4.2.0,bookkeeper-server/src/main/java/org/apache/bookkeeper/proto/ResponseBuilder.java,52.0,57.0,2,0,2,52.0,40.0,26.0,6.064935064935065,3.6363636363636362,3.0324675324675323,18,11.0,9.0,466.0,26562.0,No
4.1.0,hedwig-server/src/test/java/org/apache/hedwig/server/persistence/StubPersistenceManager.java,143.0,149.0,6,0,4,143.0,112.0,23.833333333333332,5.541102966446216,3.6666666666666665,0.9235171610743693,446,207.0,74.33333333333333,402.0,59898.0,No
4.1.0,hedwig-client/src/main/java/org/apache/hedwig/filter/MessageFilter.java,70.0,70.0,1,0,1,70.0,70.0,70.0,3.1818181818181817,3.1818181818181817,3.1818181818181817,22,22.0,22.0,264.0,18480.0,No
4.2.2,bookkeeper-server/src/main/java/org/apache/bookkeeper/conf/ClientConfiguration.java,474.0,524.0,15,0,4,474.0,216.0,31.6,67.71475582147012,15.0,4.514317054764675,204,41.0,13.6,692.0,362608.0,No
4.2.2,bookkeeper-server/src/main/java/org/apache/bookkeeper/bookie/InterleavedLedgerStorage.java,423.0,532.0,20,0,3,423.0,183.0,21.15,94.6527195027195,44.0,4.732635975135976,292,72.0,14.6,776.0,412832.0,No
4.1.0,bookkeeper-server/src/test/java/org/apache/bookkeeper/test/IndexCorruptionTest.java,171.0,176.0,3,0,2,171.0,166.0,57.0,33.7967365967366,33.2,11.265578865578867,94,78.0,31.333333333333332,388.0,68288.0,No
Pre-Release,bookkeeper/src/main/java/org/apache/bookkeeper/client/DistributionSchedule.java,61.0,61.0,1,0,1,61.0,61.0,61.0,0.2946859903381642,0.2946859903381642,0.2946859903381642,207,207.0,207.0,-251.0,-15311.0,No
4.1.0,hedwig-client/src/main/java/org/apache/hedwig/client/netty/impl/multiplex/ResubscribeCallback.java,99.0,100.0,2,0,1,99.0,94.0,49.5,6.76,3.76,3.38,27,25.0,13.5,363.0,36300.0,No
4.1.0,bookkeeper-server/src/main/java/org/apache/bookkeeper/proto/BKStats.java,249.0,250.0,2,0,2,249.0,236.0,124.5,20.93939393939394,19.666666666666668,10.46969696969697,23,12.0,11.5,229.0,57250.0,No
4.2.0,hedwig-server/src/main/java/org/apache/hedwig/server/persistence/LocalDBPersistenceManager.java,515.0,539.0,9,1,5,515.0,426.0,57.22222222222222,5.434609375703914,2.0579710144927534,0.6038454861893238,650,207.0,72.22222222222223,429.0,231231.0,No
4.1.0,hedwig-client/src/main/java/org/apache/hedwig/client/netty/ConnectCallback.java,140.0,280.0,8,0,4,140.0,122.0,17.5,6.873176543088701,4.096774193548387,0.8591470678860876,601,207.0,75.125,294.0,82320.0,No
4.2.0,hedwig-client-jms/src/main/java/org/apache/hedwig/jms/selector/InterpretSelectorParserVisitor.java,180.0,180.0,1,0,1,180.0,180.0,180.0,1.2244897959183674,1.2244897959183674,1.2244897959183674,147,147.0,147.0,421.0,75780.0,No
4.1.0,bookkeeper-server/src/test/java/org/apache/bookkeeper/client/ClientUtil.java,36.0,36.0,2,0,1,36.0,30.0,18.0,7.2,6.0,3.6,10,5.0,5.0,280.0,10080.0,No
4.2.0,hedwig-client-jms/src/test/java/org/apache/activemq/usecases/MyObject.java,73.0,73.0,1,0,1,73.0,73.0,73.0,0.4965986394557823,0.4965986394557823,0.4965986394557823,147,147.0,147.0,421.0,30733.0,No
4.1.0,bookkeeper-server/src/test/java/org/apache/bookkeeper/meta/TestZkVersion.java,69.0,73.0,3,0,2,69.0,59.0,23.0,2.145104895104895,1.3409090909090908,0.715034965034965,133,78.0,44.333333333333336,388.0,28324.0,No
4.1.0,bookkeeper-server/src/test/java/org/apache/bookkeeper/test/MultiLedgerManagerMultiDigestTestCase.java,64.0,64.0,2,0,1,64.0,63.0,32.0,1.542929292929293,1.4318181818181819,0.7714646464646465,53,44.0,26.5,371.0,23744.0,No
4.2.0,hedwig-server/src/test/java/org/apache/hedwig/server/topics/StubTopicManager.java,67.0,70.0,3,0,3,67.0,64.0,22.333333333333332,0.49923722349351635,0.30917874396135264,0.16641240783117212,390,207.0,130.0,474.0,33180.0,No
4.1.0,bookkeeper-server/src/test/java/org/apache/bookkeeper/metastore/MetastoreTableAsyncToSyncConverter.java,131.0,131.0,1,0,1,131.0,131.0,131.0,8.1875,8.1875,8.1875,16,16.0,16.0,338.0,44278.0,No
Pre-Release,hedwig-server/src/main/java/org/apache/hedwig/server/proxy/ProxyUnsubscribeHandler.java,74.0,74.0,1,0,1,74.0,74.0,74.0,0.357487922705314,0.357487922705314,0.357487922705314,207,207.0,207.0,-251.0,-18574.0,No
4.0.0,bookkeeper-server/src/main/java/org/apache/bookkeeper/bookie/HandleFactory.java,32.0,32.0,1,0,1,32.0,32.0,32.0,5.333333333333333,5.333333333333333,5.333333333333333,6,6.0,6.0,104.0,3328.0,No
4.2.0,hedwig-client-jms/src/test/java/org/apache/activemq/JmsTopicSendReceiveTest.java,95.0,95.0,1,0,1,95.0,95.0,95.0,0.6462585034013606,0.6462585034013606,0.6462585034013606,147,147.0,147.0,421.0,39995.0,No
4.2.2,bookkeeper-server/src/main/java/org/apache/bookkeeper/proto/BookkeeperInternalCallbacks.java,99.0,107.0,4,0,3,99.0,75.0,24.75,5.809144072301967,2.272727272727273,1.4522860180754917,216,171.0,54.0,772.0,82604.0,No
4.2.2,bookkeeper-benchmark/src/main/java/org/apache/bookkeeper/benchmark/MySqlClient.java,248.0,358.0,6,1,4,248.0,137.0,41.333333333333336,2.894175712259817,1.1812865497076024,0.4823626187099695,588,207.0,98.0,677.0,242366.0,No
4.2.2,bookkeeper-server/src/main/java/org/apache/bookkeeper/client/MacDigestManager.java,39.0,59.0,6,0,3,39.0,26.0,6.5,12.49152382390697,11.666666666666666,2.0819206373178285,308,171.0,51.333333333333336,677.0,39943.0,No
4.2.0,hedwig-client-jms/src/test/java/org/apache/activemq/JmsDurableTopicSelectorTest.java,26.0,26.0,1,0,1,26.0,26.0,26.0,0.17687074829931973,0.17687074829931973,0.17687074829931973,147,147.0,147.0,421.0,10946.0,No
4.2.2,bookkeeper-server/src/main/java/org/apache/bookkeeper/client/LedgerChecker.java,287.0,303.0,6,0,2,287.0,274.0,47.833333333333336,62.42426900584795,54.8,10.40404483430799,106,72.0,17.666666666666668,677.0,205131.0,No
Pre-Release,bookkeeper/src/test/java/org/apache/bookkeeper/test/LedgerDeleteTest.java,163.0,163.0,1,0,1,163.0,163.0,163.0,0.7874396135265701,0.7874396135265701,0.7874396135265701,207,207.0,207.0,-251.0,-40913.0,No
4.1.0,hedwig-protocol/src/main/java/org/apache/hedwig/protoextensions/PubSubResponseUtils.java,70.0,72.0,5,1,3,70.0,43.0,14.0,1.49548156943937,0.72,0.299096313887874,310,207.0,62.0,331.0,23832.0,No
4.2.0,bookkeeper-benchmark/src/main/java/org/apache/bookkeeper/benchmark/TestClient.java,650.0,942.0,9,2,5,650.0,282.0,72.22222222222223,147.40737961764353,73.5,16.378597735293724,526,207.0,58.44444444444444,429.0,404118.0,No
Pre-Release,bookkeeper/src/test/java/org/apache/bookkeeper/test/BookieReadWriteTest.java,720.0,720.0,1,0,1,720.0,720.0,720.0,3.4782608695652173,3.4782608695652173,3.4782608695652173,207,207.0,207.0,-251.0,-180720.0,No
4.2.1,bookkeeper-server/src/test/java/org/apache/bookkeeper/replication/TestReplicationWorker.java,719.0,837.0,15,1,3,719.0,431.0,47.93333333333333,169.8531746031746,86.2,11.323544973544974,131,20.0,8.733333333333333,623.0,521451.0,No
4.1.0,bookkeeper-server/src/main/java/org/apache/bookkeeper/bookie/GarbageCollector.java,51.0,51.0,1,0,1,51.0,51.0,51.0,2.3181818181818183,2.3181818181818183,2.3181818181818183,22,22.0,22.0,383.0,19533.0,No
Pre-Release,{bookkeeper => bookkeeper-server}/src/main/java/org/apache/bookkeeper/tools/BookKeeperTools.java,0.0,0.0,1,0,1,0.0,0.0,0.0,0.0,0.0,0.0,56,56.0,56.0,-250.0,-0.0,No
4.1.0,hedwig-server/src/test/java/org/apache/hedwig/server/topics/TestHubInfo.java,63.0,64.0,2,0,2,63.0,62.0,31.5,3.2887989203778676,3.263157894736842,1.6443994601889338,97,78.0,48.5,388.0,24832.0,No
Pre-Release,bookkeeper/src/main/java/org/apache/bookkeeper/client/DigestManager.java,184.0,184.0,1,0,1,184.0,184.0,184.0,0.8888888888888888,0.8888888888888888,0.8888888888888888,207,207.0,207.0,-251.0,-46184.0,No
Pre-Release,bookkeeper/src/main/java/org/apache/bookkeeper/proto/BookieProtocol.java,75.0,75.0,1,0,1,75.0,75.0,75.0,0.36231884057971014,0.36231884057971014,0.36231884057971014,207,207.0,207.0,-251.0,-18825.0,No
4.2.0,hedwig-client-jms/src/test/java/org/apache/activemq/usecases/DurableSubSelectorDelayTest.java,256.0,256.0,1,0,1,256.0,256.0,256.0,1.7414965986394557,1.7414965986394557,1.7414965986394557,147,147.0,147.0,421.0,107776.0,No
4.2.2,bookkeeper-server/src/test/java/org/apache/bookkeeper/client/LedgerCloseTest.java,229.0,232.0,5,0,2,229.0,157.0,45.8,62.8520202020202,31.4,12.57040404040404,93,72.0,18.6,692.0,160544.0,No
4.1.0,hedwig-server/src/main/java/org/apache/hedwig/server/regions/HedwigHubClientFactory.java,81.0,88.0,3,0,3,81.0,60.0,27.0,8.968217645563183,8.666666666666666,2.989405881854394,381,207.0,127.0,294.0,25872.0,No
Pre-Release,bookkeeper/src/main/java/org/apache/bookkeeper/client/AsyncCallback.java,126.0,126.0,1,0,1,126.0,126.0,126.0,0.6086956521739131,0.6086956521739131,0.6086956521739131,207,207.0,207.0,-251.0,-31626.0,No
4.1.0,hedwig-server/src/test/java/org/apache/hedwig/server/netty/TestPubSubServer.java,294.0,325.0,8,1,4,294.0,260.0,36.75,3.854794052525218,1.2560386473429952,0.48184925656565225,559,207.0,69.875,388.0,126100.0,No
4.1.0,hedwig-server/src/main/java/org/apache/hedwig/server/topics/HubServerManager.java,108.0,108.0,1,0,1,108.0,108.0,108.0,5.684210526315789,5.684210526315789,5.684210526315789,19,19.0,19.0,243.0,26244.0,No
Pre-Release,{bookkeeper => bookkeeper-server}/src/test/java/org/apache/bookkeeper/test/BookieRecoveryTest.java,0.0,0.0,1,0,1,0.0,0.0,0.0,0.0,0.0,0.0,56,56.0,56.0,-250.0,-0.0,No
4.2.2,bookkeeper-server/src/test/java/org/apache/bookkeeper/client/TestSpeculativeRead.java,689.0,1035.0,8,0,3,689.0,333.0,86.125,215.62280774780774,82.25,26.952850968475968,223,78.0,27.875,692.0,716220.0,No
4.1.0,bookkeeper-server/src/test/java/org/apache/bookkeeper/meta/HierarchicalBookieReadWriteTest.java,47.0,94.0,2,0,1,47.0,47.0,23.5,2.492424242424242,1.4242424242424243,1.246212121212121,77,44.0,38.5,195.0,18330.0,No
4.2.0,hedwig-client-jms/src/test/java/org/apache/activemq/ConnectionCleanupTest.java,73.0,73.0,1,0,1,73.0,73.0,73.0,0.4965986394557823,0.4965986394557823,0.4965986394557823,147,147.0,147.0,421.0,30733.0,No
4.1.0,hedwig-protocol/src/main/java/org/apache/hedwig/protoextensions/SubscriptionStateUtils.java,101.0,102.0,3,0,3,101.0,59.0,33.666666666666664,4.143096872616323,3.933333333333333,1.3810322908721078,393,207.0,131.0,254.0,25908.0,No
4.2.0,hedwig-server/src/main/java/org/apache/hedwig/server/topics/AbstractTopicManager.java,303.0,340.0,7,0,4,303.0,187.0,43.285714285714285,15.82219231684058,9.333333333333334,2.2603131881200826,537,207.0,76.71428571428571,474.0,161160.0,No
Pre-Release,hedwig-server/src/main/java/org/apache/hedwig/server/ssl/SslServerContextFactory.java,53.0,53.0,1,0,1,53.0,53.0,53.0,0.2560386473429952,0.2560386473429952,0.2560386473429952,207,207.0,207.0,-251.0,-13303.0,No
Pre-Release,{bookkeeper => bookkeeper-server}/src/main/java/org/apache/bookkeeper/client/MacDigestManager.java,0.0,0.0,1,0,1,0.0,0.0,0.0,0.0,0.0,0.0,56,56.0,56.0,-250.0,-0.0,No
4.2.1,bookkeeper-server/src/test/java/org/apache/bookkeeper/meta/LedgerManagerTestCase.java,111.0,133.0,4,0,2,111.0,77.0,27.75,14.757575757575758,12.833333333333334,3.6893939393939394,81,44.0,20.25,484.0,64372.0,No
4.2.2,bookkeeper-server/src/test/java/org/apache/bookkeeper/client/RoundRobinDistributionScheduleTest.java,67.0,70.0,3,0,2,67.0,64.0,22.333333333333332,3.44961763382816,3.3684210526315788,1.1498725446093867,169,78.0,56.333333333333336,677.0,47390.0,No
4.2.0,hedwig-client-jms/src/test/java/org/apache/activemq/JMSUsecaseTest.java,109.0,109.0,1,0,1,109.0,109.0,109.0,0.7414965986394558,0.7414965986394558,0.7414965986394558,147,147.0,147.0,421.0,45889.0,No
Pre-Release,hedwig-client/src/main/java/org/apache/hedwig/util/FileUtils.java,100.0,102.0,2,0,2,100.0,97.0,50.0,0.5223624746766402,0.46859903381642515,0.2611812373383201,300,207.0,150.0,-19.0,-1938.0,No
4.0.0,hedwig-client/src/main/java/org/apache/hedwig/client/exceptions/AlreadyStartDeliveryException.java,36.0,36.0,1,0,1,36.0,36.0,36.0,36.0,36.0,36.0,1,1.0,1.0,143.0,5148.0,No
4.2.0,bookkeeper-server/src/test/java/org/apache/bookkeeper/meta/LedgerManagerIteratorTest.java,43.0,43.0,1,0,1,43.0,43.0,43.0,21.5,21.5,21.5,2,2.0,2.0,436.0,18748.0,No
4.2.1,hedwig-server/src/main/java/org/apache/hedwig/server/delivery/FIFODeliveryManager.java,1326.0,1673.0,24,1,4,1326.0,561.0,55.25,298.95932689465866,167.5,12.456638620610777,701,207.0,29.208333333333332,593.0,992089.0,No
Pre-Release,{bookkeeper => bookkeeper-server}/src/test/java/org/apache/bookkeeper/test/BookieReadWriteTest.java,0.0,0.0,1,0,1,0.0,0.0,0.0,0.0,0.0,0.0,56,56.0,56.0,-250.0,-0.0,No
4.2.2,bookkeeper-server/src/test/java/org/apache/bookkeeper/bookie/BookieThreadTest.java,84.0,84.0,1,0,1,84.0,84.0,84.0,8.4,8.4,8.4,10,10.0,10.0,730.0,61320.0,No
4.2.2,bookkeeper-server/src/test/java/org/apache/bookkeeper/bookie/BookieJournalTest.java,655.0,735.0,15,1,3,655.0,394.0,43.666666666666664,181.07746975246977,87.0,12.071831316831318,265,78.0,17.666666666666668,677.0,497595.0,No
Pre-Release,bookkeeper/src/main/java/org/apache/bookkeeper/client/CRC32DigestManager.java,50.0,50.0,1,0,1,50.0,50.0,50.0,0.24154589371980675,0.24154589371980675,0.24154589371980675,207,207.0,207.0,-251.0,-12550.0,No
4.1.0,hedwig-server/src/main/java/org/apache/hedwig/server/netty/ServerStats.java,204.0,206.0,3,1,2,204.0,190.0,68.0,12.669117647058824,11.875,4.223039215686275,67,34.0,22.333333333333332,232.0,47792.0,No
4.2.0,hedwig-client-jms/src/test/java/org/apache/activemq/usecases/ChangeSessionDeliveryModeTest.java,72.0,72.0,1,0,1,72.0,72.0,72.0,0.4897959183673469,0.4897959183673469,0.4897959183673469,147,147.0,147.0,421.0,30312.0,No
4.0.0,hedwig-server/src/test/java/org/apache/hedwig/server/subscriptions/TestZkSubscriptionManager.java,226.0,244.0,3,0,3,226.0,206.0,75.33333333333333,5.193999491482329,4.0,1.7313331638274432,379,207.0,126.33333333333333,181.0,44164.0,No
4.1.0,bookkeeper-server/src/main/java/org/apache/bookkeeper/bookie/ReadOnlyFileInfo.java,44.0,44.0,1,0,1,44.0,44.0,44.0,3.6666666666666665,3.6666666666666665,3.6666666666666665,12,12.0,12.0,189.0,8316.0,No
Pre-Release,bookkeeper-server/src/test/java/org/apache/bookkeeper/test/BookieRecoveryTest.java,85.0,164.0,4,0,2,85.0,45.0,21.25,57.26866185070519,50.0,14.317165462676298,196,171.0,49.0,-40.0,-6560.0,No
Pre-Release,hedwig-client/src/main/java/org/apache/hedwig/client/ssl/SslClientContextFactory.java,41.0,41.0,1,0,1,41.0,41.0,41.0,0.19806763285024154,0.19806763285024154,0.19806763285024154,207,207.0,207.0,-251.0,-10291.0,No
4.1.0,hedwig-client/src/main/java/org/apache/hedwig/client/netty/FilterableMessageHandler.java,71.0,72.0,2,0,1,71.0,70.0,35.5,4.439516129032258,4.375,2.219758064516129,47,31.0,23.5,294.0,21168.0,No
4.2.2,bookkeeper-stats-providers/twitter-ostrich-provider/src/main/java/org/apache/bookkeeper/stats/twitter/ostrich/OstrichProvider.java,78.0,78.0,1,0,1,78.0,78.0,78.0,8.666666666666666,8.666666666666666,8.666666666666666,9,9.0,9.0,692.0,53976.0,No
4.2.0,hedwig-client-jms/src/main/java/org/apache/hedwig/jms/selector/SelectorEvalState.java,56.0,56.0,1,0,1,56.0,56.0,56.0,0.38095238095238093,0.38095238095238093,0.38095238095238093,147,147.0,147.0,421.0,23576.0,No
4.1.0,hedwig-server/src/main/java/org/apache/hedwig/server/handlers/UnsubscribeHandler.java,116.0,125.0,5,0,4,116.0,72.0,23.2,3.828534598431287,2.4285714285714284,0.7657069196862574,425,207.0,85.0,320.0,40000.0,No
4.2.2,bookkeeper-server/src/main/java/org/apache/bookkeeper/bookie/BufferedChannelBase.java,55.0,55.0,1,0,1,55.0,55.0,55.0,6.875,6.875,6.875,8,8.0,8.0,777.0,42735.0,No
4.2.2,bookkeeper-stats-providers/twitter-science-provider/src/main/java/org/apache/bookkeeper/stats/twitter/science/CounterImpl.java,69.0,69.0,1,0,1,69.0,69.0,69.0,7.666666666666667,7.666666666666667,7.666666666666667,9,9.0,9.0,692.0,47748.0,No
4.0.0,hedwig-server/src/main/java/org/apache/hedwig/server/common/TerminateJVMExceptionHandler.java,36.0,40.0,3,1,3,36.0,31.0,12.0,0.283850800722346,0.1497584541062802,0.09461693357411533,334,207.0,111.33333333333333,162.0,6480.0,No
4.2.2,bookkeeper-server/src/test/java/org/apache/bookkeeper/client/TestFencing.java,435.0,473.0,13,0,3,435.0,343.0,33.46153846153846,34.57083657083657,12.703703703703704,2.6592951208335824,326,78.0,25.076923076923077,677.0,320221.0,No
4.2.1,bookkeeper-server/src/main/java/org/apache/bookkeeper/replication/AuditorElector.java,418.0,509.0,8,1,3,418.0,269.0,52.25,96.93333333333334,67.25,12.116666666666667,66,20.0,8.25,623.0,317107.0,No
4.2.0,hedwig-server/src/test/java/org/apache/hedwig/server/topics/TestConcurrentTopicAcquisition.java,215.0,220.0,4,0,3,215.0,206.0,53.75,69.01768346595934,68.66666666666667,17.254420866489834,149,78.0,37.25,474.0,104280.0,No
4.2.2,bookkeeper-server/src/test/java/org/apache/bookkeeper/client/TestLedgerFragmentReplication.java,354.0,368.0,6,0,2,354.0,188.0,59.0,90.43803418803418,62.666666666666664,15.073005698005696,169,78.0,28.166666666666668,677.0,249136.0,No
Pre-Release,{bookkeeper => bookkeeper-server}/src/main/java/org/apache/bookkeeper/bookie/LedgerDescriptor.java,0.0,0.0,1,0,1,0.0,0.0,0.0,0.0,0.0,0.0,56,56.0,56.0,-250.0,-0.0,No
4.2.0,hedwig-server/src/main/java/org/apache/hedwig/server/topics/ZkTopicManager.java,608.0,873.0,8,1,4,608.0,428.0,76.0,18.546929277081777,13.578947368421053,2.318366159635222,589,207.0,73.625,474.0,413802.0,No
Pre-Release,bookkeeper/src/main/java/org/apache/bookkeeper/bookie/EntryLogger.java,487.0,487.0,1,0,1,487.0,487.0,487.0,2.3526570048309177,2.3526570048309177,2.3526570048309177,207,207.0,207.0,-251.0,-122237.0,No
4.1.0,hedwig-client/src/main/java/org/apache/hedwig/client/handlers/SubscribeResponseHandler.java,618.0,1053.0,14,1,4,618.0,329.0,44.142857142857146,114.43142395555913,73.0,8.173673139682794,686,207.0,49.0,331.0,348543.0,No
4.0.0,hedwig-client/src/main/java/org/apache/hedwig/client/benchmark/HedwigBenchmark.java,196.0,227.0,6,0,3,196.0,127.0,32.666666666666664,16.549356287711642,13.5,2.7582260479519403,505,207.0,84.16666666666667,154.0,34958.0,No
4.1.0,hedwig-client/src/main/java/org/apache/hedwig/client/netty/CleanupChannelMap.java,183.0,183.0,2,0,1,183.0,139.0,91.5,7.626728110599077,4.483870967741935,3.8133640552995387,45,31.0,22.5,392.0,71736.0,No
4.2.0,hedwig-client-jms/src/test/java/org/apache/activemq/usecases/ProducerConsumerTestSupport.java,54.0,54.0,1,0,1,54.0,54.0,54.0,0.3673469387755102,0.3673469387755102,0.3673469387755102,147,147.0,147.0,421.0,22734.0,No
Pre-Release,{bookkeeper => bookkeeper-server}/src/main/java/org/apache/bookkeeper/util/Main.java,0.0,0.0,1,0,1,0.0,0.0,0.0,0.0,0.0,0.0,56,56.0,56.0,-250.0,-0.0,No
4.2.1,bookkeeper-server/src/main/java/org/apache/bookkeeper/util/ZkUtils.java,329.0,401.0,6,0,2,329.0,94.0,54.833333333333336,37.454112554112555,18.4,6.2423520923520925,94,33.0,15.666666666666666,624.0,250224.0,No
4.1.0,hedwig-client/src/main/java/org/apache/hedwig/client/netty/ResponseHandler.java,442.0,884.0,11,0,4,442.0,365.0,40.18181818181818,22.065765619080008,12.129032258064516,2.005978692643637,638,207.0,58.0,294.0,259896.0,No
4.2.0,hedwig-client-jms/src/main/java/org/apache/hedwig/jms/spi/HedwigConnectionImpl.java,164.0,164.0,1,0,1,164.0,164.0,164.0,1.1156462585034013,1.1156462585034013,1.1156462585034013,147,147.0,147.0,421.0,69044.0,No
4.1.0,hedwig-client/src/main/java/org/apache/hedwig/client/api/Subscriber.java,406.0,432.0,8,0,4,406.0,237.0,50.75,57.799785835827024,39.0,7.224973229478378,436,207.0,54.5,372.0,160704.0,No
4.1.0,hedwig-client/src/main/java/org/apache/hedwig/client/handlers/PublishResponseHandler.java,96.0,121.0,6,0,4,96.0,70.0,16.0,1.7744723152747068,0.8064516129032258,0.2957453858791178,557,207.0,92.83333333333333,294.0,35574.0,No
4.2.0,hedwig-client-jms/src/main/java/org/apache/hedwig/jms/StateManager.java,179.0,179.0,1,0,1,179.0,179.0,179.0,1.217687074829932,1.217687074829932,1.217687074829932,147,147.0,147.0,421.0,75359.0,No
4.1.0,hedwig-client/src/main/java/org/apache/hedwig/client/netty/{ => impl}/ClientChannelPipelineFactory.java,24.0,34.0,1,0,1,24.0,24.0,24.0,1.096774193548387,1.096774193548387,1.096774193548387,31,31.0,31.0,294.0,9996.0,No
4.1.0,hedwig-server/src/test/java/org/apache/hedwig/server/meta/TestFactoryLayout.java,86.0,88.0,2,0,2,86.0,84.0,43.0,3.551282051282051,3.5,1.7756410256410255,102,78.0,51.0,388.0,34144.0,No
4.1.0,hedwig-server/src/main/java/org/apache/hedwig/server/meta/TopicOwnershipManager.java,104.0,108.0,2,0,1,104.0,100.0,52.0,5.99043062200957,5.2631578947368425,2.995215311004785,30,19.0,15.0,254.0,27432.0,No
4.2.0,hedwig-client/src/main/java/org/apache/hedwig/client/benchmark/BenchmarkPublisher.java,150.0,159.0,6,1,4,150.0,133.0,25.0,1.3444472823258662,0.642512077294686,0.22407454705431104,495,207.0,82.5,474.0,75366.0,No
4.1.0,hedwig-server/src/main/java/org/apache/hedwig/server/persistence/ScanCallbackWithContext.java,54.0,54.0,2,0,2,54.0,37.0,27.0,3.0120772946859904,2.8333333333333335,1.5060386473429952,213,207.0,106.5,399.0,21546.0,No
4.2.0,hedwig-client-jms/src/test/java/org/apache/activemq/JmsConsumerResetActiveListenerTest.java,157.0,157.0,1,0,1,157.0,157.0,157.0,1.0680272108843538,1.0680272108843538,1.0680272108843538,147,147.0,147.0,421.0,66097.0,No
4.1.0,hedwig-server/src/test/java/org/apache/hedwig/server/meta/TestMetadataManager.java,423.0,481.0,6,0,2,423.0,237.0,70.5,29.380471721261195,9.875,4.8967452868768655,155,78.0,25.833333333333332,388.0,186628.0,No
4.1.0,hedwig-client/src/main/java/org/apache/hedwig/client/netty/impl/simple/SimpleSubscriptionChannelPipelineFactory.java,49.0,49.0,2,0,1,49.0,46.0,24.5,1.6981566820276497,1.4838709677419355,0.8490783410138248,45,31.0,22.5,320.0,15680.0,No
4.2.0,hedwig-client-jms/src/test/java/org/apache/activemq/util/SimplePojo.java,77.0,77.0,1,0,1,77.0,77.0,77.0,0.5238095238095238,0.5238095238095238,0.5238095238095238,147,147.0,147.0,421.0,32417.0,No
4.1.0,hedwig-server/src/main/java/org/apache/hedwig/server/subscriptions/InMemorySubscriptionState.java,217.0,234.0,9,0,4,217.0,81.0,24.11111111111111,15.851718806238258,5.666666666666667,1.7613020895820286,457,207.0,50.77777777777778,362.0,84708.0,No
4.2.0,hedwig-client-jms/src/test/java/org/apache/activemq/load/LoadClient.java,222.0,222.0,1,0,1,222.0,222.0,222.0,1.510204081632653,1.510204081632653,1.510204081632653,147,147.0,147.0,421.0,93462.0,No
4.2.0,hedwig-client-jms/src/test/java/org/apache/activemq/JmsTestSupport.java,174.0,174.0,1,0,1,174.0,174.0,174.0,1.183673469387755,1.183673469387755,1.183673469387755,147,147.0,147.0,421.0,73254.0,No
Pre-Release,{bookkeeper => bookkeeper-server}/src/main/java/org/apache/bookkeeper/util/LocalBookKeeper.java,4.0,8.0,1,0,1,4.0,4.0,4.0,0.14285714285714285,0.14285714285714285,0.14285714285714285,56,56.0,56.0,-250.0,-2000.0,No
4.2.2,bookkeeper-server/src/main/java/org/apache/bookkeeper/bookie/EntryLogger.java,1062.0,1744.0,33,1,4,1062.0,273.0,32.18181818181818,327.347689240561,69.83333333333333,9.919626946683668,572,171.0,17.333333333333332,777.0,1355088.0,No
Pre-Release,bookkeeper/src/main/java/org/apache/bookkeeper/client/LedgerRecoveryOp.java,178.0,178.0,1,0,1,178.0,178.0,178.0,0.8599033816425121,0.8599033816425121,0.8599033816425121,207,207.0,207.0,-251.0,-44678.0,No
4.2.0,hedwig-client-jms/src/test/java/org/apache/activemq/perf/ConnectionChurnTest.java,78.0,79.0,2,0,2,78.0,77.0,39.0,0.5750915750915752,0.5238095238095238,0.2875457875457876,186,147.0,93.0,474.0,37446.0,No
4.2.0,hedwig-client-jms/src/test/java/org/apache/activemq/JmsSendWithAsyncCallbackTest.java,107.0,107.0,1,0,1,107.0,107.0,107.0,0.7278911564625851,0.7278911564625851,0.7278911564625851,147,147.0,147.0,421.0,45047.0,No
4.1.0,hedwig-client/src/main/java/org/apache/hedwig/filter/PipelineFilter.java,81.0,90.0,2,0,1,81.0,72.0,40.5,4.397727272727273,3.272727272727273,2.1988636363636367,38,22.0,19.0,271.0,24390.0,No
Pre-Release,bookkeeper/src/main/java/org/apache/bookkeeper/proto/BookkeeperInternalCallbacks.java,57.0,57.0,1,0,1,57.0,57.0,57.0,0.2753623188405797,0.2753623188405797,0.2753623188405797,207,207.0,207.0,-251.0,-14307.0,No
4.2.1,bookkeeper-server/src/test/java/org/apache/bookkeeper/test/ZooKeeperUtil.java,206.0,254.0,10,0,2,206.0,133.0,20.6,26.89920424403183,7.388888888888889,2.6899204244031827,142,39.0,14.2,623.0,158242.0,No
4.2.0,hedwig-client-jms/src/test/java/org/apache/activemq/usecases/NonBlockingConsumerRedeliveryTest.java,340.0,340.0,1,0,1,340.0,340.0,340.0,2.312925170068027,2.312925170068027,2.312925170068027,147,147.0,147.0,421.0,143140.0,No
Pre-Release,bookkeeper/src/main/java/org/apache/bookkeeper/client/LedgerHandle.java,547.0,547.0,1,0,1,547.0,547.0,547.0,2.642512077294686,2.642512077294686,2.642512077294686,207,207.0,207.0,-251.0,-137297.0,No
4.1.0,hedwig-server/src/main/java/org/apache/hedwig/server/subscriptions/AllToAllTopologyFilter.java,83.0,91.0,3,0,2,83.0,39.0,27.666666666666668,2.739542160737813,1.8636363636363635,0.9131807202459377,245,207.0,81.66666666666667,271.0,24661.0,No
4.2.0,hedwig-client-jms/src/test/java/org/apache/activemq/JmsCreateConsumerInOnMessageTest.java,96.0,96.0,1,0,1,96.0,96.0,96.0,0.6530612244897959,0.6530612244897959,0.6530612244897959,147,147.0,147.0,421.0,40416.0,No
4.2.0,hedwig-server/src/main/java/org/apache/hedwig/server/proxy/ProxySubscribeHandler.java,91.0,96.0,4,0,3,91.0,82.0,22.75,0.6410817924806261,0.3961352657004831,0.16027044812015653,510,207.0,127.5,474.0,45504.0,No
4.2.0,hedwig-server/src/test/java/org/apache/hedwig/server/filter/TestMessageFilter.java,469.0,523.0,5,0,3,469.0,320.0,93.8,24.963115907081423,14.545454545454545,4.992623181416285,184,78.0,36.8,474.0,247902.0,No
4.2.0,hedwig-client-jms/src/test/java/org/apache/activemq/perf/PerfConsumer.java,139.0,139.0,1,0,1,139.0,139.0,139.0,0.9455782312925171,0.9455782312925171,0.9455782312925171,147,147.0,147.0,421.0,58519.0,No
4.1.0,bookkeeper-server/src/main/java/org/apache/bookkeeper/bookie/LedgerDescriptor.java,111.0,293.0,10,0,2,111.0,36.0,11.1,34.875645214057776,21.666666666666668,3.4875645214057776,381,171.0,38.1,377.0,110461.0,No
4.2.0,hedwig-client-jms/src/test/java/org/apache/activemq/usecases/PublishOnTopicConsumedMessageTest.java,66.0,66.0,1,0,1,66.0,66.0,66.0,0.4489795918367347,0.4489795918367347,0.4489795918367347,147,147.0,147.0,421.0,27786.0,No
4.2.2,bookkeeper-server/src/main/java/org/apache/bookkeeper/util/MathUtils.java,50.0,62.0,4,0,3,50.0,25.0,12.5,5.251661350345561,2.3333333333333335,1.3129153375863902,209,171.0,52.25,675.0,41850.0,No
4.1.0,hedwig-server/src/main/java/org/apache/hedwig/server/handlers/NettyHandlerBean.java,57.0,67.0,3,1,1,57.0,51.0,19.0,5.2463235294117645,3.1875,1.7487745098039216,57,34.0,19.0,320.0,21440.0,No
4.2.0,bookkeeper-server/src/main/java/org/apache/bookkeeper/proto/BookieServerMXBean.java,58.0,63.0,2,0,2,58.0,58.0,29.0,6.5,4.833333333333333,3.25,15,12.0,7.5,430.0,27090.0,No
4.2.2,bookkeeper-server/src/main/java/org/apache/bookkeeper/client/BookKeeperClientStats.java,41.0,41.0,1,0,1,41.0,41.0,41.0,4.1,4.1,4.1,10,10.0,10.0,776.0,31816.0,No
4.2.1,bookkeeper-server/src/main/java/org/apache/bookkeeper/util/Shell.java,677.0,677.0,1,0,1,677.0,677.0,677.0,29.434782608695652,29.434782608695652,29.434782608695652,23,23.0,23.0,553.0,374381.0,No
Pre-Release,bookkeeper/src/main/java/org/apache/bookkeeper/bookie/Bookie.java,545.0,545.0,1,0,1,545.0,545.0,545.0,2.632850241545894,2.632850241545894,2.632850241545894,207,207.0,207.0,-251.0,-136795.0,No
Pre-Release,hedwig-server/src/main/java/org/apache/hedwig/server/persistence/ScanCallback.java,67.0,71.0,2,0,2,67.0,63.0,33.5,0.3511314518179507,0.30434782608695654,0.17556572590897535,378,207.0,189.0,-92.0,-6532.0,No
4.0.0,bookkeeper-server/src/test/java/org/apache/bookkeeper/test/BaseTestCase.java,272.0,671.0,18,1,4,272.0,43.0,15.11111111111111,91.92748872944618,33.0,5.107082707191455,470,171.0,26.11111111111111,99.0,66429.0,No
Pre-Release,{bookkeeper => bookkeeper-server}/src/main/java/org/apache/bookkeeper/proto/ServerStats.java,0.0,0.0,1,0,1,0.0,0.0,0.0,0.0,0.0,0.0,56,56.0,56.0,-250.0,-0.0,No
4.2.2,bookkeeper-server/src/main/java/org/apache/bookkeeper/bookie/FileSystemUpgrade.java,422.0,454.0,8,1,4,422.0,227.0,52.75,100.21533875338753,80.0,12.526917344173441,182,72.0,22.75,677.0,307358.0,No
4.1.0,bookkeeper-server/src/main/java/org/apache/bookkeeper/metastore/MetastoreCursor.java,84.0,84.0,1,0,1,84.0,84.0,84.0,5.25,5.25,5.25,16,16.0,16.0,338.0,28392.0,No
4.1.0,bookkeeper-server/src/main/java/org/apache/bookkeeper/metastore/MetastoreTableItem.java,70.0,70.0,1,0,1,70.0,70.0,70.0,4.375,4.375,4.375,16,16.0,16.0,338.0,23660.0,No
4.1.0,hedwig-server/src/test/java/org/apache/hedwig/zookeeper/ZooKeeperTestBase.java,95.0,96.0,3,0,3,95.0,92.0,31.666666666666668,0.5251058681185723,0.4444444444444444,0.17503528937285742,407,207.0,135.66666666666666,352.0,33792.0,No
Pre-Release,{bookkeeper => bookkeeper-server}/src/test/java/org/apache/bookkeeper/test/AsyncLedgerOpsTest.java,0.0,0.0,1,0,1,0.0,0.0,0.0,0.0,0.0,0.0,56,56.0,56.0,-250.0,-0.0,No
4.2.0,hedwig-client-jms/src/main/java/org/apache/hedwig/jms/message/MapMessageImpl.java,295.0,295.0,1,0,1,295.0,295.0,295.0,2.006802721088435,2.006802721088435,2.006802721088435,147,147.0,147.0,421.0,124195.0,No
Pre-Release,bookkeeper/src/test/java/org/apache/bookkeeper/test/CloseTest.java,74.0,74.0,1,0,1,74.0,74.0,74.0,0.357487922705314,0.357487922705314,0.357487922705314,207,207.0,207.0,-251.0,-18574.0,No
4.2.0,hedwig-client-jms/src/test/java/org/apache/activemq/perf/SlowConsumer.java,47.0,47.0,1,0,1,47.0,47.0,47.0,0.3197278911564626,0.3197278911564626,0.3197278911564626,147,147.0,147.0,421.0,19787.0,No
4.2.2,bookkeeper-server/src/main/java/org/apache/bookkeeper/bookie/CheckpointSource.java,84.0,85.0,2,0,2,84.0,83.0,42.0,8.384615384615385,6.384615384615385,4.1923076923076925,14,13.0,7.0,777.0,66045.0,No
4.2.2,bookkeeper-server/src/test/java/org/apache/bookkeeper/bookie/LedgerCacheTest.java,489.0,520.0,15,0,3,489.0,127.0,32.6,152.46060606060607,38.0,10.164040404040405,230,72.0,15.333333333333334,726.0,377520.0,No
4.2.2,bookkeeper-stats-providers/codahale-metrics-provider/src/main/java/org/apache/bookkeeper/stats/CodahaleStatsLogger.java,99.0,99.0,1,0,1,99.0,99.0,99.0,33.0,33.0,33.0,3,3.0,3.0,703.0,69597.0,No
Pre-Release,hedwig-client/src/main/java/org/apache/hedwig/client/ssl/SslContextFactory.java,79.0,92.0,2,0,2,79.0,65.0,39.5,0.47190439867785405,0.3140096618357488,0.23595219933892703,378,207.0,189.0,-92.0,-8464.0,No
4.2.2,bookkeeper-server/src/main/java/org/apache/bookkeeper/client/LedgerEntry.java,48.0,97.0,4,0,2,48.0,43.0,12.0,1.605970571590266,1.0,0.4014926428975665,338,171.0,84.5,677.0,65669.0,No
Pre-Release,{bookkeeper => bookkeeper-server}/src/main/java/org/apache/bookkeeper/util/OrderedSafeExecutor.java,0.0,0.0,1,0,1,0.0,0.0,0.0,0.0,0.0,0.0,56,56.0,56.0,-250.0,-0.0,No
4.2.0,hedwig-client-jms/src/main/java/org/apache/hedwig/jms/selector/MyNode.java,101.0,101.0,1,0,1,101.0,101.0,101.0,0.6870748299319728,0.6870748299319728,0.6870748299319728,147,147.0,147.0,421.0,42521.0,No
Pre-Release,hedwig-server/src/test/java/org/apache/hedwig/ServerControlDaemon.java,289.0,578.0,4,0,3,289.0,171.0,72.25,88.12725654716502,85.5,22.031814136791255,389,207.0,97.25,-39.0,-22542.0,No
4.2.0,hedwig-client-jms/src/test/java/org/apache/activemq/util/IdGenerator.java,29.0,29.0,1,0,1,29.0,29.0,29.0,0.19727891156462585,0.19727891156462585,0.19727891156462585,147,147.0,147.0,421.0,12209.0,No
Pre-Release,{bookkeeper => bookkeeper-server}/src/main/java/org/apache/bookkeeper/util/MathUtils.java,0.0,0.0,1,0,1,0.0,0.0,0.0,0.0,0.0,0.0,56,56.0,56.0,-250.0,-0.0,No
4.2.0,hedwig-client-jms/src/main/java/org/apache/hedwig/jms/selector/UnaryExprFunction.java,65.0,65.0,1,0,1,65.0,65.0,65.0,0.4421768707482993,0.4421768707482993,0.4421768707482993,147,147.0,147.0,421.0,27365.0,No
Pre-Release,hedwig-client/src/main/java/org/apache/hedwig/client/benchmark/BenchmarkWorker.java,47.0,48.0,2,0,2,47.0,46.0,23.5,0.23391812865497075,0.2222222222222222,0.11695906432748537,378,207.0,189.0,-92.0,-4416.0,No
4.1.0,hedwig-server/src/main/java/org/apache/hedwig/server/delivery/DeliveryManager.java,101.0,110.0,9,1,3,101.0,29.0,11.222222222222221,9.76819181177776,5.8,1.0853546457530845,492,207.0,54.666666666666664,393.0,43230.0,No
4.2.2,bookkeeper-server/src/main/java/org/apache/bookkeeper/bookie/IndexInMemPageMgr.java,752.0,957.0,2,0,2,752.0,404.0,376.0,87.42735042735043,44.888888888888886,43.71367521367522,22,13.0,11.0,685.0,655545.0,No
4.1.0,hedwig-server/src/test/java/org/apache/hedwig/server/delivery/StubDeliveryManager.java,113.0,136.0,9,1,3,113.0,65.0,12.555555555555555,5.456138379351463,2.1818181818181817,0.6062375977057182,492,207.0,54.666666666666664,393.0,53448.0,No
4.0.0,hedwig-client/src/main/java/org/apache/hedwig/util/PathUtils.java,59.0,62.0,2,1,2,59.0,56.0,29.5,0.4470019892014777,0.27053140096618356,0.22350099460073886,241,207.0,120.5,162.0,10044.0,No
4.1.0,hedwig-protocol/src/main/java/org/apache/hedwig/protoextensions/MapUtils.java,74.0,74.0,1,0,1,74.0,74.0,74.0,74.0,74.0,74.0,1,1.0,1.0,254.0,18796.0,No
Pre-Release,hedwig-server/src/test/java/org/apache/hedwig/server/persistence/StubScanCallback.java,55.0,62.0,2,0,2,55.0,48.0,27.5,0.3137554030002543,0.2318840579710145,0.15687770150012714,378,207.0,189.0,-92.0,-5704.0,No
Pre-Release,bookkeeper/src/main/java/org/apache/bookkeeper/client/LedgerEntry.java,83.0,83.0,1,0,1,83.0,83.0,83.0,0.40096618357487923,0.40096618357487923,0.40096618357487923,207,207.0,207.0,-251.0,-20833.0,No
Pre-Release,hedwig-client/src/main/java/org/apache/hedwig/util/CallbackUtils.java,203.0,223.0,4,0,3,203.0,185.0,50.75,1.6513881712228209,0.893719806763285,0.4128470428057052,476,207.0,119.0,-7.0,-1561.0,No
Pre-Release,hedwig-server/src/main/java/org/apache/hedwig/server/proxy/ProxyConsumeHandler.java,60.0,62.0,2,0,2,60.0,57.0,30.0,0.3291257597007948,0.2753623188405797,0.1645628798503974,300,207.0,150.0,-19.0,-1178.0,No
Pre-Release,hedwig-client/src/main/java/org/apache/hedwig/client/api/Client.java,42.0,42.0,1,0,1,42.0,42.0,42.0,1.5555555555555556,1.5555555555555556,1.5555555555555556,27,27.0,27.0,-19.0,-798.0,No
4.1.0,hedwig-client/src/test/java/org/apache/hedwig/util/TestHedwigSocketAddress.java,119.0,134.0,3,0,2,119.0,104.0,39.666666666666664,0.789415009094643,0.5024154589371981,0.263138336364881,456,207.0,152.0,388.0,51992.0,No
4.2.2,bookkeeper-server/src/main/java/org/apache/bookkeeper/client/ReadOnlyLedgerHandle.java,185.0,203.0,6,1,2,185.0,78.0,30.833333333333332,19.7979797979798,7.545454545454546,3.2996632996632997,71,27.0,11.833333333333334,772.0,156716.0,No
4.2.0,hedwig-client/src/main/java/org/apache/hedwig/client/benchmark/BenchmarkSubscriber.java,167.0,186.0,8,1,4,167.0,136.0,20.875,1.6393579712656217,0.6570048309178744,0.2049197464082027,627,207.0,78.375,474.0,88164.0,No
4.2.2,bookkeeper-server/src/main/java/org/apache/bookkeeper/proto/BookieRequestProcessor.java,335.0,335.0,1,0,1,335.0,335.0,335.0,33.5,33.5,33.5,10,10.0,10.0,776.0,259960.0,No
4.2.2,hedwig-server/src/test/java/org/apache/hedwig/server/persistence/BookKeeperTestBase.java,320.0,374.0,16,0,4,320.0,126.0,20.0,45.764845298575025,16.333333333333332,2.860302831160939,709,207.0,44.3125,675.0,252450.0,No
4.2.2,bookkeeper-server/src/main/java/org/apache/bookkeeper/client/LedgerFragmentReplicator.java,514.0,606.0,5,0,1,514.0,298.0,102.8,143.8563492063492,99.33333333333333,28.771269841269838,93,72.0,18.6,677.0,410262.0,No
4.1.0,hedwig-server/src/test/java/org/apache/hedwig/server/meta/MetadataManagerFactoryTestCase.java,80.0,81.0,2,0,1,80.0,75.0,40.0,4.625,3.125,2.3125,28,24.0,14.0,372.0,30132.0,No
4.1.0,bookkeeper-server/src/main/java/org/apache/bookkeeper/client/RoundRobinDistributionSchedule.java,60.0,98.0,4,0,2,60.0,30.0,15.0,7.8892078681552364,3.909090909090909,1.9723019670388091,206,171.0,51.5,280.0,27440.0,No
4.2.0,hedwig-client-jms/src/test/java/org/apache/activemq/MessageListenerRedeliveryTest.java,193.0,193.0,1,0,1,193.0,193.0,193.0,1.3129251700680271,1.3129251700680271,1.3129251700680271,147,147.0,147.0,421.0,81253.0,No
4.2.0,bookkeeper-server/src/test/java/org/apache/bookkeeper/test/BookieZKExpireTest.java,127.0,146.0,10,0,4,127.0,90.0,12.7,114.27783559453252,90.0,11.427783559453252,398,171.0,39.8,474.0,69204.0,No
4.2.2,bookkeeper-server/src/main/java/org/apache/bookkeeper/replication/ReplicationWorker.java,479.0,596.0,14,0,2,479.0,289.0,34.214285714285715,133.03968253968253,57.8,9.50283446712018,146,72.0,10.428571428571429,730.0,435080.0,No
4.1.0,hedwig-client/src/main/java/org/apache/hedwig/client/netty/WriteCallback.java,124.0,141.0,8,0,4,124.0,98.0,15.5,3.4779913275594976,1.2,0.4347489159449372,577,207.0,72.125,282.0,39762.0,No
4.1.0,hedwig-client/src/main/java/org/apache/hedwig/client/netty/{ => impl}/WriteCallback.java,17.0,30.0,1,0,1,17.0,17.0,17.0,0.967741935483871,0.967741935483871,0.967741935483871,31,31.0,31.0,294.0,8820.0,No
Pre-Release,bookkeeper/src/main/java/org/apache/bookkeeper/bookie/LedgerEntryPage.java,151.0,151.0,1,0,1,151.0,151.0,151.0,0.7294685990338164,0.7294685990338164,0.7294685990338164,207,207.0,207.0,-251.0,-37901.0,No
4.2.0,hedwig-client-jms/src/test/java/org/apache/activemq/JmsBenchmark.java,204.0,204.0,1,0,1,204.0,204.0,204.0,1.3877551020408163,1.3877551020408163,1.3877551020408163,147,147.0,147.0,421.0,85884.0,No
Pre-Release,hedwig-server/src/main/java/org/apache/hedwig/server/common/TopicOpQueuer.java,111.0,111.0,1,0,1,111.0,111.0,111.0,0.5362318840579711,0.5362318840579711,0.5362318840579711,207,207.0,207.0,-251.0,-27861.0,No
4.2.1,bookkeeper-server/src/main/java/org/apache/bookkeeper/net/CommonConfigurationKeys.java,31.0,31.0,1,0,1,31.0,31.0,31.0,1.3478260869565217,1.3478260869565217,1.3478260869565217,23,23.0,23.0,553.0,17143.0,No
Pre-Release,hedwig-server/src/main/java/org/apache/hedwig/server/persistence/ScanRequest.java,65.0,66.0,2,0,2,65.0,64.0,32.5,0.3208746503941012,0.30917874396135264,0.1604373251970506,378,207.0,189.0,-92.0,-6072.0,No
4.2.2,bookkeeper-stats-providers/codahale-metrics-provider/src/main/java/org/apache/bookkeeper/stats/CodahaleMetricsProvider.java,135.0,139.0,2,0,2,135.0,127.0,67.5,54.333333333333336,42.333333333333336,27.166666666666668,4,3.0,2.0,776.0,107864.0,No
Pre-Release,hedwig-client/src/main/java/org/apache/hedwig/util/Option.java,43.0,43.0,1,0,1,43.0,43.0,43.0,0.20772946859903382,0.20772946859903382,0.20772946859903382,207,207.0,207.0,-251.0,-10793.0,No
4.2.2,bookkeeper-server/src/test/java/org/apache/bookkeeper/bookie/IndexCorruptionTest.java,7.0,14.0,3,0,1,7.0,4.0,2.3333333333333335,9.36111111111111,8.0,3.1203703703703702,76,72.0,25.333333333333332,677.0,9478.0,No
Pre-Release,{bookkeeper => bookkeeper-server}/src/test/java/org/apache/bookkeeper/test/LoopbackClient.java,0.0,0.0,1,0,1,0.0,0.0,0.0,0.0,0.0,0.0,56,56.0,56.0,-250.0,-0.0,No
4.0.0,hedwig-server/src/main/java/org/apache/hedwig/server/jmx/HedwigMBeanRegistry.java,48.0,48.0,1,0,1,48.0,48.0,48.0,12.0,12.0,12.0,4,4.0,4.0,103.0,4944.0,No
4.1.0,hedwig-client/src/main/java/org/apache/hedwig/client/api/Publisher.java,95.0,101.0,4,1,3,95.0,63.0,23.75,1.915417166103665,0.9642857142857143,0.47885429152591624,411,207.0,102.75,359.0,36259.0,No
4.1.0,hedwig-server/src/main/java/org/apache/hedwig/server/subscriptions/SubscriptionManager.java,133.0,143.0,5,0,3,133.0,104.0,26.6,2.2617759814556155,1.0714285714285714,0.4523551962911231,426,207.0,85.2,320.0,45760.0,No
4.2.2,bookkeeper-server/src/test/java/org/apache/bookkeeper/bookie/BookieInitializationTest.java,449.0,469.0,11,0,3,449.0,257.0,40.81818181818182,112.2229797979798,64.25,10.202089072543618,102,24.0,9.272727272727273,776.0,363944.0,No
4.2.2,bookkeeper-server/src/main/java/org/apache/bookkeeper/util/NativeIO.java,133.0,134.0,2,0,2,133.0,132.0,66.5,26.427777777777777,26.4,13.213888888888889,77,72.0,38.5,677.0,90718.0,No
4.1.0,bookkeeper-server/src/main/java/org/apache/bookkeeper/meta/HierarchicalLedgerManagerFactory.java,98.0,103.0,4,0,2,98.0,72.0,24.5,3.6969696969696972,1.6363636363636365,0.9242424242424243,93,44.0,23.25,383.0,39449.0,No
4.2.0,hedwig-client-jms/src/main/java/org/apache/hedwig/jms/spi/TopicSubscriberImpl.java,323.0,323.0,1,0,1,323.0,323.0,323.0,2.197278911564626,2.197278911564626,2.197278911564626,147,147.0,147.0,421.0,135983.0,No
4.2.0,hedwig-client-jms/src/test/java/org/apache/activemq/perf/PerfProducer.java,125.0,125.0,1,0,1,125.0,125.0,125.0,0.8503401360544217,0.8503401360544217,0.8503401360544217,147,147.0,147.0,421.0,52625.0,No
4.0.0,hedwig-server/src/main/java/org/apache/hedwig/server/proxy/ProxyConfiguration.java,43.0,50.0,3,1,3,43.0,36.0,14.333333333333334,0.350039634465533,0.17391304347826086,0.11667987815517766,412,207.0,137.33333333333334,162.0,8100.0,No
Pre-Release,{bookkeeper => bookkeeper-server}/src/main/java/org/apache/bookkeeper/bookie/LedgerCache.java,0.0,0.0,1,0,1,0.0,0.0,0.0,0.0,0.0,0.0,56,56.0,56.0,-250.0,-0.0,No
4.2.2,bookkeeper-server/src/test/java/org/apache/bookkeeper/proto/TestPerChannelBookieClient.java,298.0,307.0,7,0,3,298.0,97.0,42.57142857142857,144.72777777777776,49.0,20.675396825396824,110,72.0,15.714285714285714,677.0,207839.0,No
Pre-Release,hedwig-client/src/test/java/org/apache/hedwig/client/AppTest.java,52.0,53.0,2,0,2,52.0,51.0,26.0,0.2580727180269514,0.2463768115942029,0.1290363590134757,378,207.0,189.0,-92.0,-4876.0,No
4.2.0,hedwig-client-jms/src/test/java/org/apache/activemq/JmsConnectionStartStopTest.java,169.0,169.0,1,0,1,169.0,169.0,169.0,1.1496598639455782,1.1496598639455782,1.1496598639455782,147,147.0,147.0,421.0,71149.0,No
4.2.0,hedwig-client-jms/src/test/java/org/apache/activemq/usecases/CompositeConsumeTest.java,73.0,73.0,1,0,1,73.0,73.0,73.0,0.4965986394557823,0.4965986394557823,0.4965986394557823,147,147.0,147.0,421.0,30733.0,No
Pre-Release,bookkeeper/src/test/java/org/apache/bookkeeper/test/ConcurrentLedgerTest.java,178.0,178.0,1,0,1,178.0,178.0,178.0,0.8599033816425121,0.8599033816425121,0.8599033816425121,207,207.0,207.0,-251.0,-44678.0,No
4.2.2,bookkeeper-server/src/main/java/org/apache/bookkeeper/client/LedgerRecoveryOp.java,167.0,322.0,16,1,3,167.0,51.0,10.4375,108.66089787562623,79.0,6.79130611722664,448,171.0,28.0,677.0,217994.0,No
4.1.0,bookkeeper-server/src/main/java/org/apache/bookkeeper/bookie/LedgerCache.java,217.0,920.0,15,0,3,217.0,92.0,14.466666666666667,118.08258330520638,68.875,7.8721722203470925,421,171.0,28.066666666666666,377.0,346840.0,No
4.1.0,hedwig-client/src/main/java/org/apache/hedwig/util/VarArgs.java,26.0,26.0,1,0,1,26.0,26.0,26.0,0.8387096774193549,0.8387096774193549,0.8387096774193549,31,31.0,31.0,294.0,7644.0,No
4.1.0,hedwig-client/src/main/java/org/apache/hedwig/client/handlers/AbstractResponseHandler.java,156.0,156.0,1,0,1,156.0,156.0,156.0,5.032258064516129,5.032258064516129,5.032258064516129,31,31.0,31.0,294.0,45864.0,No
4.2.2,bookkeeper-server/src/test/java/org/apache/bookkeeper/util/TestDiskChecker.java,120.0,129.0,4,0,2,120.0,96.0,30.0,9.799450549450547,6.857142857142857,2.449862637362637,110,78.0,27.5,770.0,99330.0,No
4.1.0,hedwig-protocol/src/main/java/org/apache/hedwig/exceptions/PubSubException.java,268.0,282.0,8,0,4,268.0,162.0,33.5,29.715414194247145,24.0,3.714426774280893,464,207.0,58.0,404.0,113928.0,No
4.2.2,bookkeeper-stats-providers/twitter-ostrich-provider/src/main/java/org/apache/bookkeeper/stats/twitter/ostrich/OstrichStatsLoggerImpl.java,69.0,69.0,1,0,1,69.0,69.0,69.0,7.666666666666667,7.666666666666667,7.666666666666667,9,9.0,9.0,692.0,47748.0,No
4.1.0,hedwig-server/src/test/java/org/apache/hedwig/server/persistence/TestReadAheadCacheWhiteBox.java,346.0,384.0,6,0,4,346.0,268.0,57.666666666666664,20.55928980757356,14.5,3.42654830126226,492,207.0,82.0,399.0,153216.0,No
4.2.2,bookkeeper-server/src/main/java/org/apache/bookkeeper/bookie/HandleFactoryImpl.java,92.0,116.0,3,0,1,92.0,69.0,30.666666666666668,15.55982905982906,11.5,5.186609686609686,28,13.0,9.333333333333334,685.0,79460.0,No
4.2.0,hedwig-client-jms/src/test/java/org/apache/activemq/demo/SimpleConsumer.java,129.0,129.0,1,0,1,129.0,129.0,129.0,0.8775510204081632,0.8775510204081632,0.8775510204081632,147,147.0,147.0,421.0,54309.0,No
4.2.0,hedwig-client-jms/src/test/java/org/apache/activemq/load/LoadTest.java,127.0,127.0,1,0,1,127.0,127.0,127.0,0.8639455782312925,0.8639455782312925,0.8639455782312925,147,147.0,147.0,421.0,53467.0,No
4.2.2,bookkeeper-server/src/main/java/org/apache/bookkeeper/util/DiskChecker.java,213.0,244.0,3,0,2,213.0,166.0,71.0,18.357142857142858,11.857142857142858,6.1190476190476195,38,14.0,12.666666666666666,770.0,187880.0,No
Pre-Release,{bookkeeper => bookkeeper-server}/src/main/java/org/apache/bookkeeper/bookie/MarkerFileChannel.java,0.0,0.0,1,0,1,0.0,0.0,0.0,0.0,0.0,0.0,56,56.0,56.0,-250.0,-0.0,No
Pre-Release,{bookkeeper => bookkeeper-server}/src/test/java/org/apache/bookkeeper/test/BookieClientTest.java,0.0,0.0,1,0,1,0.0,0.0,0.0,0.0,0.0,0.0,56,56.0,56.0,-250.0,-0.0,No
4.2.2,bookkeeper-server/src/main/java/org/apache/bookkeeper/proto/BookieRequestHandler.java,318.0,546.0,5,1,2,318.0,303.0,63.6,51.842063492063495,27.545454545454547,10.3684126984127,111,72.0,22.2,776.0,423696.0,No
4.2.2,bookkeeper-server/src/main/java/org/apache/bookkeeper/bookie/Cookie.java,312.0,362.0,7,0,4,312.0,195.0,44.57142857142857,20.80315172632246,10.833333333333334,2.971878818046066,187,72.0,26.714285714285715,677.0,245074.0,No
4.2.0,hedwig-client-jms/src/test/java/org/apache/activemq/JMSMessageTest.java,504.0,504.0,1,0,1,504.0,504.0,504.0,3.4285714285714284,3.4285714285714284,3.4285714285714284,147,147.0,147.0,421.0,212184.0,No
Pre-Release,{bookkeeper => bookkeeper-server}/src/main/java/org/apache/bookkeeper/proto/BookieProtocol.java,0.0,0.0,1,0,1,0.0,0.0,0.0,0.0,0.0,0.0,56,56.0,56.0,-250.0,-0.0,No
4.2.0,hedwig-client-jms/src/main/java/org/apache/hedwig/jms/message/StreamMessageImpl.java,752.0,752.0,1,0,1,752.0,752.0,752.0,5.115646258503402,5.115646258503402,5.115646258503402,147,147.0,147.0,421.0,316592.0,No
4.2.0,hedwig-server/src/main/java/org/apache/hedwig/admin/console/HedwigConsole.java,1215.0,1392.0,11,1,3,1215.0,1029.0,110.45454545454545,247.22493400111767,205.8,22.474994000101606,230,41.0,20.90909090909091,474.0,659808.0,No
4.2.2,bookkeeper-stats-providers/twitter-science-provider/src/main/java/org/apache/bookkeeper/stats/twitter/science/OpStatsLoggerImpl.java,72.0,72.0,1,0,1,72.0,72.0,72.0,8.0,8.0,8.0,9,9.0,9.0,692.0,49824.0,No
4.1.0,bookkeeper-server/src/main/java/org/apache/bookkeeper/{meta => util}/SnapshotMap.java,2.0,5.0,1,0,1,2.0,2.0,2.0,0.22727272727272727,0.22727272727272727,0.22727272727272727,22,22.0,22.0,383.0,1915.0,No
Pre-Release,hedwig-server/src/main/java/org/apache/hedwig/server/netty/PubSubServerPipelineFactory.java,78.0,80.0,2,0,2,78.0,76.0,39.0,0.3905415713196034,0.3671497584541063,0.1952707856598017,378,207.0,189.0,-92.0,-7360.0,No
4.1.0,bookkeeper-server/src/main/java/org/apache/bookkeeper/metastore/MetastoreCallback.java,25.0,25.0,1,0,1,25.0,25.0,25.0,1.5625,1.5625,1.5625,16,16.0,16.0,338.0,8450.0,No
4.0.0,bookkeeper-server/src/main/java/org/apache/bookkeeper/client/CRC32DigestManager.java,12.0,19.0,2,0,1,12.0,9.0,6.0,4.368421052631579,4.333333333333333,2.1842105263157894,174,171.0,87.0,56.0,1064.0,No
4.2.2,bookkeeper-server/src/test/java/org/apache/bookkeeper/test/TestBackwardCompat.java,670.0,722.0,7,0,3,670.0,506.0,95.71428571428571,521.1832013771668,506.0,74.45474305388097,233,78.0,33.285714285714285,677.0,488794.0,No
4.2.0,hedwig-client-jms/src/test/java/org/apache/activemq/perf/PerfRate.java,78.0,78.0,1,0,1,78.0,78.0,78.0,0.5306122448979592,0.5306122448979592,0.5306122448979592,147,147.0,147.0,421.0,32838.0,No
4.1.0,bookkeeper-server/src/test/java/org/apache/bookkeeper/test/PortManager.java,55.0,55.0,1,0,1,55.0,55.0,55.0,1.896551724137931,1.896551724137931,1.896551724137931,29,29.0,29.0,352.0,19360.0,No
4.1.0,hedwig-server/src/main/java/org/apache/hedwig/server/common/ByteStringInterner.java,47.0,56.0,2,0,2,47.0,45.0,23.5,2.050724637681159,1.8333333333333333,1.0253623188405796,213,207.0,106.5,281.0,15736.0,No
4.2.0,hedwig-client-jms/src/main/java/org/apache/hedwig/jms/LRUCacheMap.java,104.0,104.0,1,0,1,104.0,104.0,104.0,0.7074829931972789,0.7074829931972789,0.7074829931972789,147,147.0,147.0,421.0,43784.0,No
4.2.0,hedwig-server/src/test/java/org/apache/hedwig/server/integration/TestHedwigRegion.java,337.0,371.0,10,0,4,337.0,172.0,33.7,40.8540392614566,34.4,4.08540392614566,591,207.0,59.1,474.0,175854.0,No
Pre-Release,{bookkeeper => bookkeeper-server}/src/main/java/org/apache/bookkeeper/util/StringUtils.java,0.0,0.0,1,0,1,0.0,0.0,0.0,0.0,0.0,0.0,56,56.0,56.0,-250.0,-0.0,No
Pre-Release,bookkeeper/src/main/java/org/apache/bookkeeper/proto/ServerStats.java,148.0,148.0,1,0,1,148.0,148.0,148.0,0.714975845410628,0.714975845410628,0.714975845410628,207,207.0,207.0,-251.0,-37148.0,No
Pre-Release,{bookkeeper => bookkeeper-server}/src/main/java/org/apache/bookkeeper/client/RoundRobinDistributionSchedule.java,0.0,0.0,1,0,1,0.0,0.0,0.0,0.0,0.0,0.0,56,56.0,56.0,-250.0,-0.0,No
4.2.1,bookkeeper-server/src/main/java/org/apache/bookkeeper/util/OrderedSafeExecutor.java,69.0,76.0,4,0,3,69.0,33.0,17.25,9.880116959064328,6.6,2.470029239766082,197,171.0,49.25,665.0,50540.0,No
4.2.0,hedwig-client-jms/src/test/java/org/apache/activemq/TimeStampTest.java,91.0,91.0,1,0,1,91.0,91.0,91.0,0.6190476190476191,0.6190476190476191,0.6190476190476191,147,147.0,147.0,421.0,38311.0,No
4.2.0,hedwig-client-jms/src/main/java/org/apache/hedwig/jms/message/ObjectMessageImpl.java,168.0,168.0,1,0,1,168.0,168.0,168.0,1.1428571428571428,1.1428571428571428,1.1428571428571428,147,147.0,147.0,421.0,70728.0,No
Pre-Release,bookkeeper/src/main/java/org/apache/bookkeeper/proto/BookieServer.java,209.0,209.0,1,0,1,209.0,209.0,209.0,1.0096618357487923,1.0096618357487923,1.0096618357487923,207,207.0,207.0,-251.0,-52459.0,No
Pre-Release,{bookkeeper => bookkeeper-server}/src/main/java/org/apache/bookkeeper/proto/BookieClient.java,0.0,0.0,1,0,1,0.0,0.0,0.0,0.0,0.0,0.0,56,56.0,56.0,-250.0,-0.0,No
4.2.2,bookkeeper-server/src/test/java/org/apache/bookkeeper/client/TestLedgerChecker.java,467.0,472.0,6,0,2,467.0,371.0,77.83333333333333,120.0972784525416,74.2,20.0162130754236,191,78.0,31.833333333333332,677.0,319544.0,No
Pre-Release,bookkeeper/src/main/java/org/apache/bookkeeper/bookie/FileInfo.java,124.0,124.0,1,0,1,124.0,124.0,124.0,0.5990338164251208,0.5990338164251208,0.5990338164251208,207,207.0,207.0,-251.0,-31124.0,No
4.2.0,hedwig-client-jms/src/test/java/org/apache/activemq/usecases/DiscriminatingConsumerLoadTest.java,322.0,322.0,1,0,1,322.0,322.0,322.0,2.1904761904761907,2.1904761904761907,2.1904761904761907,147,147.0,147.0,421.0,135562.0,No
4.1.0,bookkeeper-server/src/main/java/org/apache/bookkeeper/metastore/MSException.java,214.0,214.0,1,0,1,214.0,214.0,214.0,13.375,13.375,13.375,16,16.0,16.0,338.0,72332.0,No
Pre-Release,bookkeeper/src/main/java/org/apache/bookkeeper/util/Main.java,54.0,54.0,1,0,1,54.0,54.0,54.0,0.2608695652173913,0.2608695652173913,0.2608695652173913,207,207.0,207.0,-251.0,-13554.0,No
4.1.0,hedwig-server/src/main/java/org/apache/hedwig/server/topics/HubLoad.java,131.0,132.0,2,0,1,131.0,130.0,65.5,7.12781954887218,6.842105263157895,3.56390977443609,26,19.0,13.0,254.0,33528.0,No
4.2.0,hedwig-client-jms/src/main/java/org/apache/hedwig/jms/message/MessageImpl.java,872.0,872.0,1,0,1,872.0,872.0,872.0,5.931972789115647,5.931972789115647,5.931972789115647,147,147.0,147.0,421.0,367112.0,No
4.2.2,bookkeeper-server/src/main/java/org/apache/bookkeeper/bookie/IndexPersistenceMgr.java,668.0,770.0,4,0,2,668.0,547.0,167.0,78.21752136752136,60.77777777777778,19.55438034188034,44,13.0,11.0,776.0,597520.0,No
4.2.0,hedwig-client-jms/src/test/java/org/apache/activemq/usecases/ConcurrentProducerDurableConsumerTest.java,413.0,413.0,1,0,1,413.0,413.0,413.0,2.8095238095238093,2.8095238095238093,2.8095238095238093,147,147.0,147.0,421.0,173873.0,No
4.1.0,hedwig-client/src/main/java/org/apache/hedwig/client/netty/VoidCallbackAdapter.java,42.0,42.0,2,1,2,42.0,25.0,21.0,9.392857142857142,8.5,4.696428571428571,30,28.0,15.0,356.0,14952.0,No
Pre-Release,bookkeeper-server/src/main/java/org/apache/bookkeeper/util/SafeRunnable.java,11.0,21.0,2,0,1,11.0,7.0,5.5,0.15714016223354083,0.08187134502923976,0.07857008111677041,264,171.0,132.0,-19.0,-399.0,No
4.1.0,hedwig-server/src/main/java/org/apache/hedwig/server/persistence/PersistenceManager.java,104.0,109.0,4,0,3,104.0,91.0,26.0,0.9371956228363552,0.4396135265700483,0.2342989057090888,415,207.0,103.75,217.0,23653.0,No
Pre-Release,{bookkeeper => bookkeeper-server}/src/main/java/org/apache/bookkeeper/client/LedgerMetadata.java,0.0,0.0,1,0,1,0.0,0.0,0.0,0.0,0.0,0.0,56,56.0,56.0,-250.0,-0.0,No
4.0.0,bookkeeper-server/src/main/java/org/apache/bookkeeper/bookie/BookieMXBean.java,33.0,35.0,2,0,2,33.0,33.0,16.5,3.0833333333333335,2.75,1.5416666666666667,18,12.0,9.0,132.0,4620.0,No
4.2.0,hedwig-server/src/main/java/org/apache/hedwig/server/persistence/BookkeeperPersistenceManager.java,1781.0,2299.0,18,0,5,1781.0,736.0,98.94444444444444,248.05912721532934,145.66666666666666,13.781062623073852,660,207.0,36.666666666666664,429.0,986271.0,No
4.2.2,bookkeeper-server/src/test/java/org/apache/bookkeeper/client/SlowBookieTest.java,223.0,235.0,6,0,3,223.0,208.0,37.166666666666664,16.676311699995914,10.947368421052632,2.7793852833326524,193,78.0,32.166666666666664,776.0,182360.0,No
4.2.0,hedwig-server/src/test/java/org/apache/hedwig/server/HedwigHubTestBase.java,228.0,260.0,9,1,4,228.0,133.0,25.333333333333332,20.627481491167217,15.333333333333334,2.2919423879074685,566,207.0,62.888888888888886,414.0,107640.0,No
4.2.2,bookkeeper-server/src/main/java/org/apache/bookkeeper/meta/MSLedgerManagerFactory.java,775.0,932.0,7,0,2,775.0,691.0,110.71428571428571,89.21767676767676,76.77777777777777,12.745382395382395,143,72.0,20.428571428571427,772.0,719504.0,No
4.2.0,hedwig-client-jms/src/test/java/org/apache/activemq/util/ConsumerThread.java,86.0,86.0,1,0,1,86.0,86.0,86.0,0.5850340136054422,0.5850340136054422,0.5850340136054422,147,147.0,147.0,421.0,36206.0,No
Pre-Release,hedwig-client/src/main/java/org/apache/hedwig/client/netty/HedwigClient.java,370.0,380.0,3,0,2,370.0,359.0,123.33333333333333,1.8816302092304158,1.7342995169082125,0.6272100697434719,471,207.0,157.0,-19.0,-7220.0,No
4.2.2,bookkeeper-server/src/main/java/org/apache/bookkeeper/bookie/FileInfo.java,437.0,611.0,17,0,4,437.0,76.0,25.705882352941178,103.72133627595552,25.666666666666668,6.101255075056208,478,171.0,28.11764705882353,685.0,418535.0,No
4.2.2,bookkeeper-server/src/test/java/org/apache/bookkeeper/bookie/CookieTest.java,413.0,467.0,6,0,3,413.0,298.0,68.83333333333333,35.790893015030946,16.555555555555557,5.965148835838491,169,78.0,28.166666666666668,675.0,315225.0,No
4.2.2,bookkeeper-server/src/main/java/org/apache/bookkeeper/proto/BookieServer.java,620.0,1077.0,40,1,5,620.0,111.0,15.5,186.91373543102475,39.0,4.672843385775619,788,171.0,19.7,776.0,835752.0,No
4.2.0,hedwig-client-jms/src/main/java/org/apache/hedwig/jms/MessagingSessionFacade.java,421.0,421.0,1,0,1,421.0,421.0,421.0,2.8639455782312924,2.8639455782312924,2.8639455782312924,147,147.0,147.0,421.0,177241.0,No
4.2.0,hedwig-client-jms/src/test/java/org/apache/activemq/usecases/DurableSubProcessTest.java,628.0,628.0,1,0,1,628.0,628.0,628.0,4.272108843537415,4.272108843537415,4.272108843537415,147,147.0,147.0,421.0,264388.0,No
4.2.0,hedwig-server/src/main/java/org/apache/hedwig/server/common/ServerConfiguration.java,663.0,698.0,19,0,4,663.0,289.0,34.89473684210526,223.86107003853,159.0,11.782161580975263,539,207.0,28.36842105263158,474.0,330852.0,No
Pre-Release,hedwig-client/src/main/java/org/apache/hedwig/util/Pair.java,42.0,42.0,1,0,1,42.0,42.0,42.0,0.2028985507246377,0.2028985507246377,0.2028985507246377,207,207.0,207.0,-251.0,-10542.0,No
4.1.0,bookkeeper-server/src/test/java/org/apache/bookkeeper/{test => bookie}/IndexCorruptionTest.java,10.0,33.0,1,0,1,10.0,10.0,10.0,2.75,2.75,2.75,12,12.0,12.0,399.0,13167.0,No
4.1.0,hedwig-client/src/main/java/org/apache/hedwig/client/data/MessageConsumeData.java,69.0,82.0,3,0,3,69.0,58.0,23.0,1.0015665625025632,0.7096774193548387,0.33385552083418774,409,207.0,136.33333333333334,294.0,24108.0,No
Pre-Release,hedwig-client/src/main/java/org/apache/hedwig/client/netty/ClientChannelPipelineFactory.java,63.0,68.0,3,0,2,63.0,58.0,21.0,0.4634291041613696,0.28019323671497587,0.15447636805378986,405,207.0,135.0,-19.0,-1292.0,No
4.2.0,hedwig-client-jms/src/main/java/org/apache/hedwig/jms/message/header/JmsHeader.java,1126.0,1126.0,1,0,1,1126.0,1126.0,1126.0,7.659863945578231,7.659863945578231,7.659863945578231,147,147.0,147.0,421.0,474046.0,No
4.2.0,hedwig-server/src/test/java/org/apache/hedwig/server/integration/TestHedwigHub.java,918.0,1058.0,11,1,4,918.0,692.0,83.45454545454545,35.85636514939776,14.666666666666666,3.25966955903616,561,207.0,51.0,474.0,501492.0,No
4.2.2,bookkeeper-server/src/test/java/org/apache/bookkeeper/test/CloseTest.java,37.0,48.0,5,0,3,37.0,25.0,7.4,2.9807764862943134,2.7777777777777777,0.5961552972588626,423,171.0,84.6,677.0,32496.0,No
4.2.1,bookkeeper-server/src/main/java/org/apache/bookkeeper/bookie/LogMark.java,83.0,83.0,1,0,1,83.0,83.0,83.0,6.384615384615385,6.384615384615385,6.384615384615385,13,13.0,13.0,514.0,42662.0,No
4.2.0,hedwig-client-jms/src/test/java/org/apache/activemq/perf/SlowDurableConsumerTopicTest.java,38.0,38.0,1,0,1,38.0,38.0,38.0,0.2585034013605442,0.2585034013605442,0.2585034013605442,147,147.0,147.0,421.0,15998.0,No
4.2.0,hedwig-client-jms/src/test/java/org/apache/activemq/demo/SimpleProducer.java,138.0,138.0,1,0,1,138.0,138.0,138.0,0.9387755102040817,0.9387755102040817,0.9387755102040817,147,147.0,147.0,421.0,58098.0,No
4.2.0,hedwig-server/src/main/java/org/apache/hedwig/server/benchmark/FakeBookie.java,153.0,205.0,4,0,3,153.0,100.0,38.25,1.200822839635861,0.5614035087719298,0.3002057099089652,510,207.0,127.5,474.0,97170.0,No
4.2.0,hedwig-client-jms/src/test/java/org/apache/activemq/JmsDurableTopicTransactionTest.java,38.0,38.0,1,0,1,38.0,38.0,38.0,0.2585034013605442,0.2585034013605442,0.2585034013605442,147,147.0,147.0,421.0,15998.0,No
4.0.0,bookkeeper-server/src/test/java/org/apache/bookkeeper/bookie/BookieLayoutVersionTest.java,297.0,594.0,5,0,2,297.0,246.0,59.4,141.6357808857809,123.0,28.327156177156176,74,39.0,14.8,97.0,57618.0,No
Pre-Release,bookkeeper/src/test/java/org/apache/bookkeeper/test/BookieFailureTest.java,305.0,305.0,1,0,1,305.0,305.0,305.0,1.4734299516908214,1.4734299516908214,1.4734299516908214,207,207.0,207.0,-251.0,-76555.0,No
Pre-Release,bookkeeper/src/main/java/org/apache/bookkeeper/client/PendingAddOp.java,138.0,138.0,1,0,1,138.0,138.0,138.0,0.6666666666666666,0.6666666666666666,0.6666666666666666,207,207.0,207.0,-251.0,-34638.0,No
4.2.2,bookkeeper-server/src/test/java/org/apache/bookkeeper/metastore/TestMetaStore.java,663.0,678.0,5,0,2,663.0,649.0,132.6,55.940705128205124,40.5625,11.188141025641025,176,78.0,35.2,677.0,459006.0,No
4.1.0,hedwig-client/src/main/java/org/apache/hedwig/client/handlers/PubSubCallback.java,104.0,114.0,5,0,3,104.0,87.0,20.8,1.1395953562115813,0.5,0.22791907124231625,538,207.0,107.6,282.0,32148.0,No
4.2.0,hedwig-server/src/main/java/org/apache/hedwig/server/meta/FactoryLayout.java,169.0,171.0,3,0,2,169.0,149.0,56.333333333333336,8.455284552845528,6.208333333333333,2.8184281842818426,73,41.0,24.333333333333332,429.0,73359.0,No
4.2.0,hedwig-client-jms/src/test/java/org/apache/activemq/JMSConsumerTest.java,936.0,936.0,1,0,1,936.0,936.0,936.0,6.36734693877551,6.36734693877551,6.36734693877551,147,147.0,147.0,421.0,394056.0,No
4.2.0,hedwig-server/src/main/java/org/apache/hedwig/server/meta/ZkMetadataManagerFactory.java,903.0,964.0,9,0,3,903.0,559.0,100.33333333333333,55.46127318338487,23.291666666666668,6.162363687042763,172,41.0,19.11111111111111,474.0,456936.0,No
4.2.1,hedwig-server/src/test/java/org/apache/hedwig/server/delivery/TestThrottlingDelivery.java,422.0,471.0,9,0,3,422.0,207.0,46.888888888888886,114.87640589295762,85.0,12.764045099217514,201,78.0,22.333333333333332,593.0,279303.0,No
Pre-Release,bookkeeper/src/main/java/org/apache/bookkeeper/bookie/BufferedChannel.java,168.0,168.0,1,0,1,168.0,168.0,168.0,0.8115942028985508,0.8115942028985508,0.8115942028985508,207,207.0,207.0,-251.0,-42168.0,No
4.1.0,hedwig-server/src/main/java/org/apache/hedwig/server/persistence/CacheValue.java,116.0,131.0,5,0,4,116.0,93.0,23.2,5.117298812175907,4.5,1.0234597624351813,516,207.0,103.2,399.0,52269.0,No
4.2.2,bookkeeper-server/src/test/java/org/apache/bookkeeper/test/LoopbackClient.java,16.0,29.0,6,0,3,16.0,7.0,2.6666666666666665,0.484780085034754,0.13333333333333333,0.08079668083912567,417,171.0,69.5,677.0,19633.0,No
4.2.0,hedwig-client/src/main/java/org/apache/hedwig/client/netty/HedwigSubscriber.java,1039.0,1656.0,18,0,4,1039.0,585.0,57.72222222222222,88.72369549998068,30.0,4.929094194443371,725,207.0,40.27777777777778,474.0,784944.0,No
4.1.0,hedwig-server/src/test/java/org/apache/hedwig/server/subscriptions/StubSubscriptionManager.java,59.0,63.0,4,0,3,59.0,52.0,14.75,0.7326006055983172,0.3333333333333333,0.1831501513995793,418,207.0,104.5,282.0,17766.0,No
4.1.0,hedwig-client/src/main/java/org/apache/hedwig/client/netty/SubscriptionEventEmitter.java,50.0,50.0,1,0,1,50.0,50.0,50.0,1.6129032258064515,1.6129032258064515,1.6129032258064515,31,31.0,31.0,294.0,14700.0,No
4.2.0,hedwig-client-jms/src/test/java/org/apache/activemq/JmsTopicSendReceiveWithTwoConnectionsWithJMXTest.java,28.0,28.0,1,0,1,28.0,28.0,28.0,0.19047619047619047,0.19047619047619047,0.19047619047619047,147,147.0,147.0,421.0,11788.0,No
4.2.0,hedwig-client-jms/src/test/java/org/apache/activemq/perf/SimpleDurableTopicNetworkTest.java,50.0,50.0,1,0,1,50.0,50.0,50.0,0.3401360544217687,0.3401360544217687,0.3401360544217687,147,147.0,147.0,421.0,21050.0,No
4.2.0,hedwig-client-jms/src/main/java/org/apache/hedwig/jms/ConnectionMetaDataImpl.java,77.0,77.0,1,0,1,77.0,77.0,77.0,0.5238095238095238,0.5238095238095238,0.5238095238095238,147,147.0,147.0,421.0,32417.0,No
4.1.0,bookkeeper-server/src/main/java/org/apache/bookkeeper/metastore/MetastoreFactory.java,33.0,33.0,1,0,1,33.0,33.0,33.0,2.0625,2.0625,2.0625,16,16.0,16.0,338.0,11154.0,No
4.1.0,hedwig-server/src/main/java/org/apache/hedwig/server/regions/RegionManager.java,477.0,599.0,9,1,4,477.0,241.0,53.0,65.23954997184624,61.6,7.248838885760694,613,207.0,68.11111111111111,282.0,168918.0,No
4.2.0,hedwig-client-jms/src/main/java/org/apache/hedwig/jms/message/MessageUtil.java,444.0,444.0,1,0,1,444.0,444.0,444.0,3.020408163265306,3.020408163265306,3.020408163265306,147,147.0,147.0,421.0,186924.0,No
4.2.0,hedwig-client-jms/src/test/java/org/apache/activemq/JmsAutoAckListenerTest.java,77.0,77.0,1,0,1,77.0,77.0,77.0,0.5238095238095238,0.5238095238095238,0.5238095238095238,147,147.0,147.0,421.0,32417.0,No
Pre-Release,{bookkeeper => bookkeeper-server}/src/main/java/org/apache/bookkeeper/client/LedgerHandle.java,0.0,0.0,1,0,1,0.0,0.0,0.0,0.0,0.0,0.0,56,56.0,56.0,-250.0,-0.0,No
Pre-Release,{bookkeeper => bookkeeper-server}/src/main/java/org/apache/bookkeeper/client/DistributionSchedule.java,0.0,0.0,1,0,1,0.0,0.0,0.0,0.0,0.0,0.0,56,56.0,56.0,-250.0,-0.0,No
Pre-Release,hedwig-server/src/main/java/org/apache/hedwig/server/persistence/PersistenceManagerWithRangeScan.java,28.0,29.0,2,0,2,28.0,27.0,14.0,0.14213068904144419,0.13043478260869565,0.07106534452072209,378,207.0,189.0,-92.0,-2668.0,No
4.2.0,hedwig-client-jms/src/test/java/org/apache/activemq/JmsTopicRedeliverTest.java,176.0,176.0,1,0,1,176.0,176.0,176.0,1.1972789115646258,1.1972789115646258,1.1972789115646258,147,147.0,147.0,421.0,74096.0,No
4.2.0,hedwig-client-jms/src/test/java/org/apache/activemq/JmsSendReceiveWithMessageExpirationTest.java,239.0,239.0,1,0,1,239.0,239.0,239.0,1.6258503401360545,1.6258503401360545,1.6258503401360545,147,147.0,147.0,421.0,100619.0,No
4.2.0,hedwig-client-jms/src/test/java/org/apache/activemq/util/Wait.java,40.0,40.0,1,0,1,40.0,40.0,40.0,0.272108843537415,0.272108843537415,0.272108843537415,147,147.0,147.0,421.0,16840.0,No
4.2.2,bookkeeper-server/src/main/java/org/apache/bookkeeper/bookie/ReadOnlyEntryLogger.java,60.0,62.0,3,0,1,60.0,58.0,20.0,5.142857142857142,4.833333333333333,1.7142857142857142,38,14.0,12.666666666666666,726.0,45012.0,No
4.2.2,bookkeeper-server/src/test/java/org/apache/bookkeeper/replication/TestLedgerUnderreplicationManager.java,832.0,901.0,14,1,3,832.0,359.0,59.42857142857143,214.47322954822954,57.0,15.31951639630211,198,78.0,14.142857142857142,675.0,608175.0,No
Pre-Release,bookkeeper/src/main/java/org/apache/bookkeeper/client/LedgerOpenOp.java,140.0,140.0,1,0,1,140.0,140.0,140.0,0.6763285024154589,0.6763285024154589,0.6763285024154589,207,207.0,207.0,-251.0,-35140.0,No
4.1.0,bookkeeper-benchmark/src/test/java/org/apache/bookkeeper/benchmark/TestBenchmark.java,242.0,321.0,6,0,2,242.0,211.0,40.333333333333336,60.79818744473917,52.75,10.133031240789862,121,78.0,20.166666666666668,388.0,124548.0,No
4.2.2,bookkeeper-server/src/main/java/org/apache/bookkeeper/meta/LedgerManager.java,305.0,406.0,6,0,2,305.0,144.0,50.833333333333336,17.51868686868687,4.636363636363637,2.9197811447811453,124,44.0,20.666666666666668,772.0,313432.0,No
4.2.2,bookkeeper-server/src/test/java/org/apache/bookkeeper/bookie/TestLedgerDirsManager.java,87.0,94.0,5,0,3,87.0,80.0,17.4,27.162393162393162,26.666666666666668,5.432478632478633,189,78.0,37.8,726.0,68244.0,No
4.0.0,bookkeeper-server/src/test/java/org/apache/bookkeeper/test/LedgerRecoveryTest.java,81.0,98.0,5,0,2,81.0,39.0,16.2,20.778537497213218,12.5,4.155707499442643,282,171.0,56.4,68.0,6664.0,No
4.2.0,hedwig-server/src/main/java/org/apache/hedwig/admin/console/JLineHedwigCompletor.java,112.0,120.0,3,0,2,112.0,92.0,37.333333333333336,20.64175824175824,18.4,6.88058608058608,51,39.0,17.0,474.0,56880.0,No
Pre-Release,{bookkeeper => bookkeeper-server}/src/main/java/org/apache/bookkeeper/streaming/LedgerInputStream.java,0.0,0.0,1,0,1,0.0,0.0,0.0,0.0,0.0,0.0,56,56.0,56.0,-250.0,-0.0,No
Pre-Release,{bookkeeper => bookkeeper-server}/src/test/java/org/apache/bookkeeper/test/ConcurrentLedgerTest.java,0.0,0.0,1,0,1,0.0,0.0,0.0,0.0,0.0,0.0,56,56.0,56.0,-250.0,-0.0,No
4.2.0,hedwig-client-jms/src/test/java/org/apache/activemq/JmsTopicSendReceiveSubscriberTest.java,33.0,33.0,1,0,1,33.0,33.0,33.0,0.22448979591836735,0.22448979591836735,0.22448979591836735,147,147.0,147.0,421.0,13893.0,No
4.1.0,hedwig-server/src/main/java/org/apache/hedwig/server/persistence/PersistRequest.java,63.0,67.0,3,0,3,63.0,58.0,21.0,0.5418891431477244,0.28019323671497587,0.1806297143825748,406,207.0,135.33333333333334,236.0,15812.0,No
4.2.2,bookkeeper-server/src/main/java/org/apache/bookkeeper/bookie/BufferedReadChannel.java,103.0,103.0,1,0,1,103.0,103.0,103.0,12.875,12.875,12.875,8,8.0,8.0,777.0,80031.0,No
4.2.0,hedwig-client-jms/src/test/java/org/apache/hedwig/jms/selector/activemq/SelectorParserTest.java,46.0,46.0,1,0,1,46.0,46.0,46.0,0.3129251700680272,0.3129251700680272,0.3129251700680272,147,147.0,147.0,421.0,19366.0,No
4.2.1,bookkeeper-server/src/main/java/org/apache/bookkeeper/bookie/LedgerStorage.java,124.0,130.0,3,0,1,124.0,91.0,41.333333333333336,13.239316239316238,10.11111111111111,4.413105413105413,34,13.0,11.333333333333334,514.0,66820.0,No
4.1.0,hedwig-client/src/main/java/org/apache/hedwig/client/netty/impl/AbstractHChannelManager.java,624.0,624.0,2,0,1,624.0,621.0,312.0,20.36559139784946,20.032258064516128,10.18279569892473,40,31.0,20.0,366.0,228384.0,No
4.2.1,bookkeeper-server/src/main/java/org/apache/bookkeeper/client/EnsemblePlacementPolicy.java,90.0,90.0,1,0,1,90.0,90.0,90.0,3.9130434782608696,3.9130434782608696,3.9130434782608696,23,23.0,23.0,553.0,49770.0,No
4.2.0,hedwig-client-jms/src/test/java/org/apache/activemq/JmsMultipleClientsTestSupport.java,281.0,281.0,1,0,1,281.0,281.0,281.0,1.91156462585034,1.91156462585034,1.91156462585034,147,147.0,147.0,421.0,118301.0,No
Pre-Release,{bookkeeper => bookkeeper-server}/src/main/java/org/apache/bookkeeper/bookie/BookieException.java,0.0,0.0,1,0,1,0.0,0.0,0.0,0.0,0.0,0.0,56,56.0,56.0,-250.0,-0.0,No
4.2.0,hedwig-client-jms/src/test/java/org/apache/activemq/perf/SimpleDurableTopicTest.java,63.0,63.0,1,0,1,63.0,63.0,63.0,0.42857142857142855,0.42857142857142855,0.42857142857142855,147,147.0,147.0,421.0,26523.0,No
4.1.0,hedwig-client/src/main/java/org/apache/hedwig/client/netty/HChannel.java,54.0,54.0,1,0,1,54.0,54.0,54.0,1.7419354838709677,1.7419354838709677,1.7419354838709677,31,31.0,31.0,294.0,15876.0,No
4.2.2,bookkeeper-server/src/main/java/org/apache/bookkeeper/conf/ServerConfiguration.java,1207.0,1296.0,28,1,4,1207.0,377.0,43.107142857142854,183.51471604276483,37.0,6.554097001527316,300,41.0,10.714285714285714,777.0,1006992.0,No
4.2.0,hedwig-client-jms/src/main/java/org/apache/hedwig/jms/spi/MessageConsumerImpl.java,74.0,74.0,1,0,1,74.0,74.0,74.0,0.5034013605442177,0.5034013605442177,0.5034013605442177,147,147.0,147.0,421.0,31154.0,No
4.2.0,hedwig-client-jms/src/main/java/org/apache/hedwig/jms/spi/HedwigConnectionFactoryImpl.java,64.0,64.0,1,0,1,64.0,64.0,64.0,0.43537414965986393,0.43537414965986393,0.43537414965986393,147,147.0,147.0,421.0,26944.0,No
