Ticket_ID,Commit_Hash,Author,Date,Message,Changed_Files
BOOKKEEPER-19,8ee32a8ab80dcd51f7846972d92b7c9e83d99862,Flavio Paiva Junqueira,2011-05-20 14:11:04 +0000,BOOKKEEPER-19: BookKeeper doesn't support more than 2Gig of memory (ivan via fpj),CHANGES.txt;bookkeeper-server/src/main/java/org/apache/bookkeeper/bookie/LedgerCache.java
BOOKKEEPER-1,9ea30d361649e13f28efb05ea2155cf765267a2f,Ivan Brendan Kelly,2011-05-25 09:28:46 +0000,BOOKKEEPER-1: Static variable makes tests fail (fpj via ivank),bookkeeper-server/pom.xml
BOOKKEEPER-1,266b1c2744a35b9379ba5e7023322a2450b91090,Ivan Brendan Kelly,2011-05-25 09:41:33 +0000,BOOKKEEPER-1: Static variable makes tests fail (fpj via ivank) [CHANGES.txt],CHANGES.txt
BOOKKEEPER-22,267ed95a2ae2ef1a8f6a3166b217d86a28166391,Flavio Paiva Junqueira,2011-06-06 15:49:38 +0000,BOOKKEEPER-22: Exception in LedgerCache causes addEntry request to fail (fpj via fpj),CHANGES.txt;bookkeeper-server/src/main/java/org/apache/bookkeeper/bookie/LedgerCache.java;bookkeeper-server/src/main/java/org/apache/bookkeeper/client/MacDigestManager.java;bookkeeper-server/src/main/java/org/apache/bookkeeper/proto/NIOServerFactory.java;bookkeeper-server/src/test/java/org/apache/bookkeeper/test/LedgerCacheTest.java
BOOKKEEPER-5,00f25f5622e69f063202f7bd46f09ad1d708983d,Flavio Paiva Junqueira,2011-07-07 14:37:50 +0000,BOOKKEEPER-5: Issue with Netty in BookKeeper (fpj and ivank via fpj),CHANGES.txt;bookkeeper-server/src/main/java/org/apache/bookkeeper/proto/BookieClient.java;bookkeeper-server/src/main/java/org/apache/bookkeeper/proto/PerChannelBookieClient.java;bookkeeper-server/src/test/java/org/apache/bookkeeper/test/BookieReadWriteTest.java
BOOKKEEPER-27,3e9d596480537e45a23e591a1daabddffd2b15bf,Flavio Paiva Junqueira,2011-07-30 23:58:28 +0000,BOOKKEEPER-27: mvn site failed with unresolved dependencies (ivank via fpj),CHANGES.txt;bookkeeper-benchmark/pom.xml;hedwig-client/pom.xml;hedwig-server/pom.xml;pom.xml
BOOKKEEPER-29,de1c3b26a1162fb545c91d9cef4eed435c662a66,Ivan Brendan Kelly,2011-08-10 10:37:39 +0000,BOOKKEEPER-29: BookieRecoveryTest fails intermittently (fpj via ivank),CHANGES.txt;bookkeeper-server/src/test/java/org/apache/bookkeeper/test/BookieRecoveryTest.java
BOOKKEEPER-29,40b13a6b7db9d2da337dce0c7084d8c87c4d6b06,Flavio Paiva Junqueira,2011-08-11 19:37:21 +0000,"BOOKKEEPER-29: BookieRecoveryTest fails intermittently (ivank, fpj via fpj)",CHANGES.txt;bookkeeper-server/src/main/java/org/apache/bookkeeper/bookie/Bookie.java;bookkeeper-server/src/main/java/org/apache/bookkeeper/client/BookieWatcher.java;bookkeeper-server/src/test/java/org/apache/bookkeeper/client/BookKeeperTestClient.java;bookkeeper-server/src/test/java/org/apache/bookkeeper/test/BaseTestCase.java;bookkeeper-server/src/test/java/org/apache/bookkeeper/test/BookieFailureTest.java;bookkeeper-server/src/test/java/org/apache/bookkeeper/test/BookieReadWriteTest.java;bookkeeper-server/src/test/java/org/apache/bookkeeper/test/BookieRecoveryTest.java
BOOKKEEPER-43,a772663c8e7051396bac5bae5b4ba7bc7ec75e78,Benjamin Reed,2011-08-23 22:34:58 +0000,BOOKKEEPER-43: NullPointException when releasing topic,CHANGES.txt;hedwig-server/src/main/java/org/apache/hedwig/server/subscriptions/AbstractSubscriptionManager.java
BOOKKEEPER-38,a01067bb2003e6836acc638b734581844eb08324,Benjamin Reed,2011-08-23 22:38:29 +0000,BOOKKEEPER-38: Bookie Server doesn't exit when its zookeeper session is expired. So the process is hang there.,CHANGES.txt;bookkeeper-server/src/main/java/org/apache/bookkeeper/bookie/Bookie.java;bookkeeper-server/src/main/java/org/apache/bookkeeper/proto/BookieServer.java
BOOKKEEPER-38,c30c309bf95a6ba145d33326af73253fb835b1b4,Benjamin Reed,2011-08-23 22:43:46 +0000,forgot to add test from BOOKKEEPER-38,bookkeeper-server/src/test/java/org/apache/bookkeeper/test/BookieZKExpireTest.java
BOOKKEEPER-58,ad96c00dcd01ee310c63f78211c6b66c8c874e05,Ivan Brendan Kelly,2011-08-29 17:33:01 +0000,BOOKKEEPER-58: Changes introduced in BK-38 cause BookieClientTest to hang indefinitely. (ivank),CHANGES.txt;bookkeeper-server/src/main/java/org/apache/bookkeeper/bookie/Bookie.java
BOOKKEEPER-18,da1df6bcf4f3a1cc2ed4d3798764e855555ab8f8,Ivan Brendan Kelly,2011-08-29 17:34:16 +0000,"BOOKKEEPER-18: maven build is unstable (morel, ivank via ivank)",CHANGES.txt;bookkeeper-benchmark/pom.xml;hedwig-client/pom.xml;hedwig-protocol/pom.xml;hedwig-protocol/src/main/java/org/apache/hedwig/protocol/PubSubProtocol.java;hedwig-server/pom.xml
BOOKKEEPER-28,afdd3dd1e7e06f97e29ff5bcaa2001f81f6d9210,Ivan Brendan Kelly,2011-08-30 08:34:31 +0000,BOOKKEEPER-28: Create useful startup scripts for bookkeeper and hedwig (ivank),CHANGES.txt;bookkeeper-server/bin/bookkeeper;bookkeeper-server/conf/bkenv.sh;bookkeeper-server/lib/README;bookkeeper-server/pom.xml;doc/bookkeeperConfig.textile;doc/bookkeeperStarted.textile;doc/hedwigBuild.textile;doc/hedwigDesign.textile;doc/hedwigUser.textile;hedwig-client/conf/hw_client.conf;hedwig-server/bin/hedwig;hedwig-server/conf/hw_server.conf;hedwig-server/conf/hwenv.sh;hedwig-server/lib/README;hedwig-server/pom.xml;scripts/README.txt;scripts/analyze.py;scripts/hw.bash;scripts/hwServer.sh;scripts/quote
BOOKKEEPER-51,675efc92fdb7c88ff9b871ba2ccf56974f769544,Ivan Brendan Kelly,2011-08-30 09:14:33 +0000,BOOKKEEPER-51: NullPointException at FIFODeliveryManager#deliveryPtrs (xulei via ivank),CHANGES.txt;hedwig-server/src/main/java/org/apache/hedwig/server/delivery/FIFODeliveryManager.java
BOOKKEEPER-52,360174f12df9b853e4f3b65631c4063e150beb8f,Ivan Brendan Kelly,2011-08-30 10:13:51 +0000,BOOKKEEPER-52: Message sequence confuse due to the subscribeMsgQueue@SubscribeResponseHandler (xulei via ivank),CHANGES.txt;hedwig-client/src/main/java/org/apache/hedwig/client/handlers/SubscribeResponseHandler.java
BOOKKEEPER-57,28377803242f8514fcdf17f7a808aa756fa158b9,Ivan Brendan Kelly,2011-08-31 14:59:46 +0000,BOOKKEEPER-57: NullPointException at bookie.zk@EntryLogger (xulei via ivank),CHANGES.txt;bookkeeper-server/src/main/java/org/apache/bookkeeper/bookie/EntryLogger.java
BOOKKEEPER-63,79ea05a3cbcc953bd86f024eb4143e4b85fcd8f1,Ivan Brendan Kelly,2011-09-05 10:32:39 +0000,BOOKKEEPER-63: Hedwig PubSubServer must wait for its Zookeeper client to be connected upon startup (morel via ivank),CHANGES.txt;hedwig-server/src/main/java/org/apache/hedwig/server/netty/PubSubServer.java;hedwig-server/src/test/java/org/apache/hedwig/server/TestPubSubServerStartup.java
BOOKKEEPER-59,6823a35ceafcaf3d8802a8e502883d3d07e891f7,Flavio Paiva Junqueira,2011-09-16 14:55:38 +0000,BOOKKEEPER-59: Race condition in netty code allocates and orphans resources (BK-5 revisited) (ivank via fpj),CHANGES.txt;bookkeeper-server/src/main/java/org/apache/bookkeeper/proto/BookieClient.java;bookkeeper-server/src/main/java/org/apache/bookkeeper/proto/PerChannelBookieClient.java
BOOKKEEPER-61,9639b64a1296f937a7b2704de671a38deb31007b,Benjamin Reed,2011-10-07 22:24:21 +0000,  BOOKKEEPER-61: BufferedChannel read endless when the remaining bytes of file is less than the capacity of read buffer,bookkeeper-server/src/main/java/org/apache/bookkeeper/bookie/BufferedChannel.java;bookkeeper-server/src/main/java/org/apache/bookkeeper/proto/NIOServerFactory.java;bookkeeper-server/src/main/java/org/apache/bookkeeper/proto/PerChannelBookieClient.java
BOOKKEEPER-65,c980c700d1313911903df3d4c3d48cf8da441827,Ivan Brendan Kelly,2011-10-17 21:39:26 +0000,BOOKKEEPER-65: fix dependencies on incompatible versions of netty (mmorel via ivank),CHANGES.txt;bookkeeper-benchmark/pom.xml;hedwig-client/pom.xml
BOOKKEEPER-68,2f2f6c66da80e1f2e8a0f7661e91bcd0898d6289,Ivan Brendan Kelly,2011-10-18 08:42:46 +0000,BOOKKEEPER-68: Conditional setData (fpj via ivank),CHANGES.txt;bookkeeper-server/src/main/java/org/apache/bookkeeper/client/LedgerCreateOp.java;bookkeeper-server/src/main/java/org/apache/bookkeeper/client/LedgerHandle.java;bookkeeper-server/src/main/java/org/apache/bookkeeper/client/LedgerMetadata.java;bookkeeper-server/src/main/java/org/apache/bookkeeper/client/LedgerOpenOp.java;bookkeeper-server/src/main/java/org/apache/bookkeeper/client/LedgerRecoveryOp.java;bookkeeper-server/src/main/java/org/apache/bookkeeper/tools/BookKeeperTools.java;bookkeeper-server/src/test/java/org/apache/bookkeeper/test/AsyncLedgerOpsTest.java;bookkeeper-server/src/test/java/org/apache/bookkeeper/test/ConditionalSetTest.java
BOOKKEEPER-86,2c91d144a7e283c09e90b3065aa6fb352e177083,Benjamin Reed,2011-10-18 18:14:32 +0000,BOOKKEEPER-86: bookkeeper-benchmark fails to compile after BOOKKEEPER-68,CHANGES.txt;bookkeeper-benchmark/src/main/java/org/apache/bookkeeper/benchmark/TestClient.java
BOOKKEEPER-68,2c91d144a7e283c09e90b3065aa6fb352e177083,Benjamin Reed,2011-10-18 18:14:32 +0000,BOOKKEEPER-86: bookkeeper-benchmark fails to compile after BOOKKEEPER-68,CHANGES.txt;bookkeeper-benchmark/src/main/java/org/apache/bookkeeper/benchmark/TestClient.java
BOOKKEEPER-61,d05e52ce5a6bf8b0076685ccec03f5ab91b2b32d,Benjamin Reed,2011-10-19 18:20:01 +0000,missing CHANGE.txt entry for BOOKKEEPER-61 (commit 1180266),CHANGES.txt
BOOKKEEPER-88,4f09c6b4af38b51d259d8a6068806f7f22cc1847,Ivan Brendan Kelly,2011-10-24 09:40:18 +0000,BOOKKEEPER-88: derby doesn't like - in the topic names (breed via ivank),CHANGES.txt;hedwig-client/src/main/java/org/apache/hedwig/client/benchmark/HedwigBenchmark.java
BOOKKEEPER-92,45f2edbb1c3233309f6498e581e4cdcd87dcb70a,Ivan Brendan Kelly,2011-10-25 15:16:30 +0000,BOOKKEEPER-92: using wrong context object in readLastConfirmedComplete callback (Sijie Guo via ivank),CHANGES.txt;bookkeeper-server/src/main/java/org/apache/bookkeeper/client/ReadLastConfirmedOp.java
BOOKKEEPER-94,d6465cad801b4ee89b77d1beec6acc371f8ddb6c,Ivan Brendan Kelly,2011-10-26 14:06:38 +0000,BOOKKEEPER-94: Double callbacks in readLastConfirmedOp which fails readLastConfirmed operation even received enough valid responses. (Sijie Guo via ivank),CHANGES.txt;bookkeeper-server/src/main/java/org/apache/bookkeeper/client/ReadLastConfirmedOp.java
BOOKKEEPER-93,d1823db0509fe49b0ce8140c620e4c5100427407,Ivan Brendan Kelly,2011-10-27 16:53:34 +0000,BOOKKEEPER-93: bookkeeper doesn't work correctly on OpenLedgerNoRecovery (Sijie Guo via ivank),CHANGES.txt;bookkeeper-server/src/main/java/org/apache/bookkeeper/client/LedgerCreateOp.java;bookkeeper-server/src/main/java/org/apache/bookkeeper/client/LedgerHandle.java;bookkeeper-server/src/main/java/org/apache/bookkeeper/client/LedgerOpenOp.java;bookkeeper-server/src/test/java/org/apache/bookkeeper/test/BookieReadWriteTest.java
BOOKKEEPER-100,ea616470cfbd129bb03098698a562e1b8dd8ecc4,Ivan Brendan Kelly,2011-10-27 17:12:51 +0000,BOOKKEEPER-100: Some hedwig tests have build errors (dferro via ivank),CHANGES.txt;hedwig-server/src/test/java/org/apache/hedwig/server/persistence/BookKeeperTestBase.java;hedwig-server/src/test/java/org/apache/hedwig/server/topics/TestZkTopicManager.java
BOOKKEEPER-71,dc5f5d223502b8bc9ef6bc3706f3bbea975e757e,Ivan Brendan Kelly,2011-10-28 13:36:43 +0000,BOOKKEEPER-71: hedwig c++ client does not build . (ivank),CHANGES.txt;hedwig-client/src/main/cpp/README;hedwig-client/src/main/cpp/config.h.in;hedwig-client/src/main/cpp/configure.ac;hedwig-client/src/main/cpp/inc/hedwig/callback.h;hedwig-client/src/main/cpp/inc/hedwig/client.h;hedwig-client/src/main/cpp/lib/Makefile.am;hedwig-client/src/main/cpp/lib/channel.cpp;hedwig-client/src/main/cpp/lib/channel.h;hedwig-client/src/main/cpp/lib/client.cpp;hedwig-client/src/main/cpp/lib/clientimpl.cpp;hedwig-client/src/main/cpp/lib/clientimpl.h;hedwig-client/src/main/cpp/lib/data.cpp;hedwig-client/src/main/cpp/lib/data.h;hedwig-client/src/main/cpp/lib/eventdispatcher.cpp;hedwig-client/src/main/cpp/lib/exceptions.cpp;hedwig-client/src/main/cpp/lib/publisherimpl.cpp;hedwig-client/src/main/cpp/lib/subscriberimpl.cpp;hedwig-client/src/main/cpp/lib/subscriberimpl.h;hedwig-client/src/main/cpp/lib/util.cpp;hedwig-client/src/main/cpp/lib/util.h;hedwig-client/src/main/cpp/scripts/network-delays.sh;hedwig-client/src/main/cpp/scripts/server-control.sh;hedwig-client/src/main/cpp/scripts/tester.sh;hedwig-client/src/main/cpp/test/Makefile.am;hedwig-client/src/main/cpp/test/main.cpp;hedwig-client/src/main/cpp/test/publishtest.cpp;hedwig-client/src/main/cpp/test/pubsubdatatest.cpp;hedwig-client/src/main/cpp/test/pubsubtest.cpp;hedwig-client/src/main/cpp/test/servercontrol.cpp;hedwig-client/src/main/cpp/test/servercontrol.h;hedwig-client/src/main/cpp/test/subscribetest.cpp;hedwig-client/src/main/cpp/test/util.h;hedwig-client/src/main/cpp/test/utiltest.cpp;hedwig-server/src/test/java/org/apache/hedwig/ServerControl.java;hedwig-server/src/test/java/org/apache/hedwig/ServerControlDaemon.java
BOOKKEEPER-50,c17dfb9aa2aeb6d3d1c6fa934dc9ef15bf6b5bc2,Ivan Brendan Kelly,2011-11-04 10:46:44 +0000,BOOKKEEPER-50: NullPointException at LedgerDescriptor#cmpMasterKey (Sijie Guo via ivank),CHANGES.txt;bookkeeper-server/src/main/java/org/apache/bookkeeper/bookie/Bookie.java;bookkeeper-server/src/main/java/org/apache/bookkeeper/bookie/FileInfo.java;bookkeeper-server/src/test/java/org/apache/bookkeeper/test/BaseTestCase.java
BOOKKEEPER-107,2ea2fd09f2bbbea18e183c8af8e82e81eee9fe79,Ivan Brendan Kelly,2011-11-08 17:58:18 +0000,BOOKKEEPER-107: memory leak in HostAddress of hedwig c++ client (Sijie Guo via ivank),CHANGES.txt;hedwig-client/src/main/cpp/lib/clientimpl.cpp;hedwig-client/src/main/cpp/lib/clientimpl.h;hedwig-client/src/main/cpp/lib/util.cpp;hedwig-client/src/main/cpp/lib/util.h
BOOKKEEPER-80,6e3b195d16ef4b24618d7bb13b3eede6b9126e74,Ivan Brendan Kelly,2011-11-08 18:09:49 +0000,BOOKKEEPER-80: subscription msg queue race condition in hedwig c++ client (Sijie Guo via ivank),CHANGES.txt;hedwig-client/src/main/cpp/lib/subscriberimpl.cpp;hedwig-client/src/main/cpp/lib/subscriberimpl.h;hedwig-client/src/main/cpp/test/pubsubtest.cpp;hedwig-client/src/main/cpp/test/util.h
BOOKKEEPER-106,75dbf699b90dd01b0dd44e4bdda60e7176b3ee12,Flavio Paiva Junqueira,2011-11-15 18:42:58 +0000,BOOKKEEPER-106: recoveryBookieData can select a recovery bookie which is already in the ledgers ensemble,bookkeeper-server/src/main/java/org/apache/bookkeeper/client/BookKeeperAdmin.java;bookkeeper-server/src/main/java/org/apache/bookkeeper/proto/BookieServer.java;bookkeeper-server/src/test/java/org/apache/bookkeeper/client/BookieRecoveryTest.java;bookkeeper-server/src/test/java/org/apache/bookkeeper/test/BaseTestCase.java
BOOKKEEPER-106,64411b9af4eede947f0cf0fd46da4d3170ec18e4,Flavio Paiva Junqueira,2011-11-15 18:44:33 +0000,BOOKKEEPER-106:	recoveryBookieData can select a recovery bookie which is already in the ledgers ensemble (forgot to edit CHANGES.txt),CHANGES.txt
BOOKKEEPER-81,304bf8fe61bd545072d09c7089d8b92fc3c2f1d3,Flavio Paiva Junqueira,2011-11-17 08:59:36 +0000,BOOKKEEPER-81: disk space of garbage collected entry logger files isn't reclaimed util process quit (Sijie Guo via fpj),CHANGES.txt;bookkeeper-server/src/main/java/org/apache/bookkeeper/bookie/BufferedChannel.java;bookkeeper-server/src/main/java/org/apache/bookkeeper/bookie/EntryLogger.java
BOOKKEEPER-87,03e03c2b4a0eb0266cad4eb5e34099100629425e,Flavio Paiva Junqueira,2011-11-17 14:00:27 +0000,BOOKKEEPER-87: TestHedwigHub exhausts direct buffer memory with netty 3.2.4.Final (ivank via fpj),CHANGES.txt;bookkeeper-server/pom.xml;hedwig-server/pom.xml
BOOKKEEPER-69,4afc000c193174857925f357a32950ab743490bc,Ivan Brendan Kelly,2011-11-18 10:38:46 +0000,"BOOKKEEPER-69: ServerRedirectLoopException when a machine (hosts bookie server & hub server) reboot, which is caused by race condition of topic manager (Sijie, ivank via ivank)",CHANGES.txt;hedwig-server/src/main/java/org/apache/hedwig/server/topics/AbstractTopicManager.java;hedwig-server/src/test/java/org/apache/hedwig/server/persistence/BookKeeperTestBase.java;hedwig-server/src/test/java/org/apache/hedwig/server/topics/TestConcurrentTopicAcquisition.java
BOOKKEEPER-115,d33f843a67ad8bc73367259c78170c0bfab24cdc,Ivan Brendan Kelly,2011-11-18 18:06:13 +0000,BOOKKEEPER-115: LocalBookKeeper fails after BOOKKEEPER-108 (ivank),CHANGES.txt;bookkeeper-server/src/main/java/org/apache/bookkeeper/conf/ClientConfiguration.java;bookkeeper-server/src/main/java/org/apache/bookkeeper/conf/ServerConfiguration.java
BOOKKEEPER-79,1bcbc47bcc6394b0c6fdeb73203aab59eab0fee5,Ivan Brendan Kelly,2011-11-21 10:32:40 +0000,BOOKKEEPER-79: randomly startDelivery/stopDelivery will core dump in c++ hedwig client (Sijie Guo via ivank),CHANGES.txt;hedwig-client/src/main/cpp/lib/channel.cpp;hedwig-client/src/main/cpp/lib/channel.h;hedwig-client/src/main/cpp/lib/subscriberimpl.cpp;hedwig-client/src/main/cpp/scripts/server-control.sh;hedwig-client/src/main/cpp/test/pubsubtest.cpp
BOOKKEEPER-118,e110067476eb55289d6dd86a94a6a1b0ab1a2ad8,Ivan Brendan Kelly,2011-11-28 12:15:52 +0000,BOOKKEEPER-118: Hedwig client doesn't kill and remove old subscription channel after redirection. (Sijie Guo via ivank),CHANGES.txt;hedwig-client/src/main/cpp/lib/clientimpl.cpp
BOOKKEEPER-119,d5d73a8591369458c075034b8111f0dfabc2916d,Flavio Paiva Junqueira,2011-11-28 16:32:27 +0000,BOOKKEEPER-119: Keys in configuration have inconsistent style (ivank via fpj),CHANGES.txt;bookkeeper-server/conf/bk_server.conf;bookkeeper-server/src/main/java/org/apache/bookkeeper/conf/ClientConfiguration.java;bookkeeper-server/src/main/java/org/apache/bookkeeper/conf/ServerConfiguration.java;doc/bookkeeperConfig.textile
BOOKKEEPER-39,3af9f38fc3b53c40751904972384ecb9a4e9fb44,Ivan Brendan Kelly,2011-11-28 18:25:18 +0000,"BOOKKEEPER-39: Bookie server failed to restart because of too many ledgers (more than ~50,000 ledgers) (Sijie via ivank)",CHANGES.txt;bookkeeper-server/conf/bk_server.conf;bookkeeper-server/src/main/java/org/apache/bookkeeper/bookie/Bookie.java;bookkeeper-server/src/main/java/org/apache/bookkeeper/bookie/EntryLogger.java;bookkeeper-server/src/main/java/org/apache/bookkeeper/bookie/LedgerCache.java;bookkeeper-server/src/main/java/org/apache/bookkeeper/client/BookKeeper.java;bookkeeper-server/src/main/java/org/apache/bookkeeper/client/BookKeeperAdmin.java;bookkeeper-server/src/main/java/org/apache/bookkeeper/client/LedgerCreateOp.java;bookkeeper-server/src/main/java/org/apache/bookkeeper/client/LedgerDeleteOp.java;bookkeeper-server/src/main/java/org/apache/bookkeeper/client/LedgerHandle.java;bookkeeper-server/src/main/java/org/apache/bookkeeper/client/LedgerOpenOp.java;bookkeeper-server/src/main/java/org/apache/bookkeeper/conf/AbstractConfiguration.java;bookkeeper-server/src/main/java/org/apache/bookkeeper/meta/AbstractZkLedgerManager.java;bookkeeper-server/src/main/java/org/apache/bookkeeper/meta/FlatLedgerManager.java;bookkeeper-server/src/main/java/org/apache/bookkeeper/meta/HierarchicalLedgerManager.java;bookkeeper-server/src/main/java/org/apache/bookkeeper/meta/LedgerLayout.java;bookkeeper-server/src/main/java/org/apache/bookkeeper/meta/LedgerManager.java;bookkeeper-server/src/main/java/org/apache/bookkeeper/meta/LedgerManagerFactory.java;bookkeeper-server/src/main/java/org/apache/bookkeeper/proto/BookieServer.java;bookkeeper-server/src/main/java/org/apache/bookkeeper/proto/BookkeeperInternalCallbacks.java;bookkeeper-server/src/main/java/org/apache/bookkeeper/util/LocalBookKeeper.java;bookkeeper-server/src/main/java/org/apache/bookkeeper/util/Main.java;bookkeeper-server/src/main/java/org/apache/bookkeeper/util/StringUtils.java;bookkeeper-server/src/main/java/org/apache/bookkeeper/util/ZkUtils.java;bookkeeper-server/src/test/java/org/apache/bookkeeper/client/BookieRecoveryTest.java;bookkeeper-server/src/test/java/org/apache/bookkeeper/client/LedgerCacheTest.java;bookkeeper-server/src/test/java/org/apache/bookkeeper/meta/HierarchicalAsyncLedgerOpsTest.java;bookkeeper-server/src/test/java/org/apache/bookkeeper/meta/HierarchicalBookieFailureTest.java;bookkeeper-server/src/test/java/org/apache/bookkeeper/meta/HierarchicalBookieReadWriteTest.java;bookkeeper-server/src/test/java/org/apache/bookkeeper/meta/HierarchicalBookieRecoveryTest.java;bookkeeper-server/src/test/java/org/apache/bookkeeper/meta/HierarchicalLedgerDeleteTest.java;bookkeeper-server/src/test/java/org/apache/bookkeeper/meta/LedgerLayoutTest.java;bookkeeper-server/src/test/java/org/apache/bookkeeper/meta/TestLedgerManager.java;bookkeeper-server/src/test/java/org/apache/bookkeeper/test/BaseTestCase.java;bookkeeper-server/src/test/java/org/apache/bookkeeper/test/ConcurrentLedgerTest.java;doc/bookkeeperConfig.textile
BOOKKEEPER-53,924fb834de0ae926ea075385c47dd29f8dd804a3,Benjamin Reed,2011-11-28 22:01:53 +0000,BOOKKEEPER-53: race condition of outstandingMsgSet@SubscribeResponseHandler,CHANGES.txt;hedwig-client/src/main/java/org/apache/hedwig/client/handlers/SubscribeResponseHandler.java
BOOKKEEPER-124,c323c003687319d20eb7539c0e85a9cf3a4a6d08,Ivan Brendan Kelly,2011-11-29 09:05:53 +0000,BOOKKEEPER-124: build has RAT failures (ivank),CHANGES.txt;bookkeeper-benchmark/pom.xml;bookkeeper-server/pom.xml;doc/doc.textile;doc/hedwigBuild.textile;doc/hedwigDesign.textile;doc/hedwigUser.textile;hedwig-client/conf/hw_client.conf;hedwig-client/pom.xml;hedwig-client/src/main/cpp/c-doc.Doxyfile;hedwig-protocol/Makefile;hedwig-protocol/pom.xml;hedwig-server/conf/hw_server.conf;hedwig-server/pom.xml;pom.xml
BOOKKEEPER-125,504867718d934b66dfa4df8edc55c9c888aa3d42,Ivan Brendan Kelly,2011-11-29 17:45:58 +0000,BOOKKEEPER-125: log4j still used in some places (ivank),CHANGES.txt;bookkeeper-server/src/main/java/org/apache/bookkeeper/meta/AbstractZkLedgerManager.java;bookkeeper-server/src/test/java/org/apache/bookkeeper/bookie/BookieLayoutVersionTest.java;bookkeeper-server/src/test/java/org/apache/bookkeeper/client/TestFencing.java;bookkeeper-server/src/test/java/org/apache/bookkeeper/test/BookieJournalRollingTest.java
BOOKKEEPER-62,da088187d80bf0b935aad14c1a4aa73e4920378f,Ivan Brendan Kelly,2011-11-29 17:46:36 +0000,BOOKKEEPER-62: Bookie can not start when encountering corrupted records (breed via ivank),CHANGES.txt;bookkeeper-server/src/main/java/org/apache/bookkeeper/bookie/EntryLogger.java;bookkeeper-server/src/test/java/org/apache/bookkeeper/bookie/EntryLogTest.java
BOOKKEEPER-127,aa1d8296672a1a29fdc3de630f5995c0d1a21429,Ivan Brendan Kelly,2011-11-29 22:26:53 +0000,BOOKKEEPER-127: Make poms use official zookeeper 3.4.0 (ivank),CHANGES.txt;bookkeeper-benchmark/pom.xml;bookkeeper-server/pom.xml;hedwig-client/pom.xml;hedwig-server/pom.xml;pom.xml
BOOKKEEPER-128,fa78ba95d4e6ccff5ebb734e6036b11c802b3030,Ivan Brendan Kelly,2011-11-30 10:07:23 +0000,BOOKKEEPER-128: pom and script modifications required for generating release packages (ivank),CHANGES.txt;README;bookkeeper-server/bin/bookkeeper;bookkeeper-server/pom.xml;hedwig-server/bin/hedwig;hedwig-server/pom.xml;pom.xml;src/assemble/bin.xml;src/assemble/src.xml
BOOKKEEPER-129,92e69b331797ea6a4eb4d46b668360e6c7bb9bd4,Ivan Brendan Kelly,2011-11-30 10:39:06 +0000,BOOKKEEPER-129: ZK_TIMEOUT typo in client/server configuration (Sijie via ivank),CHANGES.txt;bookkeeper-server/src/main/java/org/apache/bookkeeper/conf/ClientConfiguration.java;bookkeeper-server/src/main/java/org/apache/bookkeeper/conf/ServerConfiguration.java
BOOKKEEPER-66,3bc2bdb0d0f38b004fa95a58e8b02104005c663b,Ivan Brendan Kelly,2011-11-30 15:42:14 +0000,BOOKKEEPER-66: use IPv4 for builds (mmorel via ivank),CHANGES.txt;bookkeeper-server/bin/bookkeeper;hedwig-server/bin/hedwig;pom.xml
BOOKKEEPER-131,86844d7303f62a8e2361ca56d83ba2d47e5c77b8,Ivan Brendan Kelly,2011-12-01 21:08:08 +0000,BOOKKEEPER-131: Fix zookeeper test dependency (ivank),CHANGES.txt;bookkeeper-benchmark/pom.xml;bookkeeper-server/pom.xml;hedwig-server/pom.xml
BOOKKEEPER-134,dcfe4bcc5123eb70a5366bbf3b4931d8d23f9e48,Ivan Brendan Kelly,2011-12-01 22:26:46 +0000,BOOKKEEPER-134: Delete superfluous lib directories (ivank),CHANGES.txt;bookkeeper-server/lib/zookeeper-test-3.3.3.jar
BOOKKEEPER-138,d006007ccf86f924d0773e267675a52e98314710,Ivan Brendan Kelly,2011-12-02 19:33:43 +0000,BOOKKEEPER-138: NOTICE.txt is invalid (ivank),CHANGES.txt;NOTICE.txt
BOOKKEEPER-139,1c90beb59a6aa94f18ca6b5ca1f94a0db5e0cc14,Ivan Brendan Kelly,2011-12-02 19:58:59 +0000,BOOKKEEPER-139: Binary packages do not carry NOTICE.txt (ivank),CHANGES.txt;bookkeeper-server/README.txt;src/assemble/bin.xml
BOOKKEEPER-142,9eb549d4c308963af0be3288a59b0c4c39cbb5e6,Ivan Brendan Kelly,2011-12-16 11:43:31 +0000,"BOOKKEEPER-142: Parsing last log id is wrong, which may make entry log files overwritten (Sijie Gou via ivank)",CHANGES.txt;bookkeeper-server/src/main/java/org/apache/bookkeeper/bookie/EntryLogger.java
BOOKKEEPER-140,8f755ed13f193ad6491fdca1794d834f3d3d4dcc,Ivan Brendan Kelly,2011-12-21 16:43:23 +0000,BOOKKEEPER-140: Hub server doesn't subscribe remote region correctly when a region is down. (Sijie Gou via ivank),CHANGES.txt;hedwig-server/src/main/java/org/apache/hedwig/server/common/ServerConfiguration.java;hedwig-server/src/main/java/org/apache/hedwig/server/regions/RegionManager.java;hedwig-server/src/main/java/org/apache/hedwig/server/subscriptions/AbstractSubscriptionManager.java;hedwig-server/src/test/java/org/apache/hedwig/server/HedwigRegionTestBase.java;hedwig-server/src/test/java/org/apache/hedwig/server/integration/TestHedwigRegion.java
BOOKKEEPER-133,0975f069d90748eb43fcec7622d3961b0446ea28,Ivan Brendan Kelly,2011-12-22 17:35:48 +0000,BOOKKEEPER-133: Hub server should update subscription state to zookeeper when losing topic or shutting down (Sijie Gou via ivank),CHANGES.txt;hedwig-server/src/main/java/org/apache/hedwig/server/delivery/DeliveryManager.java;hedwig-server/src/main/java/org/apache/hedwig/server/netty/PubSubServer.java;hedwig-server/src/main/java/org/apache/hedwig/server/subscriptions/AbstractSubscriptionManager.java;hedwig-server/src/main/java/org/apache/hedwig/server/subscriptions/InMemorySubscriptionState.java;hedwig-server/src/main/java/org/apache/hedwig/server/subscriptions/SubscriptionManager.java;hedwig-server/src/main/java/org/apache/hedwig/server/topics/AbstractTopicManager.java;hedwig-server/src/main/java/org/apache/hedwig/server/topics/TopicManager.java;hedwig-server/src/main/java/org/apache/hedwig/server/topics/TrivialOwnAllTopicManager.java;hedwig-server/src/main/java/org/apache/hedwig/server/topics/ZkTopicManager.java;hedwig-server/src/test/java/org/apache/hedwig/server/HedwigHubTestBase.java;hedwig-server/src/test/java/org/apache/hedwig/server/delivery/StubDeliveryManager.java;hedwig-server/src/test/java/org/apache/hedwig/server/subscriptions/TestUpdateSubscriptionState.java
BOOKKEEPER-148,e32715ad96558a9941910dd6ae91fc1c646baeb6,Flavio Paiva Junqueira,2012-01-11 14:46:29 +0000,BOOKKEEPER-148: Jenkins build is failing (ivank via fpj),CHANGES.txt;bookkeeper-server/pom.xml;bookkeeper-server/src/test/java/org/apache/bookkeeper/client/TestFencing.java
BOOKKEEPER-40,0d43f404ea145a35d46371967975f9590649a033,Ivan Brendan Kelly,2012-01-13 17:06:41 +0000,BOOKKEEPER-40: BookieClientTest fails intermittantly (fpj via ivank),CHANGES.txt;bookkeeper-server/src/test/java/org/apache/bookkeeper/test/BookieClientTest.java
BOOKKEEPER-150,c7c8af741a2f532b554dcdabf85237c23ea14aaa,Ivan Brendan Kelly,2012-01-17 15:52:16 +0000,BOOKKEEPER-150: Entry is lost when recovering a ledger with not enough bookies. (Sijie Guo via ivank),CHANGES.txt;bookkeeper-server/src/main/java/org/apache/bookkeeper/client/LedgerHandle.java;bookkeeper-server/src/main/java/org/apache/bookkeeper/client/LedgerMetadata.java;bookkeeper-server/src/test/java/org/apache/bookkeeper/client/BookieRecoveryTest.java;bookkeeper-server/src/test/java/org/apache/bookkeeper/test/BaseTestCase.java;bookkeeper-server/src/test/java/org/apache/bookkeeper/test/LedgerRecoveryTest.java
BOOKKEEPER-153,f56e596d70c66dac170008ffbe19489eee05be08,Ivan Brendan Kelly,2012-01-18 14:11:46 +0000,BOOKKEEPER-153: Ledger can't be opened or closed due to zero-length metadata (Sijie Guo via ivank),CHANGES.txt;bookkeeper-server/src/main/java/org/apache/bookkeeper/client/LedgerCreateOp.java;bookkeeper-server/src/main/java/org/apache/bookkeeper/client/LedgerMetadata.java;bookkeeper-server/src/main/java/org/apache/bookkeeper/meta/FlatLedgerManager.java;bookkeeper-server/src/main/java/org/apache/bookkeeper/meta/HierarchicalLedgerManager.java;bookkeeper-server/src/main/java/org/apache/bookkeeper/meta/LedgerManager.java
BOOKKEEPER-161,cfe3e650b69b2b599dd5b2f27f2164af38c7a2be,Ivan Brendan Kelly,2012-02-07 10:03:17 +0000,"BOOKKEEPER-161: PerChannelBookieClient tries to reuse HashedWheelTimer, throws Exception (ivank)",CHANGES.txt;bookkeeper-server/src/main/java/org/apache/bookkeeper/proto/PerChannelBookieClient.java
BOOKKEEPER-167,3272204448bf210d03377ba822d01419ad197a17,Ivan Brendan Kelly,2012-02-08 10:40:19 +0000,BOOKKEEPER-167: PerChannelBookieClient doesn't use ClientConfiguration (Sijie Guo via ivank),CHANGES.txt;bookkeeper-server/src/main/java/org/apache/bookkeeper/proto/BookieClient.java
BOOKKEEPER-156,bd2efa12f1f63afa90723ce405caebafb4afd6be,Ivan Brendan Kelly,2012-02-08 10:40:43 +0000,BOOKKEEPER-156: BookieJournalRollingTest failing (Sijie Guo via ivank),CHANGES.txt;bookkeeper-server/src/test/java/org/apache/bookkeeper/test/BaseTestCase.java
BOOKKEEPER-137,c65d6ada34215ee3a5466c495d565d745857c435,Ivan Brendan Kelly,2012-02-09 17:14:29 +0000,BOOKKEEPER-137: Do not create Ledger index files until absolutely necessary. (ivank),CHANGES.txt;bookkeeper-server/src/main/java/org/apache/bookkeeper/bookie/Bookie.java;bookkeeper-server/src/main/java/org/apache/bookkeeper/bookie/FileInfo.java;bookkeeper-server/src/main/java/org/apache/bookkeeper/bookie/JournalChannel.java;bookkeeper-server/src/main/java/org/apache/bookkeeper/bookie/LedgerCache.java;bookkeeper-server/src/main/java/org/apache/bookkeeper/bookie/LedgerDescriptor.java;bookkeeper-server/src/main/java/org/apache/bookkeeper/proto/BookieServer.java;bookkeeper-server/src/main/java/org/apache/bookkeeper/util/LocalBookKeeper.java;bookkeeper-server/src/test/java/org/apache/bookkeeper/bookie/BookieJournalTest.java;bookkeeper-server/src/test/java/org/apache/bookkeeper/bookie/BookieLayoutVersionTest.java;bookkeeper-server/src/test/java/org/apache/bookkeeper/client/BookieRecoveryTest.java;bookkeeper-server/src/test/java/org/apache/bookkeeper/test/BaseTestCase.java
BOOKKEEPER-162,29a472598083e522645f918ec602dd91d800f0d5,Flavio Paiva Junqueira,2012-02-13 10:19:17 +0000,BOOKKEEPER-162: LedgerHandle.readLastConfirmed does not work (fpj),CHANGES.txt;bookkeeper-server/src/main/java/org/apache/bookkeeper/client/LedgerHandle.java;bookkeeper-server/src/main/java/org/apache/bookkeeper/client/LedgerRecoveryOp.java;bookkeeper-server/src/main/java/org/apache/bookkeeper/client/ReadLastConfirmedOp.java;bookkeeper-server/src/main/java/org/apache/bookkeeper/proto/BookieProtocol.java;bookkeeper-server/src/main/java/org/apache/bookkeeper/proto/PerChannelBookieClient.java;bookkeeper-server/src/test/java/org/apache/bookkeeper/test/BookieReadWriteTest.java
BOOKKEEPER-152,5a3b29d05abd71c6e5d1b3045abafd434db15f24,Ivan Brendan Kelly,2012-02-13 14:46:38 +0000,BOOKKEEPER-152: Can't recover a ledger whose current ensemble contain failed bookie. (ivank),CHANGES.txt;bookkeeper-server/src/main/java/org/apache/bookkeeper/client/DigestManager.java;bookkeeper-server/src/main/java/org/apache/bookkeeper/client/DistributionSchedule.java;bookkeeper-server/src/main/java/org/apache/bookkeeper/client/LedgerHandle.java;bookkeeper-server/src/main/java/org/apache/bookkeeper/client/LedgerRecoveryOp.java;bookkeeper-server/src/main/java/org/apache/bookkeeper/client/ReadLastConfirmedOp.java;bookkeeper-server/src/main/java/org/apache/bookkeeper/client/RoundRobinDistributionSchedule.java;bookkeeper-server/src/main/java/org/apache/bookkeeper/proto/PerChannelBookieClient.java;bookkeeper-server/src/test/java/org/apache/bookkeeper/client/BookieRecoveryTest.java;bookkeeper-server/src/test/java/org/apache/bookkeeper/test/BaseTestCase.java;bookkeeper-server/src/test/java/org/apache/bookkeeper/test/BookieFailureTest.java;bookkeeper-server/src/test/java/org/apache/bookkeeper/test/LedgerRecoveryTest.java
BOOKKEEPER-171,3defe9e5110472da995789b5ae14c286f58f1293,Sijie Guo,2012-02-15 09:58:37 +0000,BOOKKEEPER-171: ServerConfiguration can't use more than one directory for ledgers,CHANGES.txt;bookkeeper-server/src/main/java/org/apache/bookkeeper/conf/ServerConfiguration.java
BOOKKEEPER-170,633a23b3a20b27a551328be2efe5f057be3c99e2,Flavio Paiva Junqueira,2012-02-15 15:11:53 +0000,BOOKKEEPER-170: Bookie constructor starts a number of threads. (ivank via fpj),CHANGES.txt;bookkeeper-server/src/main/java/org/apache/bookkeeper/bookie/Bookie.java;bookkeeper-server/src/main/java/org/apache/bookkeeper/bookie/EntryLogger.java;bookkeeper-server/src/main/java/org/apache/bookkeeper/proto/BookieServer.java;bookkeeper-server/src/test/java/org/apache/bookkeeper/bookie/BookieJournalTest.java;bookkeeper-server/src/test/java/org/apache/bookkeeper/bookie/EntryLogTest.java;bookkeeper-server/src/test/java/org/apache/bookkeeper/client/LedgerCacheTest.java;bookkeeper-server/src/test/java/org/apache/bookkeeper/test/ConcurrentLedgerTest.java
BOOKKEEPER-169,bad375aa35a2c17c466d2be7481e7d16220d59b0,Ivan Brendan Kelly,2012-02-17 10:18:00 +0000,BOOKKEEPER-169: bookie hangs on reading header when encountering partial header index file (sijie via ivank),CHANGES.txt;bookkeeper-server/src/main/java/org/apache/bookkeeper/bookie/FileInfo.java;bookkeeper-server/src/test/java/org/apache/bookkeeper/bookie/BookieJournalTest.java
BOOKKEEPER-174,014bcd501c14141facd0e3eb4bb488ccba3a2b7d,Ivan Brendan Kelly,2012-02-17 11:50:23 +0000,BOOKKEEPER-174: Bookie can't start when replaying entries whose ledger were deleted and garbage collected. (sijie via ivank),CHANGES.txt;bookkeeper-server/src/main/java/org/apache/bookkeeper/bookie/Bookie.java;bookkeeper-server/src/test/java/org/apache/bookkeeper/test/BookieJournalRollingTest.java
BOOKKEEPER-177,9523193456992a2edd36106120a8a9f246af6995,Ivan Brendan Kelly,2012-02-24 18:08:01 +0000,BOOKKEEPER-177: Index file is lost or some index pages aren't flushed. (sijie via ivank),CHANGES.txt;bookkeeper-server/src/main/java/org/apache/bookkeeper/bookie/Bookie.java;bookkeeper-server/src/main/java/org/apache/bookkeeper/bookie/LedgerCache.java;bookkeeper-server/src/main/java/org/apache/bookkeeper/bookie/LedgerDescriptor.java;bookkeeper-server/src/main/java/org/apache/bookkeeper/conf/ServerConfiguration.java;bookkeeper-server/src/test/java/org/apache/bookkeeper/test/IndexCorruptionTest.java
BOOKKEEPER-113,9366322bfe3461a44a8b0444e66cd774ea1ac7d8,Ivan Brendan Kelly,2012-02-24 19:07:57 +0000,BOOKKEEPER-113: NPE In BookKeeper test (fpj via ivank),CHANGES.txt;bookkeeper-server/src/main/java/org/apache/bookkeeper/proto/PerChannelBookieClient.java
BOOKKEEPER-74,76818a6aadd4aa40a45aca6f5b0acba79cd42515,Ivan Brendan Kelly,2012-03-01 14:10:17 +0000,BOOKKEEPER-74: Bookkeeper Persistence Manager should give up topic on error (sijie via ivank),CHANGES.txt;hedwig-server/src/main/java/org/apache/hedwig/server/persistence/BookkeeperPersistenceManager.java;hedwig-server/src/test/java/org/apache/hedwig/server/integration/TestHedwigHub.java;hedwig-server/src/test/java/org/apache/hedwig/server/persistence/BookKeeperTestBase.java
BOOKKEEPER-176,431554da9e2598c73edfbaf671e87cfd9ae94716,Flavio Paiva Junqueira,2012-03-01 14:58:08 +0000,BOOKKEEPER-176: HierarchicalBookieFailureTest Hung (ivank via fpj),CHANGES.txt;bookkeeper-server/src/main/java/org/apache/bookkeeper/client/BookKeeper.java;bookkeeper-server/src/main/java/org/apache/bookkeeper/client/LedgerHandle.java;bookkeeper-server/src/main/java/org/apache/bookkeeper/meta/AbstractZkLedgerManager.java;hedwig-client/src/main/cpp/scripts/network-delays.sh
BOOKKEEPER-180,cb8296636b961253f9586f535db285bfafa54a8a,Ivan Brendan Kelly,2012-03-08 18:24:51 +0000,BOOKKEEPER-180: bookie server doesn't quit when running out of disk space (sijie via ivank),CHANGES.txt;bookkeeper-server/src/main/java/org/apache/bookkeeper/bookie/Bookie.java;bookkeeper-server/src/main/java/org/apache/bookkeeper/bookie/ExitCode.java;bookkeeper-server/src/main/java/org/apache/bookkeeper/proto/BookieServer.java;bookkeeper-server/src/test/java/org/apache/bookkeeper/client/LedgerCacheTest.java;bookkeeper-server/src/test/java/org/apache/bookkeeper/test/ConcurrentLedgerTest.java;hedwig-server/src/test/java/org/apache/hedwig/server/persistence/BookKeeperTestBase.java
BOOKKEEPER-163,c6cc7cca3a85603c8e935ba6d06fbf3d8d7a7eb5,Sijie Guo,2012-03-13 06:31:36 +0000,BOOKKEEPER-163: Prevent incorrect NoSuchLedgerException for readLastConfirmed. (ivank via sijie),CHANGES.txt;bookkeeper-server/pom.xml;bookkeeper-server/src/main/java/org/apache/bookkeeper/bookie/Bookie.java;bookkeeper-server/src/main/java/org/apache/bookkeeper/bookie/BookieException.java;bookkeeper-server/src/main/java/org/apache/bookkeeper/bookie/Cookie.java;bookkeeper-server/src/main/java/org/apache/bookkeeper/bookie/EntryLogger.java;bookkeeper-server/src/main/java/org/apache/bookkeeper/bookie/FileSystemUpgrade.java;bookkeeper-server/src/main/java/org/apache/bookkeeper/bookie/LedgerCache.java;bookkeeper-server/src/test/java/org/apache/bookkeeper/bookie/BookieJournalTest.java;bookkeeper-server/src/test/java/org/apache/bookkeeper/bookie/BookieLayoutVersionTest.java;bookkeeper-server/src/test/java/org/apache/bookkeeper/bookie/CompactionTest.java;bookkeeper-server/src/test/java/org/apache/bookkeeper/bookie/CookieTest.java;bookkeeper-server/src/test/java/org/apache/bookkeeper/bookie/EntryLogTest.java;bookkeeper-server/src/test/java/org/apache/bookkeeper/bookie/UpgradeTest.java;bookkeeper-server/src/test/java/org/apache/bookkeeper/client/BookieRecoveryTest.java;bookkeeper-server/src/test/java/org/apache/bookkeeper/client/TestFencing.java;bookkeeper-server/src/test/java/org/apache/bookkeeper/test/BaseTestCase.java;bookkeeper-server/src/test/java/org/apache/bookkeeper/test/BookieFailureTest.java;bookkeeper-server/src/test/java/org/apache/bookkeeper/test/BookieZKExpireTest.java;bookkeeper-server/src/test/java/org/apache/bookkeeper/test/ZooKeeperUtil.java
BOOKKEEPER-184,a4bded985ca1346a17ee0dcf08fe9dcd570dcfb7,Ivan Brendan Kelly,2012-03-15 09:37:43 +0000,BOOKKEEPER-184: CompactionTest failing on Jenkins (sijie via ivank),CHANGES.txt;bookkeeper-server/src/test/java/org/apache/bookkeeper/bookie/CompactionTest.java;bookkeeper-server/src/test/java/org/apache/bookkeeper/client/TestReadTimeout.java;bookkeeper-server/src/test/java/org/apache/bookkeeper/meta/HierarchicalLedgerDeleteTest.java;bookkeeper-server/src/test/java/org/apache/bookkeeper/meta/LedgerLayoutTest.java;bookkeeper-server/src/test/java/org/apache/bookkeeper/meta/TestLedgerManager.java;bookkeeper-server/src/test/java/org/apache/bookkeeper/test/BaseTestCase.java;bookkeeper-server/src/test/java/org/apache/bookkeeper/test/BookKeeperClusterTestCase.java;bookkeeper-server/src/test/java/org/apache/bookkeeper/test/BookieJournalRollingTest.java;bookkeeper-server/src/test/java/org/apache/bookkeeper/test/BookieZKExpireTest.java;bookkeeper-server/src/test/java/org/apache/bookkeeper/test/IndexCorruptionTest.java;bookkeeper-server/src/test/java/org/apache/bookkeeper/test/LedgerDeleteTest.java
BOOKKEEPER-182,33bef6356dfcf14928314e14c20ae73de80bdf99,Ivan Brendan Kelly,2012-03-16 09:41:45 +0000,BOOKKEEPER-182: Entry log file is overwritten when fail to read lastLogId. (sijie via ivank),CHANGES.txt;bookkeeper-server/src/main/java/org/apache/bookkeeper/bookie/EntryLogger.java;bookkeeper-server/src/test/java/org/apache/bookkeeper/bookie/EntryLogTest.java
BOOKKEEPER-186,3abac4eb86d64286d057d73024a177ef300283b0,Sijie Guo,2012-03-19 14:02:15 +0000,BOOKKEEPER-186: Bookkeeper throttling - permits is not released when read has failed from all replicas (Rakesh R via sijie),CHANGES.txt;bookkeeper-server/src/main/java/org/apache/bookkeeper/client/PendingReadOp.java;bookkeeper-server/src/test/java/org/apache/bookkeeper/client/BookieThrottleTest.java
BOOKKEEPER-188,f3a404e4e6b0d0c2a0b2a83d38cdedaff0683e68,Sijie Guo,2012-03-21 05:13:23 +0000,BOOKKEEPER-188: Garbage collection code is in the wrong place (ivank via sijie),CHANGES.txt;bookkeeper-server/src/main/java/org/apache/bookkeeper/bookie/EntryLogger.java;bookkeeper-server/src/main/java/org/apache/bookkeeper/bookie/GarbageCollectorThread.java;bookkeeper-server/src/test/java/org/apache/bookkeeper/bookie/EntryLogTest.java
BOOKKEEPER-189,3d32544c0b2b1cd5b184531846a451f518486c7d,Sijie Guo,2012-03-21 05:40:55 +0000,BOOKKEEPER-189: AbstractZkLedgerManager doesn't disregard cookies (ivank via sijie),CHANGES.txt;bookkeeper-server/src/main/java/org/apache/bookkeeper/meta/AbstractZkLedgerManager.java;bookkeeper-server/src/main/java/org/apache/bookkeeper/meta/HierarchicalLedgerManager.java
BOOKKEEPER-195,6d56d60831a63fe9520ce156686d0cb1142e44f5,Ivan Brendan Kelly,2012-03-28 21:57:40 +0000,"BOOKKEEPER-195: HierarchicalLedgerManager doesn't consider idgen as a ""specialNode"" (ivank)",CHANGES.txt;bookkeeper-server/src/main/java/org/apache/bookkeeper/meta/HierarchicalLedgerManager.java
BOOKKEEPER-190,48304c7c07513a15d26cb61f311c9f4b998fd8fc,Ivan Brendan Kelly,2012-03-29 13:18:34 +0000,BOOKKEEPER-190: Add entries would fail when number of open ledgers reaches more than openFileLimit. (sijie via ivank),CHANGES.txt;bookkeeper-server/src/main/java/org/apache/bookkeeper/bookie/Bookie.java;bookkeeper-server/src/main/java/org/apache/bookkeeper/bookie/FileInfo.java;bookkeeper-server/src/main/java/org/apache/bookkeeper/bookie/LedgerCacheImpl.java;bookkeeper-server/src/main/java/org/apache/bookkeeper/conf/ServerConfiguration.java;bookkeeper-server/src/test/java/org/apache/bookkeeper/bookie/BookieJournalTest.java;bookkeeper-server/src/test/java/org/apache/bookkeeper/bookie/LedgerCacheTest.java;bookkeeper-server/src/test/java/org/apache/bookkeeper/bookie/UpgradeTest.java;bookkeeper-server/src/test/java/org/apache/bookkeeper/client/LedgerCacheTest.java
BOOKKEEPER-194,83e8672a10fab050a5bbcc1beeb9a210c1b2b90b,Ivan Brendan Kelly,2012-03-29 13:41:21 +0000,BOOKKEEPER-194: Get correct latency for addEntry operations for JMX. (sijie via ivank),CHANGES.txt;bookkeeper-server/src/main/java/org/apache/bookkeeper/proto/BookieServer.java
BOOKKEEPER-166,4b32e049dca4a1a8eea4bfb2325aee2de629b132,Ivan Brendan Kelly,2012-03-30 11:00:20 +0000,BOOKKEEPER-166: Bookie will not recover its journal if the length prefix of an entry is truncated (ivank),CHANGES.txt;bookkeeper-server/src/test/java/org/apache/bookkeeper/bookie/BookieJournalTest.java
BOOKKEEPER-193,30c68b0bebff1e0a012dd81e8f05ebbf83b4ff5f,Sijie Guo,2012-03-31 07:13:07 +0000,"BOOKKEEPER-193: Ledger is garbage collected by mistake. (sijie, ivank via sijie)",CHANGES.txt;bookkeeper-server/src/main/java/org/apache/bookkeeper/meta/AbstractZkLedgerManager.java;bookkeeper-server/src/main/java/org/apache/bookkeeper/meta/FlatLedgerManager.java;bookkeeper-server/src/main/java/org/apache/bookkeeper/meta/HierarchicalLedgerManager.java;bookkeeper-server/src/main/java/org/apache/bookkeeper/meta/SnapshotMap.java;bookkeeper-server/src/test/java/org/apache/bookkeeper/meta/GcLedgersTest.java;bookkeeper-server/src/test/java/org/apache/bookkeeper/meta/LedgerManagerTestCase.java
BOOKKEEPER-198,235bc1fec4d60567d113202b44f6fb4c1616d1ce,Sijie Guo,2012-03-31 07:31:54 +0000,BOOKKEEPER-198: replaying entries of deleted ledgers would exhaust ledger cache. (sijie),CHANGES.txt;bookkeeper-server/src/main/java/org/apache/bookkeeper/bookie/LedgerCacheImpl.java;bookkeeper-server/src/test/java/org/apache/bookkeeper/bookie/LedgerCacheTest.java
BOOKKEEPER-112,682a23fb23c8de7756d5ef226fd6e97dd8d4e561,Sijie Guo,2012-03-31 08:58:51 +0000,BOOKKEEPER-112: Bookie Recovery on an open ledger will cause LedgerHandle#close on that ledger to fail (sijie),CHANGES.txt;bookkeeper-server/src/main/java/org/apache/bookkeeper/client/BookKeeperAdmin.java;bookkeeper-server/src/main/java/org/apache/bookkeeper/client/LedgerHandle.java;bookkeeper-server/src/main/java/org/apache/bookkeeper/client/LedgerMetadata.java;bookkeeper-server/src/main/java/org/apache/bookkeeper/client/LedgerRecoveryOp.java;bookkeeper-server/src/main/java/org/apache/bookkeeper/client/PendingReadOp.java;bookkeeper-server/src/test/java/org/apache/bookkeeper/client/BookieRecoveryTest.java;bookkeeper-server/src/test/java/org/apache/bookkeeper/client/TestFencing.java;bookkeeper-server/src/test/java/org/apache/bookkeeper/test/BookKeeperClusterTestCase.java;bookkeeper-server/src/test/java/org/apache/bookkeeper/test/CloseTest.java
BOOKKEEPER-135,47244dd77fb291ec95d5da4c96751ea92bc2d516,Ivan Brendan Kelly,2012-04-02 10:38:18 +0000,BOOKKEEPER-135: Fencing does not check the ledger masterPasswd (ivank),CHANGES.txt;bookkeeper-server/src/main/java/org/apache/bookkeeper/bookie/Bookie.java;bookkeeper-server/src/main/java/org/apache/bookkeeper/client/BKException.java;bookkeeper-server/src/main/java/org/apache/bookkeeper/client/LedgerOpenOp.java;bookkeeper-server/src/main/java/org/apache/bookkeeper/client/LedgerRecoveryOp.java;bookkeeper-server/src/main/java/org/apache/bookkeeper/client/PendingAddOp.java;bookkeeper-server/src/main/java/org/apache/bookkeeper/client/PendingReadOp.java;bookkeeper-server/src/main/java/org/apache/bookkeeper/client/ReadLastConfirmedOp.java;bookkeeper-server/src/main/java/org/apache/bookkeeper/proto/BookieClient.java;bookkeeper-server/src/main/java/org/apache/bookkeeper/proto/BookieProtocol.java;bookkeeper-server/src/main/java/org/apache/bookkeeper/proto/BookieServer.java;bookkeeper-server/src/main/java/org/apache/bookkeeper/proto/PerChannelBookieClient.java;bookkeeper-server/src/test/java/org/apache/bookkeeper/client/BookieRecoveryTest.java;bookkeeper-server/src/test/java/org/apache/bookkeeper/client/TestFencing.java;bookkeeper-server/src/test/java/org/apache/bookkeeper/test/BookieClientTest.java
BOOKKEEPER-207,f694716e289c448ab89cab5fa81ea0946f9d9193,Flavio Paiva Junqueira,2012-04-03 16:02:44 +0000,BOOKKEEPER-207: BenchBookie doesn't run correctly (ivank via fpj),CHANGES.txt;bookkeeper-benchmark/src/main/java/org/apache/bookkeeper/benchmark/BenchBookie.java;bookkeeper-benchmark/src/test/java/org/apache/bookkeeper/benchmark/TestBenchmark.java
BOOKKEEPER-212,8f02fb64ec9612af8422f23ed7908d7f6ccf5332,Flavio Paiva Junqueira,2012-04-09 09:42:01 +0000,BOOKKEEPER-212: Bookie stops responding when creating and deleting many ledgers (sijie via fpj),CHANGES.txt;bookkeeper-server/src/main/java/org/apache/bookkeeper/bookie/LedgerCacheImpl.java;bookkeeper-server/src/test/java/org/apache/bookkeeper/test/LedgerCreateDeleteTest.java
BOOKKEEPER-211,df5789843b6624ebda9c6e839458cdfbc3ed7d84,Sijie Guo,2012-04-10 03:21:55 +0000,BOOKKEEPER-211: Bookie fails to to start (sijie),CHANGES.txt;bookkeeper-server/src/main/java/org/apache/bookkeeper/bookie/Bookie.java;bookkeeper-server/src/test/java/org/apache/bookkeeper/bookie/CookieTest.java
BOOKKEEPER-197,8a1ad4c3208ad0e5b546ab8e5738132698fa56f5,Sijie Guo,2012-04-16 02:29:19 +0000,BOOKKEEPER-197: HedwigConsole uses the same file to load bookkeeper client config and hub server config (sijie),CHANGES.txt;hedwig-server/bin/hedwig;hedwig-server/src/main/java/org/apache/hedwig/admin/HedwigAdmin.java
BOOKKEEPER-216,3d834bd3798f22a43dc434d4b809a5c22731da38,Ivan Brendan Kelly,2012-04-16 14:11:51 +0000,BOOKKEEPER-216: Bookie doesn't exit with right exit code (sijie via ivank),CHANGES.txt;bookkeeper-server/src/main/java/org/apache/bookkeeper/bookie/Bookie.java
BOOKKEEPER-213,b5c0791d38a093936016a7989c35363063cdb202,Sijie Guo,2012-04-19 01:02:01 +0000,BOOKKEEPER-213: PerChannelBookieClient calls the wrong errorOut function when encountering an exception (Aniruddha via sijie),CHANGES.txt;bookkeeper-server/src/main/java/org/apache/bookkeeper/proto/PerChannelBookieClient.java
BOOKKEEPER-173,2f25ef611dd2c8ea2c94b48af09f183d74b6167e,Flavio Paiva Junqueira,2012-04-20 17:18:36 +0000,BOOKKEEPER-173: Uncontrolled number of threads in bookkeeper (sijie via fpj),CHANGES.txt;bookkeeper-server/src/main/java/org/apache/bookkeeper/client/BookKeeper.java;bookkeeper-server/src/main/java/org/apache/bookkeeper/conf/ClientConfiguration.java;doc/bookieConfigParams.textile;doc/bookkeeperConfig.textile;doc/bookkeeperConfigParams.textile;doc/index.textile
BOOKKEEPER-56,4e9ee8d75582a66f3e11d78dea280afbb864db7e,Ivan Brendan Kelly,2012-04-24 17:37:54 +0000,BOOKKEEPER-56: Race condition of message handler in connection recovery in Hedwig client (sijie & Gavin Li via ivank),CHANGES.txt;hedwig-client/src/main/java/org/apache/hedwig/client/api/Subscriber.java;hedwig-client/src/main/java/org/apache/hedwig/client/handlers/SubscribeReconnectCallback.java;hedwig-client/src/main/java/org/apache/hedwig/client/netty/HedwigSubscriber.java;hedwig-client/src/main/java/org/apache/hedwig/client/netty/ResponseHandler.java;hedwig-server/src/main/java/org/apache/hedwig/server/proxy/HedwigProxy.java;hedwig-server/src/main/java/org/apache/hedwig/server/proxy/ProxyStartDeliveryHandler.java;hedwig-server/src/main/java/org/apache/hedwig/server/proxy/ProxyStopDeliveryHandler.java;hedwig-server/src/main/java/org/apache/hedwig/server/regions/RegionManager.java;hedwig-server/src/test/java/org/apache/hedwig/server/integration/TestHedwigHub.java
BOOKKEEPER-217,7f9005baadbbf312db857be6c3d3c095fe800c54,Ivan Brendan Kelly,2012-04-24 17:42:06 +0000,BOOKKEEPER-217: NPE in hedwig client when enable DEBUG (sijie via ivank),CHANGES.txt;hedwig-client/src/main/java/org/apache/hedwig/client/netty/HedwigSubscriber.java
BOOKKEEPER-56,f7c1ad57ead301df4d3326b5d8c8950964387fa9,Sijie Guo,2012-04-28 08:11:14 +0000,BOOKKEEPER-56: Race condition of message handler in connection recovery in Hedwig client (added AlreadyStartDeliveryException file missed in r1329883) (sijie & Gavin Li via ivank),hedwig-client/src/main/java/org/apache/hedwig/client/exceptions/AlreadyStartDeliveryException.java
BOOKKEEPER-231,6d50e72732aa741d3a620c4b3ec04593c68f1b62,Sijie Guo,2012-04-28 09:11:28 +0000,BOOKKEEPER-231: ZKUtil.killServer not closing the FileTxnSnapLog from ZK. (Uma Maheswara Rao G via sijie),CHANGES.txt;bookkeeper-server/src/test/java/org/apache/bookkeeper/test/ZooKeeperUtil.java
BOOKKEEPER-232,6fc326ebd647afbbcc0beab6764b5d3748e50088,Ivan Brendan Kelly,2012-05-07 16:48:07 +0000,BOOKKEEPER-232: AsyncBK tests failing (umamaheswararao via ivank),CHANGES.txt;bookkeeper-server/src/main/java/org/apache/bookkeeper/bookie/EntryLogger.java;bookkeeper-server/src/main/java/org/apache/bookkeeper/bookie/InterleavedLedgerStorage.java;bookkeeper-server/src/main/java/org/apache/bookkeeper/bookie/Journal.java;bookkeeper-server/src/main/java/org/apache/bookkeeper/bookie/JournalChannel.java;bookkeeper-server/src/main/java/org/apache/bookkeeper/bookie/LedgerCache.java;bookkeeper-server/src/main/java/org/apache/bookkeeper/bookie/LedgerCacheImpl.java;bookkeeper-server/src/main/java/org/apache/bookkeeper/util/IOUtils.java
BOOKKEEPER-229,a7d658179db3226dc33d53f4d25afd64ea90c061,Flavio Paiva Junqueira,2012-05-08 07:35:47 +0000,BOOKKEEPER-229: Deleted entry log files would be garbage collected again and again. (sijie via fpj),CHANGES.txt;bookkeeper-server/src/main/java/org/apache/bookkeeper/bookie/GarbageCollectorThread.java;bookkeeper-server/src/test/java/org/apache/bookkeeper/bookie/EntryLogTest.java
BOOKKEEPER-215,3e224c4b6d4a0d9317060f7fe0d3519fccc68f5a,Ivan Brendan Kelly,2012-05-09 07:43:50 +0000,BOOKKEEPER-215: Deadlock occurs under high load (sijie via ivank),CHANGES.txt;bookkeeper-server/src/main/java/org/apache/bookkeeper/client/BookKeeper.java;bookkeeper-server/src/main/java/org/apache/bookkeeper/proto/BookieServer.java;hedwig-client/src/main/java/org/apache/hedwig/conf/AbstractConfiguration.java;hedwig-server/src/main/java/org/apache/hedwig/server/persistence/BookkeeperPersistenceManager.java;hedwig-server/src/test/java/org/apache/hedwig/server/HedwigHubTestBase.java;hedwig-server/src/test/java/org/apache/hedwig/server/persistence/BookKeeperTestBase.java;hedwig-server/src/test/java/org/apache/hedwig/server/persistence/TestDeadlock.java
BOOKKEEPER-242,9efe73998fe1ee72ffae95f3e1b1e65884019710,Ivan Brendan Kelly,2012-05-09 08:17:34 +0000,BOOKKEEPER-242: Bookkeeper not able to connect other zookeeper when shutdown the zookeeper server where the BK has connected. (sijie & rakeshr via ivank),CHANGES.txt;bookkeeper-server/src/main/java/org/apache/bookkeeper/conf/ClientConfiguration.java;bookkeeper-server/src/main/java/org/apache/bookkeeper/conf/ServerConfiguration.java;bookkeeper-server/src/test/java/org/apache/bookkeeper/test/ConfigurationTest.java
BOOKKEEPER-234,47ee081e6796ec84c774167dca67c3fd3ceda170,Ivan Brendan Kelly,2012-05-09 08:39:33 +0000,"BOOKKEEPER-234: EntryLogger will throw NPE, if any dir does not exist or IO Errors. (umamaheswararao via ivank)",CHANGES.txt;bookkeeper-server/src/main/java/org/apache/bookkeeper/bookie/EntryLogger.java;bookkeeper-server/src/test/java/org/apache/bookkeeper/bookie/EntryLogTest.java
BOOKKEEPER-235,d368d86e287ef982fa70e069001e30124ee22b48,Flavio Paiva Junqueira,2012-05-09 11:00:38 +0000,BOOKKEEPER-235: Bad syncing in entrylogger degrades performance for many concurrent ledgers (ivank via fpj),CHANGES.txt;bookkeeper-server/src/main/java/org/apache/bookkeeper/bookie/InterleavedLedgerStorage.java
BOOKKEEPER-245,c32edf860040ebba19c6c57d226b12cd487a00d2,Ivan Brendan Kelly,2012-05-10 09:57:39 +0000,BOOKKEEPER-245: Intermittent failures in PersistanceManager tests (ivank),CHANGES.txt;hedwig-server/pom.xml;hedwig-server/src/test/java/org/apache/hedwig/server/persistence/TestBookkeeperPersistenceManagerWhiteBox.java
BOOKKEEPER-209,ba0ab04216f94411bae27a52670c9c8b4da03476,Ivan Brendan Kelly,2012-05-15 10:28:38 +0000,BOOKKEEPER-209: Typo in ServerConfiguration for READAHEAD_ENABLED (ivank),CHANGES.txt;hedwig-server/src/main/java/org/apache/hedwig/server/common/ServerConfiguration.java
BOOKKEEPER-72,73dc3481846fdc0c97944c6a7c6ce0cef17ee938,Ivan Brendan Kelly,2012-05-17 16:32:05 +0000,BOOKKEEPER-72: Fix warnings issued by FindBugs (ivank),CHANGES.txt;hedwig-client/src/main/java/org/apache/hedwig/client/benchmark/BenchmarkPublisher.java;hedwig-client/src/main/java/org/apache/hedwig/client/benchmark/BenchmarkSubscriber.java;hedwig-client/src/main/java/org/apache/hedwig/client/benchmark/BenchmarkUtils.java;hedwig-client/src/main/java/org/apache/hedwig/client/handlers/SubscribeResponseHandler.java;hedwig-client/src/main/java/org/apache/hedwig/util/HedwigSocketAddress.java;hedwig-client/src/main/java/org/apache/hedwig/util/PathUtils.java;hedwig-protocol/src/main/java/org/apache/hedwig/protoextensions/PubSubResponseUtils.java;hedwig-server/pom.xml;hedwig-server/src/main/java/org/apache/hedwig/admin/HedwigAdmin.java;hedwig-server/src/main/java/org/apache/hedwig/admin/console/HedwigCommands.java;hedwig-server/src/main/java/org/apache/hedwig/admin/console/HedwigConsole.java;hedwig-server/src/main/java/org/apache/hedwig/admin/console/ReadTopic.java;hedwig-server/src/main/java/org/apache/hedwig/server/common/TerminateJVMExceptionHandler.java;hedwig-server/src/main/java/org/apache/hedwig/server/delivery/ChannelEndPoint.java;hedwig-server/src/main/java/org/apache/hedwig/server/delivery/DeliveryManager.java;hedwig-server/src/main/java/org/apache/hedwig/server/delivery/FIFODeliveryManager.java;hedwig-server/src/main/java/org/apache/hedwig/server/handlers/NettyHandlerBean.java;hedwig-server/src/main/java/org/apache/hedwig/server/netty/PubSubServer.java;hedwig-server/src/main/java/org/apache/hedwig/server/netty/ServerStats.java;hedwig-server/src/main/java/org/apache/hedwig/server/persistence/LocalDBPersistenceManager.java;hedwig-server/src/main/java/org/apache/hedwig/server/persistence/ReadAheadCache.java;hedwig-server/src/main/java/org/apache/hedwig/server/proxy/HedwigProxy.java;hedwig-server/src/main/java/org/apache/hedwig/server/proxy/ProxyConfiguration.java;hedwig-server/src/main/java/org/apache/hedwig/server/regions/RegionManager.java;hedwig-server/src/main/java/org/apache/hedwig/server/subscriptions/AbstractSubscriptionManager.java;hedwig-server/src/main/java/org/apache/hedwig/server/subscriptions/TrueFilter.java;hedwig-server/src/main/java/org/apache/hedwig/server/topics/ZkTopicManager.java;hedwig-server/src/main/java/org/apache/hedwig/zookeeper/SafeAsyncCallback.java;hedwig-server/src/main/resources/findbugsExclude.xml;hedwig-server/src/test/java/org/apache/hedwig/server/HedwigHubTestBase.java;hedwig-server/src/test/java/org/apache/hedwig/server/HedwigRegionTestBase.java;hedwig-server/src/test/java/org/apache/hedwig/server/PubSubServerStandAloneTestBase.java;hedwig-server/src/test/java/org/apache/hedwig/server/TestPubSubServerStartup.java;hedwig-server/src/test/java/org/apache/hedwig/server/delivery/StubDeliveryManager.java;hedwig-server/src/test/java/org/apache/hedwig/server/integration/TestHedwigHub.java;hedwig-server/src/test/java/org/apache/hedwig/server/netty/TestPubSubServer.java
BOOKKEEPER-263,67cbcdd7a2d1668c9bba0d45d6ea3235e4bd11e3,Sijie Guo,2012-05-24 05:12:56 +0000,BOOKKEEPER-263: ZK ledgers root path is hard coded (Aniruddha via sijie),CHANGES.txt;bookkeeper-benchmark/src/main/java/org/apache/bookkeeper/benchmark/BenchThroughputLatency.java;bookkeeper-server/src/main/java/org/apache/bookkeeper/bookie/Bookie.java;bookkeeper-server/src/main/java/org/apache/bookkeeper/bookie/Cookie.java;bookkeeper-server/src/main/java/org/apache/bookkeeper/client/BookKeeper.java;bookkeeper-server/src/main/java/org/apache/bookkeeper/client/BookKeeperAdmin.java;bookkeeper-server/src/main/java/org/apache/bookkeeper/client/BookieWatcher.java;bookkeeper-server/src/main/java/org/apache/bookkeeper/conf/AbstractConfiguration.java
BOOKKEEPER-146,c59b7b8a285e5d4da72aea1232a29f31610c2306,Ivan Brendan Kelly,2012-05-25 09:48:05 +0000,BOOKKEEPER-146: TestConcurrentTopicAcquisition sometimes hangs (ivank),CHANGES.txt;hedwig-client/src/main/java/org/apache/hedwig/client/netty/ConnectCallback.java;hedwig-client/src/main/java/org/apache/hedwig/client/netty/HedwigClientImpl.java;hedwig-client/src/main/java/org/apache/hedwig/client/netty/HedwigPublisher.java;hedwig-client/src/main/java/org/apache/hedwig/client/netty/HedwigSubscriber.java;hedwig-client/src/main/java/org/apache/hedwig/client/netty/WriteCallback.java
BOOKKEEPER-260,a1eac18799ddc640bd42e6c038a31e1e26769056,Flavio Paiva Junqueira,2012-05-25 15:13:44 +0000,BOOKKEEPER-260: Define constant for -1 (invalid entry id) (ivank via fpj),CHANGES.txt;bookkeeper-server/src/main/java/org/apache/bookkeeper/bookie/InterleavedLedgerStorage.java;bookkeeper-server/src/main/java/org/apache/bookkeeper/bookie/LedgerEntryPage.java;bookkeeper-server/src/main/java/org/apache/bookkeeper/client/AsyncCallback.java;bookkeeper-server/src/main/java/org/apache/bookkeeper/client/DigestManager.java;bookkeeper-server/src/main/java/org/apache/bookkeeper/client/LedgerHandle.java;bookkeeper-server/src/main/java/org/apache/bookkeeper/client/LedgerRecoveryOp.java;bookkeeper-server/src/main/java/org/apache/bookkeeper/client/PendingAddOp.java;bookkeeper-server/src/main/java/org/apache/bookkeeper/client/ReadLastConfirmedOp.java;bookkeeper-server/src/main/java/org/apache/bookkeeper/client/ReadOnlyLedgerHandle.java;bookkeeper-server/src/main/java/org/apache/bookkeeper/conf/AbstractConfiguration.java;bookkeeper-server/src/main/java/org/apache/bookkeeper/proto/BookieProtocol.java;bookkeeper-server/src/main/java/org/apache/bookkeeper/proto/BookieServer.java;bookkeeper-server/src/test/java/org/apache/bookkeeper/bookie/BookieJournalTest.java;bookkeeper-server/src/test/java/org/apache/bookkeeper/bookie/UpgradeTest.java;bookkeeper-server/src/test/java/org/apache/bookkeeper/test/BookieReadWriteTest.java
BOOKKEEPER-258,1dde3e5191e51a6f648c0d16b14ecc1e02fcff0a,Sijie Guo,2012-05-26 17:16:45 +0000,BOOKKEEPER-258: CompactionTest failed (ivank via sijie),CHANGES.txt;bookkeeper-server/src/main/java/org/apache/bookkeeper/client/BookieWatcher.java;bookkeeper-server/src/main/java/org/apache/bookkeeper/proto/BookieClient.java;bookkeeper-server/src/main/java/org/apache/bookkeeper/proto/PerChannelBookieClient.java;bookkeeper-server/src/test/java/org/apache/bookkeeper/proto/TestProtoVersions.java
BOOKKEEPER-273,d68727ddd09dc0646af2748c3531e8844fdcaaf4,Ivan Brendan Kelly,2012-05-30 15:13:11 +0000,BOOKKEEPER-273: LedgerHandle.deleteLedger() should be idempotent (Matteo Merli via ivank),CHANGES.txt;bookkeeper-server/src/main/java/org/apache/bookkeeper/client/BookKeeper.java
BOOKKEEPER-281,10b9c5b40bcb66690f6a25330500610c8b296779,Sijie Guo,2012-06-05 06:00:19 +0000,BOOKKEEPER-281: BKClient is failing when zkclient connection delays (ivank via sijie),CHANGES.txt;bookkeeper-server/src/main/java/org/apache/bookkeeper/client/BookKeeper.java;bookkeeper-server/src/main/java/org/apache/bookkeeper/client/BookKeeperAdmin.java;bookkeeper-server/src/main/java/org/apache/bookkeeper/client/BookieWatcher.java;bookkeeper-server/src/test/java/org/apache/bookkeeper/client/BookKeeperTest.java;bookkeeper-server/src/test/java/org/apache/bookkeeper/client/TestReadTimeout.java;bookkeeper-server/src/test/java/org/apache/bookkeeper/test/ZooKeeperUtil.java
BOOKKEEPER-279,a788614f5c73b0ab2c18f73d9eff7a858229a94e,Sijie Guo,2012-06-05 06:40:28 +0000,BOOKKEEPER-279: LocalBookKeeper is failing intermittently due to zkclient connection establishment delay (Rakesh R via sijie),CHANGES.txt;bookkeeper-server/src/main/java/org/apache/bookkeeper/util/LocalBookKeeper.java
BOOKKEEPER-285,27b6dd6a40f3e4721a29ea2030d96994869a8260,Sijie Guo,2012-06-05 09:56:14 +0000,"BOOKKEEPER-285: TestZkSubscriptionManager quits due to NPE, so other tests are not run in hedwig server. (sijie)",CHANGES.txt;hedwig-server/src/test/java/org/apache/hedwig/server/subscriptions/TestZkSubscriptionManager.java
BOOKKEEPER-286,25552d910c5d32307bda64cc3ae022e607850b7c,Sijie Guo,2012-06-05 11:02:43 +0000,BOOKKEEPER-286: Compilation warning (ivank via sijie),CHANGES.txt;pom.xml
BOOKKEEPER-287,d5caab3aae143352f2d8c3faea71dce11fdb6b45,Sijie Guo,2012-06-06 16:13:56 +0000,BOOKKEEPER-287: NoSuchElementException in LedgerCacheImpl (sijie),CHANGES.txt;bookkeeper-server/src/main/java/org/apache/bookkeeper/bookie/LedgerCacheImpl.java;bookkeeper-server/src/test/java/org/apache/bookkeeper/bookie/LedgerCacheTest.java
BOOKKEEPER-288,0a3ea6222061e4ba504cdf8ab8937ab26f71b5a9,Sijie Guo,2012-06-07 14:15:55 +0000,BOOKKEEPER-288: NOTICE files don't have the correct year (ivank via sijie),CHANGES.txt;NOTICE;bookkeeper-server/src/main/resources/NOTICE.bin.txt;hedwig-server/src/main/resources/NOTICE.bin.txt
BOOKKEEPER-274,aa7f37c6095f61e89a290fc608fd14a50bc7b0e0,Ivan Brendan Kelly,2012-06-12 16:23:12 +0000,BOOKKEEPER-274: Hedwig cpp client library should not link to cppunit which is just used for test. (sijie via ivank),CHANGES.txt;hedwig-client/src/main/cpp/configure.ac
BOOKKEEPER-298,9472fae8739be41301847b1c8e31954f376997e6,Ivan Brendan Kelly,2012-06-18 14:54:55 +0000,BOOKKEEPER-298: We run with preferIPv4Stack in the scripts but not in the tests (ivank),CHANGES.txt;bookkeeper-benchmark/pom.xml;bookkeeper-server/pom.xml;hedwig-server/pom.xml
BOOKKEEPER-292,18728877881a23d2639eb650d47b7c41bbccd9ca,Ivan Brendan Kelly,2012-06-19 10:58:16 +0000,BOOKKEEPER-292: Test backward compatibility automatically between versions. (ivank),CHANGES.txt;bookkeeper-server/pom.xml;bookkeeper-server/src/test/java/org/apache/bookkeeper/test/TestBackwardCompat.java;compat-deps/bookkeeper-server-compat-4.0.0/pom.xml;compat-deps/bookkeeper-server-compat-4.1.0/pom.xml;compat-deps/pom.xml;pom.xml
BOOKKEEPER-307,d193780cc404c2e3694c82385d7f422accc416f3,Sijie Guo,2012-06-27 05:10:46 +0000,BOOKKEEPER-307: BookieShell introduces 4 findbugs warnings (ivank via sijie),CHANGES.txt;bookkeeper-server/src/main/java/org/apache/bookkeeper/bookie/BookieShell.java;bookkeeper-server/src/main/java/org/apache/bookkeeper/bookie/Journal.java
BOOKKEEPER-303,744edf07394472d3146e57831592a69d5a86616c,Ivan Brendan Kelly,2012-06-27 13:35:11 +0000,BOOKKEEPER-303: LedgerMetadata should serialized using protobufs (ivank),CHANGES.txt;bookkeeper-server/pom.xml;bookkeeper-server/src/main/java/org/apache/bookkeeper/client/LedgerCreateOp.java;bookkeeper-server/src/main/java/org/apache/bookkeeper/client/LedgerHandle.java;bookkeeper-server/src/main/java/org/apache/bookkeeper/client/LedgerMetadata.java;bookkeeper-server/src/main/java/org/apache/bookkeeper/client/LedgerRecoveryOp.java;bookkeeper-server/src/main/java/org/apache/bookkeeper/client/PendingAddOp.java;bookkeeper-server/src/main/java/org/apache/bookkeeper/client/PendingReadOp.java;bookkeeper-server/src/main/java/org/apache/bookkeeper/client/ReadLastConfirmedOp.java;bookkeeper-server/src/main/java/org/apache/bookkeeper/proto/DataFormats.java;bookkeeper-server/src/main/proto/DataFormats.proto;bookkeeper-server/src/main/resources/LICENSE.bin.txt;bookkeeper-server/src/main/resources/NOTICE.bin.txt;bookkeeper-server/src/test/java/org/apache/bookkeeper/client/BookieRecoveryTest.java;bookkeeper-server/src/test/java/org/apache/bookkeeper/test/TestBackwardCompat.java;hedwig-protocol/pom.xml;hedwig-protocol/src/main/java/org/apache/hedwig/protocol/PubSubProtocol.java
BOOKKEEPER-302,4d15e5675c0394cb910e54c9b0d9743e98fb64c7,Ivan Brendan Kelly,2012-06-28 17:19:46 +0000,BOOKKEEPER-302: No more messages delivered when hub server scans messages over two ledgers. (sijie via ivank),CHANGES.txt;hedwig-server/src/main/java/org/apache/hedwig/server/persistence/BookkeeperPersistenceManager.java;hedwig-server/src/test/java/org/apache/hedwig/server/persistence/TestBookKeeperPersistenceManager.java
BOOKKEEPER-322,441bf650859bc96a49b667961a19afd936b67e4c,Ivan Brendan Kelly,2012-06-28 17:32:26 +0000,BOOKKEEPER-322: New protobufs generates findbugs errors (ivank),CHANGES.txt;bookkeeper-server/pom.xml;bookkeeper-server/src/main/java/org/apache/bookkeeper/client/LedgerMetadata.java;bookkeeper-server/src/main/resources/findbugsExclude.xml;hedwig-protocol/pom.xml;hedwig-protocol/src/main/resources/findbugsExclude.xml
BOOKKEEPER-280,de432058b7e7c026fcf0b69b1e20bcf9ae1b1de2,Ivan Brendan Kelly,2012-06-29 16:43:54 +0000,BOOKKEEPER-280: LedgerHandle.addEntry() should return an entryId (mmerli via ivank),CHANGES.txt;bookkeeper-server/src/main/java/org/apache/bookkeeper/client/LedgerHandle.java;bookkeeper-server/src/main/java/org/apache/bookkeeper/client/ReadOnlyLedgerHandle.java
BOOKKEEPER-324,763479b6f94fd4827ee28e9f698cfa9a31095061,Ivan Brendan Kelly,2012-07-04 14:17:30 +0000,BOOKKEEPER-324: Flakeyness in LedgerCreateDeleteTest (ivank),CHANGES.txt;bookkeeper-server/src/main/java/org/apache/bookkeeper/bookie/Bookie.java;bookkeeper-server/src/main/java/org/apache/bookkeeper/bookie/LedgerCacheImpl.java
BOOKKEEPER-296,db71147d9df0ad9efa697275e934330d21c99a88,Sijie Guo,2012-07-05 05:26:09 +0000,BOOKKEEPER-296: It's better provide stop script for bookie (nijel via sijie),CHANGES.txt;bookkeeper-server/bin/bookkeeper;bookkeeper-server/bin/bookkeeper-daemon.sh;bookkeeper-server/conf/bkenv.sh;bookkeeper-server/conf/log4j.properties
BOOKKEEPER-294,09e5d180231f5307a58a89d0c89169bca890bddf,Ivan Brendan Kelly,2012-07-05 12:45:33 +0000,BOOKKEEPER-294: Not able to start the bookkeeper before the ZK session timeout. (rakeshr via ivank),CHANGES.txt;bookkeeper-server/src/main/java/org/apache/bookkeeper/bookie/Bookie.java;bookkeeper-server/src/main/java/org/apache/bookkeeper/proto/BookieServer.java;bookkeeper-server/src/test/java/org/apache/bookkeeper/bookie/BookieInitializationTest.java;bookkeeper-server/src/test/java/org/apache/bookkeeper/bookie/BookieJournalTest.java
BOOKKEEPER-329,0e06ddeb7e47bd8794fd378629602e41ea4a1fd9,Ivan Brendan Kelly,2012-07-11 17:24:48 +0000,BOOKKEEPER-329: provide stop scripts for hub server (sijie via ivank),CHANGES.txt;bookkeeper-server/bin/bookkeeper-daemon.sh;hedwig-server/bin/hedwig;hedwig-server/bin/hedwig-daemon.sh;hedwig-server/conf/hwenv.sh;hedwig-server/conf/log4j.properties
BOOKKEEPER-306,e60f542937a51dd3bb05b770a989478625c734af,Sijie Guo,2012-07-17 08:42:07 +0000,BOOKKEEPER-306: Change C++ client to use gtest for testing (ivank via sijie) (fix wrong entry in CHANGES.txt),CHANGES.txt
BOOKKEEPER-327,df619306ca4c6dd9eba94cbc5ce159e43a5b9ee5,Flavio Paiva Junqueira,2012-07-23 21:39:13 +0000,BOOKKEEPER-327: System.currentTimeMillis usage in BookKeeper (uma via fpj),CHANGES.txt;bookkeeper-server/src/main/java/org/apache/bookkeeper/bookie/Bookie.java;bookkeeper-server/src/main/java/org/apache/bookkeeper/bookie/GarbageCollectorThread.java;bookkeeper-server/src/main/java/org/apache/bookkeeper/bookie/Journal.java;bookkeeper-server/src/main/java/org/apache/bookkeeper/client/BookKeeper.java;bookkeeper-server/src/main/java/org/apache/bookkeeper/proto/BKStats.java;bookkeeper-server/src/main/java/org/apache/bookkeeper/proto/BookieServer.java;bookkeeper-server/src/main/java/org/apache/bookkeeper/proto/PerChannelBookieClient.java;bookkeeper-server/src/main/java/org/apache/bookkeeper/proto/ServerStats.java;bookkeeper-server/src/main/java/org/apache/bookkeeper/util/LocalBookKeeper.java;bookkeeper-server/src/main/java/org/apache/bookkeeper/util/MathUtils.java;bookkeeper-server/src/test/java/org/apache/bookkeeper/proto/TestBKStats.java
BOOKKEEPER-349,051320f212b2a6263d2d95db780db62911b9c0f6,Sijie Guo,2012-07-26 02:32:50 +0000,"BOOKKEEPER-349: Entry logger should close all the chennels which are there in Map, instead of closing only current channel. (umamaheswararao via sijie)",CHANGES.txt;bookkeeper-server/src/main/java/org/apache/bookkeeper/bookie/EntryLogger.java
BOOKKEEPER-330,3de1c6668a60999230f446011ca27fa7629b4465,Sijie Guo,2012-07-26 03:22:34 +0000,BOOKKEEPER-330: System.currentTimeMillis usage in Hedwig (uma via sijie),CHANGES.txt;hedwig-client/src/main/java/org/apache/hedwig/client/benchmark/BenchmarkPublisher.java;hedwig-client/src/main/java/org/apache/hedwig/client/benchmark/BenchmarkSubscriber.java;hedwig-client/src/main/java/org/apache/hedwig/client/benchmark/BenchmarkUtils.java;hedwig-client/src/main/java/org/apache/hedwig/client/netty/HedwigClientImpl.java;hedwig-client/src/main/java/org/apache/hedwig/client/netty/HedwigPublisher.java;hedwig-client/src/main/java/org/apache/hedwig/client/netty/HedwigSubscriber.java;hedwig-server/src/main/java/org/apache/hedwig/admin/console/HedwigConsole.java;hedwig-server/src/main/java/org/apache/hedwig/server/benchmark/AbstractBenchmark.java;hedwig-server/src/main/java/org/apache/hedwig/server/benchmark/BookieBenchmark.java;hedwig-server/src/main/java/org/apache/hedwig/server/benchmark/BookkeeperBenchmark.java;hedwig-server/src/main/java/org/apache/hedwig/server/delivery/FIFODeliveryManager.java;hedwig-server/src/main/java/org/apache/hedwig/server/handlers/PublishHandler.java;hedwig-server/src/main/java/org/apache/hedwig/server/handlers/SubscribeHandler.java;hedwig-server/src/main/java/org/apache/hedwig/server/handlers/UnsubscribeHandler.java;hedwig-server/src/main/java/org/apache/hedwig/server/netty/ServerStats.java;hedwig-server/src/main/java/org/apache/hedwig/server/persistence/ReadAheadCache.java;hedwig-server/src/test/java/org/apache/hedwig/server/netty/TestServerStats.java
BOOKKEEPER-352,46a2663a842c6d256c73fba1bd12eb70559c115e,Flavio Paiva Junqueira,2012-07-27 13:51:22 +0000,BOOKKEEPER-352: Should not use static ServerStats/BKStats instance in TestServerStats/TestBKStats (sijie via fpj),CHANGES.txt;bookkeeper-server/src/test/java/org/apache/bookkeeper/proto/TestBKStats.java;hedwig-server/src/test/java/org/apache/hedwig/server/netty/TestServerStats.java
BOOKKEEPER-343,4088f7ac7b700588a935485b0a9723a36cc995f3,Ivan Brendan Kelly,2012-08-03 17:42:05 +0000,BOOKKEEPER-343: Failed to register hedwig JMX beans in test cases (sijie via ivank),CHANGES.txt;hedwig-server/src/main/java/org/apache/hedwig/server/netty/PubSubServer.java;hedwig-server/src/main/java/org/apache/hedwig/server/netty/PubSubServerBean.java;hedwig-server/src/main/java/org/apache/hedwig/server/persistence/ReadAheadCache.java
BOOKKEEPER-326,391f9246890b416398e48886fe5ed3c4d2e866ab,Ivan Brendan Kelly,2012-08-13 09:38:00 +0000,BOOKKEEPER-326: DeadLock during ledger recovery (rakeshr via ivank),CHANGES.txt;bookkeeper-server/src/main/java/org/apache/bookkeeper/proto/PerChannelBookieClient.java;bookkeeper-server/src/test/java/org/apache/bookkeeper/test/BookieFailureTest.java
BOOKKEEPER-338,f4daacff80da6802528320f5a920e1989cf20fac,Ivan Brendan Kelly,2012-08-17 09:58:38 +0000,BOOKKEEPER-338: Create Version.NEW and Version.ANY static instances of Version so that were not passing around nulls (sijie via ivank),CHANGES.txt;bookkeeper-server/src/main/java/org/apache/bookkeeper/client/LedgerMetadata.java;bookkeeper-server/src/main/java/org/apache/bookkeeper/meta/AbstractZkLedgerManager.java;bookkeeper-server/src/main/java/org/apache/bookkeeper/meta/ZkVersion.java;bookkeeper-server/src/main/java/org/apache/bookkeeper/versioning/Version.java;bookkeeper-server/src/test/java/org/apache/bookkeeper/meta/TestZkVersion.java;hedwig-server/src/main/java/org/apache/hedwig/server/meta/TopicOwnershipManager.java;hedwig-server/src/main/java/org/apache/hedwig/server/meta/TopicPersistenceManager.java;hedwig-server/src/main/java/org/apache/hedwig/server/meta/ZkMetadataManagerFactory.java;hedwig-server/src/main/java/org/apache/hedwig/server/persistence/BookkeeperPersistenceManager.java;hedwig-server/src/main/java/org/apache/hedwig/server/topics/MMTopicManager.java;hedwig-server/src/test/java/org/apache/hedwig/server/meta/TestMetadataManager.java
BOOKKEEPER-372,be94b88ea61b75246586b6495f8d3710d4c4217a,Ivan Brendan Kelly,2012-08-17 16:25:35 +0000,BOOKKEEPER-372: Check service name in bookie start/stop script. (nijel via ivank),CHANGES.txt;bookkeeper-server/bin/bookkeeper-daemon.sh
BOOKKEEPER-354,c0746ba1c9569427d5839e3f350f4d8394f01320,Ivan Brendan Kelly,2012-08-21 09:37:59 +0000,BOOKKEEPER-354: [BOOKKEEPER-296] [Documentation] Modify the bookkeeper start script and document the bookkeeper stop command in bookkeeperConfig.xml (Kiran BC via ivank),CHANGES.txt;doc/bookkeeperConfig.textile
BOOKKEEPER-296,c0746ba1c9569427d5839e3f350f4d8394f01320,Ivan Brendan Kelly,2012-08-21 09:37:59 +0000,BOOKKEEPER-354: [BOOKKEEPER-296] [Documentation] Modify the bookkeeper start script and document the bookkeeper stop command in bookkeeperConfig.xml (Kiran BC via ivank),CHANGES.txt;doc/bookkeeperConfig.textile
BOOKKEEPER-381,8e9a19f762fa27d297bf1b401c55fdbabdbcdc82,Sijie Guo,2012-08-27 12:43:27 +0000,BOOKKEEPER-381: ReadLastConfirmedOp's Logger class name is wrong (surendra via sijie),CHANGES.txt;bookkeeper-server/src/main/java/org/apache/bookkeeper/client/ReadLastConfirmedOp.java
BOOKKEEPER-382,c59b3d2e495e4ab7483b161ab9c2ce59f0c1e013,Sijie Guo,2012-08-27 13:15:05 +0000,BOOKKEEPER-382: space missed at concatenations in GarbageCollectorThread logging (Brahma via sijie),CHANGES.txt;bookkeeper-server/src/main/java/org/apache/bookkeeper/bookie/GarbageCollectorThread.java
BOOKKEEPER-337,cb8415d5defb27efeb8fa7ab1c92a60d4f5c31af,Ivan Brendan Kelly,2012-08-28 08:51:17 +0000,BOOKKEEPER-337: Add entry fails with MetadataVersionException when last ensemble has morethan one bookie failures (rakeshr via ivank),CHANGES.txt;bookkeeper-server/src/main/java/org/apache/bookkeeper/client/LedgerHandle.java;bookkeeper-server/src/test/java/org/apache/bookkeeper/client/BookieWriteLedgerTest.java
BOOKKEEPER-371,fbfd10fa94d909144c369e1514db31669a16872b,Sijie Guo,2012-08-28 12:51:31 +0000,BOOKKEEPER-371: NPE in hedwig hub client causes hedwig hub to shut down. (Aniruddha via sijie),CHANGES.txt;hedwig-client/src/main/java/org/apache/hedwig/client/exceptions/NoResponseHandlerException.java;hedwig-client/src/main/java/org/apache/hedwig/client/handlers/MessageConsumeCallback.java;hedwig-client/src/main/java/org/apache/hedwig/client/handlers/SubscribeResponseHandler.java;hedwig-client/src/main/java/org/apache/hedwig/client/netty/HedwigClientImpl.java;hedwig-client/src/main/java/org/apache/hedwig/client/netty/HedwigPublisher.java;hedwig-client/src/main/java/org/apache/hedwig/client/netty/HedwigSubscriber.java;hedwig-client/src/main/java/org/apache/hedwig/client/netty/WriteCallback.java
BOOKKEEPER-395,3d036b0bf3939b042f4ba01a80b8b81ca6774d1b,Sijie Guo,2012-09-07 05:12:48 +0000,BOOKKEEPER-395: HDFS dep transitively depends on a busted pom (Stu Hood via sijie),CHANGES.txt;bookkeeper-benchmark/pom.xml
BOOKKEEPER-387,06b50969499330d4a5421b48a042fdee63857d23,Sijie Guo,2012-09-07 05:26:40 +0000,BOOKKEEPER-387: BookKeeper Upgrade is not working. (surendra via sijie),CHANGES.txt;bookkeeper-server/src/main/java/org/apache/bookkeeper/bookie/FileSystemUpgrade.java;bookkeeper-server/src/test/java/org/apache/bookkeeper/bookie/UpgradeTest.java
BOOKKEEPER-383,6f364a214d2b65f5823af2e5699bbc59dc08a4c9,Ivan Brendan Kelly,2012-09-07 13:22:18 +0000,BOOKKEEPER-383: NPE in BookieJournalTest  (sijie via ivank),CHANGES.txt;bookkeeper-server/src/main/java/org/apache/bookkeeper/meta/FlatLedgerManager.java;bookkeeper-server/src/main/java/org/apache/bookkeeper/meta/HierarchicalLedgerManager.java;bookkeeper-server/src/test/java/org/apache/bookkeeper/bookie/BookieJournalTest.java
BOOKKEEPER-396,26671da549558c4b16da42f2eabfad65fa223831,Sijie Guo,2012-09-11 08:30:57 +0000,BOOKKEEPER-396: Compilation issue in TestClient.java of BenchMark ( showing this in eclipse) (umamahesh via sijie),CHANGES.txt;bookkeeper-benchmark/src/main/java/org/apache/bookkeeper/benchmark/TestClient.java
BOOKKEEPER-392,6bffc3245ae3c2f9a671a0549f394c192460217f,Sijie Guo,2012-09-13 13:52:24 +0000, BOOKKEEPER-392: Racey ConcurrentMap usage in java hedwig-client (Stu Hood via sijie),CHANGES.txt;hedwig-client/src/main/java/org/apache/hedwig/client/handlers/SubscribeResponseHandler.java;hedwig-client/src/main/java/org/apache/hedwig/client/netty/HedwigClientImpl.java;hedwig-client/src/main/java/org/apache/hedwig/client/netty/HedwigPublisher.java;hedwig-client/src/main/java/org/apache/hedwig/client/netty/HedwigSubscriber.java;hedwig-client/src/main/java/org/apache/hedwig/client/netty/ResponseHandler.java;hedwig-server/src/main/java/org/apache/hedwig/server/common/ByteStringInterner.java
BOOKKEEPER-403,4f2b11213baf8551ef778599b14a6fc17d95f21d,Ivan Brendan Kelly,2012-09-14 09:53:13 +0000,BOOKKEEPER-403: ReReadMetadataCb is not executed in the thread responsible for that ledger (ivank),CHANGES.txt;bookkeeper-server/src/main/java/org/apache/bookkeeper/client/LedgerDeleteOp.java;bookkeeper-server/src/main/java/org/apache/bookkeeper/client/LedgerFragmentReplicator.java;bookkeeper-server/src/main/java/org/apache/bookkeeper/client/LedgerHandle.java;bookkeeper-server/src/main/java/org/apache/bookkeeper/client/LedgerOpenOp.java;bookkeeper-server/src/main/java/org/apache/bookkeeper/util/OrderedSafeExecutor.java
BOOKKEEPER-397,881cda5c85d17f952bdc2c7e101eef669bce35d2,Sijie Guo,2012-09-26 11:04:08 +0000,BOOKKEEPER-397: Make the hedwig client in RegionManager configurable. (Aniruddha via sijie),CHANGES.txt;hedwig-server/bin/hedwig;hedwig-server/conf/hw_region_client.conf;hedwig-server/conf/hwenv.sh;hedwig-server/src/main/java/org/apache/hedwig/server/netty/PubSubServer.java;hedwig-server/src/main/java/org/apache/hedwig/server/regions/HedwigHubClientFactory.java;hedwig-server/src/test/java/org/apache/hedwig/server/netty/TestPubSubServer.java
BOOKKEEPER-415,c4519d96d592967aaad1d056db3d31cbe56de865,Sijie Guo,2012-10-10 09:45:29 +0000,BOOKKEEPER-415: Rename DeliveryThrottle to MessageWindowSize (ivank via sijie),CHANGES.txt;hedwig-client/src/main/java/org/apache/hedwig/client/netty/NetUtils.java;hedwig-protocol/src/main/java/org/apache/hedwig/protocol/PubSubProtocol.java;hedwig-protocol/src/main/protobuf/PubSubProtocol.proto;hedwig-server/src/main/java/org/apache/hedwig/server/common/ServerConfiguration.java;hedwig-server/src/main/java/org/apache/hedwig/server/delivery/FIFODeliveryManager.java;hedwig-server/src/main/java/org/apache/hedwig/server/subscriptions/InMemorySubscriptionState.java;hedwig-server/src/test/java/org/apache/hedwig/server/TestBackwardCompat.java;hedwig-server/src/test/java/org/apache/hedwig/server/delivery/TestThrottlingDelivery.java
BOOKKEEPER-413,ce0e7b2077d495ca9f4192da1154f565cb9def5b,Sijie Guo,2012-10-10 10:09:18 +0000,BOOKKEEPER-413: Hedwig C++ client: Rename RUN_AS_SSL_MODE to SSL_ENABLED (ivank via sijie),CHANGES.txt;hedwig-client/src/main/cpp/inc/hedwig/client.h;hedwig-client/src/main/cpp/lib/channel.cpp;hedwig-client/src/main/cpp/lib/client.cpp;hedwig-client/src/main/cpp/test/util.h
BOOKKEEPER-436,2385d7a7054dd7e4c3241374b1f5f57360a5a468,Ivan Brendan Kelly,2012-10-16 21:20:26 +0000,BOOKKEEPER-436: Journal#rollLog may leak file handler (umamahesh via ivank),CHANGES.txt;bookkeeper-server/src/main/java/org/apache/bookkeeper/bookie/Journal.java
BOOKKEEPER-427,db1484669db7076d71b0ad890f8867e86a18229f,Ivan Brendan Kelly,2012-10-23 13:22:43 +0000,BOOKKEEPER-427: TestConcurrentTopicAcquisition hangs every so often (ivank),CHANGES.txt;hedwig-client/src/main/java/org/apache/hedwig/client/netty/impl/simple/SimpleSubscribeResponseHandler.java
BOOKKEEPER-424,eb01b7c1a9d22a55f0107d8b3ba60807d4fd05f4,Ivan Brendan Kelly,2012-10-25 13:35:28 +0000,BOOKKEEPER-424: Bookie start is failing intermittently when zkclient connection delays (rakeshr via ivank),CHANGES.txt;bookkeeper-server/src/main/java/org/apache/bookkeeper/bookie/Bookie.java;bookkeeper-server/src/main/java/org/apache/bookkeeper/client/BookKeeper.java;bookkeeper-server/src/main/java/org/apache/bookkeeper/client/BookKeeperAdmin.java;bookkeeper-server/src/main/java/org/apache/bookkeeper/replication/AutoRecoveryMain.java;bookkeeper-server/src/main/java/org/apache/bookkeeper/util/ZkUtils.java;bookkeeper-server/src/test/java/org/apache/bookkeeper/bookie/BookieInitializationTest.java;bookkeeper-server/src/test/java/org/apache/bookkeeper/replication/TestLedgerUnderreplicationManager.java;bookkeeper-server/src/test/java/org/apache/bookkeeper/replication/TestReplicationWorker.java;bookkeeper-server/src/test/java/org/apache/bookkeeper/test/ZooKeeperUtil.java
BOOKKEEPER-424,2c7236cf339a2de3cf3fbc0aaa8cd88cc4398ca0,Ivan Brendan Kelly,2012-10-25 14:18:39 +0000,BOOKKEEPER-424: Bookie start is failing intermittently when zkclient connection delays (rakeshr via ivank) [missing files],bookkeeper-server/src/main/java/org/apache/bookkeeper/zookeeper/ZooKeeperWatcherBase.java
BOOKKEEPER-441,ffd46bcd1c7e2c78f6d41355a2215f73661764c1,Ivan Brendan Kelly,2012-10-26 09:55:51 +0000,BOOKKEEPER-441: InMemorySubscriptionManager should back up top2sub2seq before change it (Yixue via ivank),CHANGES.txt;hedwig-server/src/main/java/org/apache/hedwig/server/subscriptions/AbstractSubscriptionManager.java;hedwig-server/src/main/java/org/apache/hedwig/server/subscriptions/InMemorySubscriptionManager.java
BOOKKEEPER-439,223a3fb3fbc78fe4dc1922967fe3daa3edfc3fb2,Ivan Brendan Kelly,2012-10-26 13:13:09 +0000,BOOKKEEPER-439: No more messages delivered after deleted consumed ledgers. (sijie via ivank),CHANGES.txt;bookkeeper-server/src/main/java/org/apache/bookkeeper/client/BookKeeper.java;hedwig-protocol/src/main/java/org/apache/hedwig/protocol/PubSubProtocol.java;hedwig-protocol/src/main/protobuf/PubSubProtocol.proto;hedwig-server/src/main/java/org/apache/hedwig/admin/HedwigAdmin.java;hedwig-server/src/main/java/org/apache/hedwig/admin/console/HedwigConsole.java;hedwig-server/src/main/java/org/apache/hedwig/admin/console/ReadTopic.java;hedwig-server/src/main/java/org/apache/hedwig/server/persistence/BookkeeperPersistenceManager.java;hedwig-server/src/test/java/org/apache/hedwig/server/persistence/TestBookKeeperPersistenceManager.java
BOOKKEEPER-425,536d86ec4b93909e870d6bc65fba7037360ea036,Flavio Paiva Junqueira,2012-10-26 14:25:47 +0000,BOOKKEEPER-425: Cleanup Bookie id generation (ivank via fpj),CHANGES.txt;bookkeeper-server/src/main/java/org/apache/bookkeeper/bookie/Bookie.java;bookkeeper-server/src/main/java/org/apache/bookkeeper/bookie/Cookie.java;bookkeeper-server/src/main/java/org/apache/bookkeeper/client/LedgerMetadata.java;bookkeeper-server/src/main/java/org/apache/bookkeeper/proto/BookieServer.java;bookkeeper-server/src/main/java/org/apache/bookkeeper/proto/BookieServerBean.java;bookkeeper-server/src/main/java/org/apache/bookkeeper/replication/AutoRecoveryMain.java;bookkeeper-server/src/main/java/org/apache/bookkeeper/replication/BookieLedgerIndexer.java;bookkeeper-server/src/main/java/org/apache/bookkeeper/util/StringUtils.java;bookkeeper-server/src/test/java/org/apache/bookkeeper/bookie/BookieInitializationTest.java;bookkeeper-server/src/test/java/org/apache/bookkeeper/replication/AuditorBookieTest.java;bookkeeper-server/src/test/java/org/apache/bookkeeper/replication/AuditorLedgerCheckerTest.java
BOOKKEEPER-434,0658723fdbcfeceddc983b770d78b01602a64f06,Ivan Brendan Kelly,2012-10-31 17:16:07 +0000,BOOKKEEPER-434: [Hedwig CPP Client] Delay resolving default host until necessary. (sijie via ivank),CHANGES.txt;hedwig-client/src/main/cpp/lib/clientimpl.cpp;hedwig-client/src/main/cpp/lib/clientimpl.h;hedwig-client/src/main/cpp/test/publishtest.cpp;hedwig-client/src/main/cpp/test/util.h
BOOKKEEPER-468,0a164a8f7166b853cbf874b91f9a82e51f13f668,Ivan Brendan Kelly,2012-11-21 09:31:43 +0000,BOOKKEEPER-468: Remove <echo> from protobuf generation in hedwig (ivank),CHANGES.txt;hedwig-protocol/pom.xml
BOOKKEEPER-466,10091096ec339c1524877195172325343b20e02f,Ivan Brendan Kelly,2012-11-21 11:24:30 +0000,BOOKKEEPER-466: ZooKeeper test utility sets the port number as the tickTime (ivank),CHANGES.txt;bookkeeper-server/src/test/java/org/apache/bookkeeper/test/ZooKeeperUtil.java
BOOKKEEPER-454,afa7a082a6f8ab6936729fb68d84bcebf09e1f19,Ivan Brendan Kelly,2012-11-22 17:36:20 +0000,BOOKKEEPER-454: hedwig c++ tester script assumes sh is bash (ivank),CHANGES.txt;hedwig-client/src/main/cpp/scripts/server-control.sh
BOOKKEEPER-467,b3a05cd74652affe4a69f40609de0b92769e05a4,Ivan Brendan Kelly,2012-11-23 10:49:51 +0000,BOOKKEEPER-467: Allocate ports for testing dynamically (ivank),CHANGES.txt;bookkeeper-benchmark/pom.xml;bookkeeper-benchmark/src/test/java/org/apache/bookkeeper/benchmark/TestBenchmark.java;bookkeeper-server/src/test/java/org/apache/bookkeeper/bookie/CookieTest.java;bookkeeper-server/src/test/java/org/apache/bookkeeper/bookie/UpgradeTest.java;bookkeeper-server/src/test/java/org/apache/bookkeeper/client/BookieRecoveryTest.java;bookkeeper-server/src/test/java/org/apache/bookkeeper/meta/TestLedgerManager.java;bookkeeper-server/src/test/java/org/apache/bookkeeper/test/BookKeeperClusterTestCase.java;bookkeeper-server/src/test/java/org/apache/bookkeeper/test/BookieZKExpireTest.java;bookkeeper-server/src/test/java/org/apache/bookkeeper/test/NIOServerFactoryTest.java;bookkeeper-server/src/test/java/org/apache/bookkeeper/test/PortManager.java;bookkeeper-server/src/test/java/org/apache/bookkeeper/test/TestBackwardCompat.java;bookkeeper-server/src/test/java/org/apache/bookkeeper/test/ZooKeeperUtil.java;hedwig-server/src/test/java/org/apache/hedwig/client/TestPubSubClient.java;hedwig-server/src/test/java/org/apache/hedwig/client/netty/TestMultiplexing.java;hedwig-server/src/test/java/org/apache/hedwig/server/HedwigHubTestBase.java;hedwig-server/src/test/java/org/apache/hedwig/server/HedwigRegionTestBase.java;hedwig-server/src/test/java/org/apache/hedwig/server/PubSubServerStandAloneTestBase.java;hedwig-server/src/test/java/org/apache/hedwig/server/TestBackwardCompat.java;hedwig-server/src/test/java/org/apache/hedwig/server/TestPubSubServerStartup.java;hedwig-server/src/test/java/org/apache/hedwig/server/delivery/TestThrottlingDelivery.java;hedwig-server/src/test/java/org/apache/hedwig/server/filter/TestMessageFilter.java;hedwig-server/src/test/java/org/apache/hedwig/server/integration/TestHedwigHub.java;hedwig-server/src/test/java/org/apache/hedwig/server/integration/TestHedwigRegion.java;hedwig-server/src/test/java/org/apache/hedwig/server/netty/TestPubSubServer.java;hedwig-server/src/test/java/org/apache/hedwig/server/persistence/BookKeeperTestBase.java;hedwig-server/src/test/java/org/apache/hedwig/server/persistence/MessageBoundedPersistenceTest.java;hedwig-server/src/test/java/org/apache/hedwig/server/persistence/TestDeadlock.java;hedwig-server/src/test/java/org/apache/hedwig/server/subscriptions/TestUpdateSubscriptionState.java;hedwig-server/src/test/java/org/apache/hedwig/server/topics/TestConcurrentTopicAcquisition.java;hedwig-server/src/test/java/org/apache/hedwig/zookeeper/ZooKeeperTestBase.java
BOOKKEEPER-471,8a3b4ac9a70eca5e55f7c5163c9c62d677c06aa7,Ivan Brendan Kelly,2012-11-27 09:50:56 +0000,BOOKKEEPER-471: Add scripts for preCommit testing (ivank),CHANGES.txt;bin/find-new-patch-available-jiras;bin/test-patch;bin/test-patch-00-clean;bin/test-patch-05-patch-raw-analysis;bin/test-patch-08-rat;bin/test-patch-09-javadoc;bin/test-patch-10-compile;bin/test-patch-11-findbugs;bin/test-patch-20-tests;bin/test-patch-30-dist;pom.xml
BOOKKEEPER-479,d3ee645781a1ed422d53a027e3d397451dd4c0d2,Flavio Paiva Junqueira,2012-11-27 14:36:23 +0000,BOOKKEEPER-479: Fix apache-rat issues in tree (ivank via fpj),CHANGES.txt;hedwig-client/src/main/java/org/apache/hedwig/client/netty/VoidCallbackAdapter.java;hedwig-server/src/test/java/org/apache/hedwig/server/netty/TestServerStats.java
BOOKKEEPER-477,38336805e367664fbda2a9c6993d5d343c956752,Flavio Paiva Junqueira,2012-11-27 15:52:45 +0000,"BOOKKEEPER-477: In ReadOnlyBookieTest, we should wait for the bookie to die before asserting on it (ivank via fpj)",CHANGES.txt;bookkeeper-server/src/test/java/org/apache/bookkeeper/test/ReadOnlyBookieTest.java
BOOKKEEPER-457,0d198abad7b41d8326913384967aeb1239ab0528,Ivan Brendan Kelly,2012-11-29 14:18:59 +0000,BOOKKEEPER-457: Create a format command for Hedwig to cleanup its metadata. (sijie via ivank),CHANGES.txt;hedwig-server/src/main/java/org/apache/hedwig/admin/HedwigAdmin.java;hedwig-server/src/main/java/org/apache/hedwig/admin/console/HedwigCommands.java;hedwig-server/src/main/java/org/apache/hedwig/admin/console/HedwigConsole.java;hedwig-server/src/main/java/org/apache/hedwig/server/meta/FactoryLayout.java;hedwig-server/src/main/java/org/apache/hedwig/server/meta/MetadataManagerFactory.java;hedwig-server/src/main/java/org/apache/hedwig/server/meta/ZkMetadataManagerFactory.java;hedwig-server/src/test/java/org/apache/hedwig/server/meta/TestMetadataManagerFactory.java;hedwig-server/src/test/java/org/apache/hedwig/server/persistence/TestBookKeeperPersistenceManager.java
BOOKKEEPER-481,aa1fecd255bcc3c23d4037c675df88c9c0ba78ab,Sijie Guo,2012-11-30 03:54:14 +0000,BOOKKEEPER-481: Fix javadoc warnings (ivank via sijie),bookkeeper-server/src/main/java/org/apache/bookkeeper/client/BookKeeperAdmin.java;bookkeeper-server/src/main/java/org/apache/bookkeeper/client/LedgerFragment.java;bookkeeper-server/src/main/java/org/apache/bookkeeper/conf/AbstractConfiguration.java;bookkeeper-server/src/main/java/org/apache/bookkeeper/conf/ServerConfiguration.java;hedwig-client/src/main/java/org/apache/hedwig/client/api/Publisher.java
BOOKKEEPER-480,2522f9863b30359b617b6fd2ab6190c1f1cc8570,Sijie Guo,2012-11-30 03:56:02 +0000,BOOKKEEPER-480: Fix javac warnings (ivank via sijie),bookkeeper-server/pom.xml;hedwig-server/pom.xml
BOOKKEEPER-482,e14983cbea5238a75a45bff4f23a8e431a5892f0,Sijie Guo,2012-12-01 05:32:49 +0000,BOOKKEEPER-482: Precommit is reporting findbugs errors in trunk (ivank via sijie),CHANGES.txt;hedwig-server/src/main/java/org/apache/hedwig/server/subscriptions/InMemorySubscriptionManager.java
BOOKKEEPER-485,100785f6f1feb2e6dd1c7de769adab5c88e87427,Flavio Paiva Junqueira,2012-12-01 14:04:29 +0000,BOOKKEEPER-485: TestFencing hung (ivank via fpj),CHANGES.txt;bookkeeper-server/src/main/java/org/apache/bookkeeper/proto/PerChannelBookieClient.java;bookkeeper-server/src/test/java/org/apache/bookkeeper/proto/TestPerChannelBookieClient.java
BOOKKEEPER-351,c958b32da81936cee535c411f2214d900f54442c,Sijie Guo,2012-12-03 05:23:40 +0000,BOOKKEEPER-351: asyncAddEntry should not throw an exception (Matteo Merli via sijie),CHANGES.txt;bookkeeper-server/src/main/java/org/apache/bookkeeper/client/LedgerHandle.java;bookkeeper-server/src/test/java/org/apache/bookkeeper/client/BookKeeperTest.java
BOOKKEEPER-336,f12b7896e1640bed64cedb0d96bdd82b6cf26a86,Ivan Brendan Kelly,2012-12-03 09:46:05 +0000,BOOKKEEPER-336 bookie readEntries is taking more time if the ensemble has failed bookie(s) Basic speculative functionality  in place,bookkeeper-server/src/main/java/org/apache/bookkeeper/client/PendingReadOp.java;bookkeeper-server/src/main/java/org/apache/bookkeeper/conf/ClientConfiguration.java;bookkeeper-server/src/test/java/org/apache/bookkeeper/client/TestSpeculativeRead.java;bookkeeper-server/src/test/java/org/apache/bookkeeper/test/BookKeeperClusterTestCase.java
BOOKKEEPER-291,6a6d25e7e9a2c3cc4370799ec2529915929e5acc,Ivan Brendan Kelly,2012-12-03 09:49:57 +0000,BOOKKEEPER-291: BKMBeanRegistry uses log4j directly (fpj via ivank),CHANGES.txt;bookkeeper-server/src/main/java/org/apache/bookkeeper/jmx/BKMBeanRegistry.java
BOOKKEEPER-336,bdf3bfd631493d82688404dde35eed491ec946ad,Ivan Brendan Kelly,2012-12-03 09:55:01 +0000,"[REVERT] BOOKKEEPER-336 bookie readEntries is taking more time if the ensemble has failed bookie(s) Basic speculative functionality  in place Accidently committed this change, before approval. Reverting (ivank)",bookkeeper-server/src/main/java/org/apache/bookkeeper/client/PendingReadOp.java;bookkeeper-server/src/main/java/org/apache/bookkeeper/conf/ClientConfiguration.java;bookkeeper-server/src/test/java/org/apache/bookkeeper/client/TestSpeculativeRead.java;bookkeeper-server/src/test/java/org/apache/bookkeeper/test/BookKeeperClusterTestCase.java
BOOKKEEPER-442,0ea460606e4a45a07a79c356ad1d58a6119e0d31,Ivan Brendan Kelly,2012-12-03 15:27:32 +0000,BOOKKEEPER-442: Failed to deliver messages due to inconsistency between SubscriptionState and LedgerRanges. (jiannan via ivank),CHANGES.txt;hedwig-server/src/main/java/org/apache/hedwig/server/persistence/BookkeeperPersistenceManager.java;hedwig-server/src/main/java/org/apache/hedwig/server/subscriptions/AbstractSubscriptionManager.java;hedwig-server/src/main/java/org/apache/hedwig/server/subscriptions/InMemorySubscriptionState.java;hedwig-server/src/test/java/org/apache/hedwig/server/persistence/TestBookKeeperPersistenceManager.java
BOOKKEEPER-484,c86eb1c481fd837269d370cbcc248274708b0887,Flavio Paiva Junqueira,2012-12-03 20:31:51 +0000,BOOKKEEPER-484: Misc fixes for test scripts (ivank via fpj),CHANGES.txt;bin/test-patch
BOOKKEEPER-470,6030beaba9e770db9b856b8de1b06dab843b2ccc,Ivan Brendan Kelly,2012-12-04 17:27:35 +0000,BOOKKEEPER-470: Possible infinite loop in simple.SubscribeReconnectCallback (sijie via ivank),CHANGES.txt;hedwig-client/src/main/java/org/apache/hedwig/client/netty/impl/multiplex/ResubscribeCallback.java;hedwig-client/src/main/java/org/apache/hedwig/client/netty/impl/simple/SubscribeReconnectCallback.java
BOOKKEEPER-461,7f67e765c73890a2f838ec8f5d43b814ce42c84b,Ivan Brendan Kelly,2012-12-04 17:54:23 +0000,BOOKKEEPER-461: Delivery throughput degrades when there are lots of publishers w/ high traffic. (sijie via ivank),CHANGES.txt;hedwig-server/src/main/java/org/apache/hedwig/server/common/ServerConfiguration.java;hedwig-server/src/main/java/org/apache/hedwig/server/persistence/ReadAheadCache.java;hedwig-server/src/main/java/org/apache/hedwig/server/persistence/ReadAheadCacheBean.java;hedwig-server/src/test/java/org/apache/hedwig/server/persistence/TestReadAheadCacheWhiteBox.java
BOOKKEEPER-475,366d393f2e58acdd5494da4ae60513c3ae5730c4,Flavio Paiva Junqueira,2012-12-04 21:15:47 +0000,BOOKKEEPER-475: BookieRecoveryTest#testSyncBookieRecoveryToRandomBookiesCheckForDupes() iterates too much (ivank via fpj),CHANGES.txt;bookkeeper-server/src/test/java/org/apache/bookkeeper/client/BookieRecoveryTest.java
BOOKKEEPER-474,40ac04bfee52f2e0fd45397cf5d02fa31236c753,Flavio Paiva Junqueira,2012-12-08 15:14:52 +0000,BOOKKEEPER-474:  BookieReadWriteTest#testShutdown doesn't make sense (ivank via fpj),CHANGES.txt;bookkeeper-server/src/test/java/org/apache/bookkeeper/proto/TestPerChannelBookieClient.java;bookkeeper-server/src/test/java/org/apache/bookkeeper/test/BookieReadWriteTest.java
BOOKKEEPER-469,a063f9b19d035d8c2d9e76e3741368cf41e7d292,Flavio Paiva Junqueira,2012-12-10 09:58:19 +0000,BOOKKEEPER-469: Remove System.out.println from TestLedgerManager (ivank via fpj),CHANGES.txt;bookkeeper-server/src/test/java/org/apache/bookkeeper/meta/TestLedgerManager.java
BOOKKEEPER-465,7d3dde696ae859297ece4e2c9a047afde4fa5865,Flavio Paiva Junqueira,2012-12-10 10:04:18 +0000,"BOOKKEEPER-465: CreateNewLog may overwrite lastLogId with smaller value (yixue, fpj via fpj)",CHANGES.txt;bookkeeper-server/src/main/java/org/apache/bookkeeper/bookie/EntryLogger.java;bookkeeper-server/src/test/java/org/apache/bookkeeper/bookie/CreateNewLogTest.java
BOOKKEEPER-498,77efd1c00100b533d67e716579b439e94d4050e3,Flavio Paiva Junqueira,2012-12-10 15:02:42 +0000,BOOKKEEPER-498: BookieRecoveryTest.tearDown NPE (fpj),CHANGES.txt;bookkeeper-server/src/test/java/org/apache/bookkeeper/client/BookieRecoveryTest.java
BOOKKEEPER-497,7fa41ff318a31f973d1de12afe8db0f9893ac653,Sijie Guo,2012-12-12 05:54:23 +0000,BOOKKEEPER-497: GcLedgersTest has a potential race (ivank via sijie),CHANGES.txt;bookkeeper-server/src/test/java/org/apache/bookkeeper/meta/GcLedgersTest.java
BOOKKEEPER-493,55610c26eb3b8b4cd5dd1955a434c2642334c605,Ivan Brendan Kelly,2012-12-12 17:26:59 +0000,BOOKKEEPER-493: moveLedgerIndexFile might have chance pickup same directory (sijie via ivank),CHANGES.txt;bookkeeper-server/src/main/java/org/apache/bookkeeper/bookie/LedgerCacheImpl.java;bookkeeper-server/src/main/java/org/apache/bookkeeper/bookie/LedgerDirsManager.java;bookkeeper-server/src/test/java/org/apache/bookkeeper/bookie/TestLedgerDirsManager.java
BOOKKEEPER-404,1e35d5d5e6de6a33cd4ca200f3d5d92dcf7cb58d,Sijie Guo,2012-12-13 06:26:32 +0000,BOOKKEEPER-404: Deprecate non-SubscriptionOptions Subscriber Apis (ivank via sijie),CHANGES.txt;hedwig-client/src/main/java/org/apache/hedwig/client/api/Subscriber.java
BOOKKEEPER-365,b6c1a8bbd7c2d44c2edb59d9938fa073f6f478de,Ivan Brendan Kelly,2012-12-13 11:33:11 +0000,BOOKKEEPER-365: Ledger will never recover if one of the quorum bookie is down forever and others dont have entry (sijie via ivank),CHANGES.txt;bookkeeper-server/src/main/java/org/apache/bookkeeper/client/PendingReadOp.java;bookkeeper-server/src/test/java/org/apache/bookkeeper/client/LedgerRecoveryTest.java;bookkeeper-server/src/test/java/org/apache/bookkeeper/test/BookKeeperClusterTestCase.java
BOOKKEEPER-458,d58a71dbd1f07a3edf65c4af80ae18a4d9a95755,Flavio Paiva Junqueira,2012-12-13 11:51:05 +0000,BOOKKEEPER-458:  Annoy BKReadException error when changing ledger. (jiannan via fpj),CHANGES.txt;hedwig-server/src/main/java/org/apache/hedwig/server/persistence/BookkeeperPersistenceManager.java;hedwig-server/src/test/java/org/apache/hedwig/server/persistence/TestBookKeeperPersistenceManager.java
BOOKKEEPER-336,496f442a7a68dd549355e845540c6c72c2fbb44c,Ivan Brendan Kelly,2012-12-13 12:07:52 +0000,BOOKKEEPER-336: bookie readEntries is taking more time if the ensemble has failed bookie(s) (ivank),CHANGES.txt;bookkeeper-server/src/main/java/org/apache/bookkeeper/client/BookKeeper.java;bookkeeper-server/src/main/java/org/apache/bookkeeper/client/BookieWatcher.java;bookkeeper-server/src/main/java/org/apache/bookkeeper/client/LedgerHandle.java;bookkeeper-server/src/main/java/org/apache/bookkeeper/client/PendingReadOp.java;bookkeeper-server/src/main/java/org/apache/bookkeeper/conf/ClientConfiguration.java;bookkeeper-server/src/test/java/org/apache/bookkeeper/client/TestSpeculativeRead.java;bookkeeper-server/src/test/java/org/apache/bookkeeper/test/BookKeeperClusterTestCase.java
BOOKKEEPER-483,d932c9b2181cc9f9b6bb3b43abd5af04cda206b8,Flavio Paiva Junqueira,2012-12-13 15:44:19 +0000,"BOOKKEEPER-483: precommit tests only check toplevel rat file, not the one for submodules. (ivank via fpj)",CHANGES.txt;bin/test-patch-08-rat
BOOKKEEPER-408,e0011de4475969c19023694f5074b50e5d12a08f,Ivan Brendan Kelly,2012-12-13 17:34:03 +0000,BOOKKEEPER-408: BookieReadWriteTest will enter the endless loop and will not leave out (ivank),CHANGES.txt;bookkeeper-server/src/test/java/org/apache/bookkeeper/test/BookieReadWriteTest.java
BOOKKEEPER-504,dffe13f5b16200e192c36547021c34c186d00de8,Ivan Brendan Kelly,2012-12-14 14:14:53 +0000,BOOKKEEPER-504: Fix findbugs warning in PendingReadOp (fpj via ivank),CHANGES.txt;bookkeeper-server/src/main/java/org/apache/bookkeeper/client/PendingReadOp.java
BOOKKEEPER-511,8c1e71f2b9cb8425046517f69a5024c31d47783c,Sijie Guo,2012-12-15 01:45:06 +0000,BOOKKEEPER-511: BookieShell is very noisy (ivank via sijie),CHANGES.txt;bookkeeper-server/bin/bookkeeper;bookkeeper-server/conf/log4j.shell.properties
BOOKKEEPER-512,d1a3c6d11eb4433c7e25eeba6ac21fe2db3a2696,Sijie Guo,2012-12-15 02:08:32 +0000,BOOKKEEPER-512: BookieZkExpireTest fails periodically (ivank via sijie),CHANGES.txt;bookkeeper-server/src/test/java/org/apache/bookkeeper/test/BookieZKExpireTest.java
BOOKKEEPER-509,a4d8a34fb0779551208ad003b950e0b9a9d86d42,Ivan Brendan Kelly,2012-12-18 10:55:34 +0000,BOOKKEEPER-509: TestBookKeeperPersistenceManager failed on latest trunk (sijie via ivank),CHANGES.txt;bookkeeper-server/src/main/java/org/apache/bookkeeper/client/PendingReadOp.java;hedwig-server/src/main/java/org/apache/hedwig/server/persistence/BookkeeperPersistenceManager.java;hedwig-server/src/test/java/org/apache/hedwig/server/persistence/TestBookKeeperPersistenceManager.java
BOOKKEEPER-500,d69986c4df6b51ed6ed27c5f45a7b6850e69dacd,Ivan Brendan Kelly,2012-12-18 12:04:51 +0000,BOOKKEEPER-500: Fencing doesn't work when restarting bookies. (sijie via ivank),CHANGES.txt;bookkeeper-server/src/main/java/org/apache/bookkeeper/bookie/Bookie.java;bookkeeper-server/src/main/java/org/apache/bookkeeper/bookie/FileInfo.java;bookkeeper-server/src/main/java/org/apache/bookkeeper/bookie/InterleavedLedgerStorage.java;bookkeeper-server/src/main/java/org/apache/bookkeeper/bookie/JournalChannel.java;bookkeeper-server/src/main/java/org/apache/bookkeeper/bookie/LedgerCache.java;bookkeeper-server/src/main/java/org/apache/bookkeeper/bookie/LedgerCacheImpl.java;bookkeeper-server/src/main/java/org/apache/bookkeeper/bookie/LedgerDescriptor.java;bookkeeper-server/src/main/java/org/apache/bookkeeper/bookie/LedgerDescriptorImpl.java;bookkeeper-server/src/main/java/org/apache/bookkeeper/bookie/LedgerDescriptorReadOnlyImpl.java;bookkeeper-server/src/main/java/org/apache/bookkeeper/bookie/LedgerStorage.java;bookkeeper-server/src/main/java/org/apache/bookkeeper/proto/BookieServer.java;bookkeeper-server/src/test/java/org/apache/bookkeeper/client/TestFencing.java
BOOKKEEPER-520,a3da8c74c4226b7d92e9d0eba9591334351afa45,Sijie Guo,2012-12-20 05:48:56 +0000,BOOKKEEPER-520: BookieFailureTest hangs on precommit build (ivank via sijie),CHANGES.txt;bookkeeper-server/src/main/java/org/apache/bookkeeper/client/LedgerHandle.java;bookkeeper-server/src/main/java/org/apache/bookkeeper/client/PendingAddOp.java;bookkeeper-server/src/test/java/org/apache/bookkeeper/test/BookieFailureTest.java
BOOKKEEPER-522,a0ae97c232caafa1fda9955f9aaa9f99564b74fe,Sijie Guo,2012-12-24 05:05:49 +0000,BOOKKEEPER-522: TestHedwigHub is failing silently on Jenkins (ivank via sijie),CHANGES.txt;bookkeeper-benchmark/pom.xml;bookkeeper-server/pom.xml;hedwig-server/pom.xml;hedwig-server/src/test/java/org/apache/hedwig/server/HedwigHubTestBase.java;hedwig-server/src/test/java/org/apache/hedwig/server/HedwigRegionTestBase.java;hedwig-server/src/test/java/org/apache/hedwig/server/LoggingExceptionHandler.java;hedwig-server/src/test/java/org/apache/hedwig/server/PubSubServerStandAloneTestBase.java;hedwig-server/src/test/java/org/apache/hedwig/server/TestPubSubServerStartup.java;hedwig-server/src/test/java/org/apache/hedwig/server/integration/TestHedwigHub.java;hedwig-server/src/test/java/org/apache/hedwig/server/integration/TestHedwigHubProxy.java;hedwig-server/src/test/java/org/apache/hedwig/server/integration/TestHedwigHubRegular.java;hedwig-server/src/test/java/org/apache/hedwig/server/integration/TestHedwigHubSSL.java;hedwig-server/src/test/java/org/apache/hedwig/server/netty/TestPubSubServer.java;pom.xml
BOOKKEEPER-447,7de3ecbd5d5052138a9c4aded9256c5030ab2f6d,Sijie Guo,2012-12-24 05:23:12 +0000,BOOKKEEPER-447: Bookie can fail to recover if index pages flushed before ledger flush acknowledged (ivank via sijie),CHANGES.txt;bookkeeper-server/src/main/java/org/apache/bookkeeper/bookie/Bookie.java;bookkeeper-server/src/main/java/org/apache/bookkeeper/bookie/EntryLogger.java;bookkeeper-server/src/test/java/org/apache/bookkeeper/bookie/LedgerCacheTest.java
BOOKKEEPER-520,8a396e1f74ff9f9cf25d3b4bfc43c8a112992555,Flavio Paiva Junqueira,2012-12-27 22:16:40 +0000,"BOOKKEEPER-520: BookieFailureTest hangs on precommit build (sijie via fpj, jira reopened)",CHANGES.txt;bookkeeper-server/src/main/java/org/apache/bookkeeper/client/PendingAddOp.java;bookkeeper-server/src/main/java/org/apache/bookkeeper/client/PendingReadOp.java;bookkeeper-server/src/main/java/org/apache/bookkeeper/proto/BookieClient.java
BOOKKEEPER-514,ea36e59a1c314bf698d572e5f714e0b68e554a6e,Flavio Paiva Junqueira,2012-12-28 11:32:15 +0000,"BOOKKEEPER-514: TestDeadLock hanging sometimes (ivank, sijie via fpj)",CHANGES.txt;bookkeeper-benchmark/pom.xml;bookkeeper-server/src/main/java/org/apache/bookkeeper/client/LedgerHandle.java;bookkeeper-server/src/main/java/org/apache/bookkeeper/client/PendingAddOp.java;bookkeeper-server/src/main/java/org/apache/bookkeeper/client/PendingReadOp.java;bookkeeper-server/src/main/java/org/apache/bookkeeper/proto/PerChannelBookieClient.java;bookkeeper-server/src/test/java/org/apache/bookkeeper/client/BookieThrottleTest.java;bookkeeper-server/src/test/java/org/apache/bookkeeper/client/TestSpeculativeRead.java;bookkeeper-server/src/test/java/org/apache/bookkeeper/test/BookieReadWriteTest.java;hedwig-server/src/test/java/org/apache/hedwig/server/persistence/TestDeadlock.java
BOOKKEEPER-55,a27b64e340a6ad12f1e9588d1d55fa51f0b2d1f0,Ivan Brendan Kelly,2013-01-02 21:24:33 +0000,BOOKKEEPER-55: SubscribeReconnectRetryTask might retry subscription endlessly when another subscription is already successfully created previously (sijie via ivank),CHANGES.txt;hedwig-client/src/main/java/org/apache/hedwig/client/data/PubSubData.java;hedwig-client/src/main/java/org/apache/hedwig/client/exceptions/ResubscribeException.java;hedwig-client/src/main/java/org/apache/hedwig/client/netty/CleanupChannelMap.java;hedwig-client/src/main/java/org/apache/hedwig/client/netty/impl/AbstractSubscribeResponseHandler.java;hedwig-client/src/main/java/org/apache/hedwig/client/netty/impl/ActiveSubscriber.java;hedwig-client/src/main/java/org/apache/hedwig/client/netty/impl/ResubscribeCallback.java;hedwig-client/src/main/java/org/apache/hedwig/client/netty/impl/multiplex/MultiplexHChannelManager.java;hedwig-client/src/main/java/org/apache/hedwig/client/netty/impl/multiplex/MultiplexSubscribeResponseHandler.java;hedwig-client/src/main/java/org/apache/hedwig/client/netty/impl/simple/SimpleHChannelManager.java;hedwig-client/src/main/java/org/apache/hedwig/client/netty/impl/simple/SimpleSubscribeResponseHandler.java;hedwig-protocol/src/main/java/org/apache/hedwig/exceptions/PubSubException.java;hedwig-protocol/src/main/java/org/apache/hedwig/protocol/PubSubProtocol.java;hedwig-protocol/src/main/protobuf/PubSubProtocol.proto;hedwig-server/src/test/java/org/apache/hedwig/client/TestPubSubClient.java;hedwig-server/src/test/java/org/apache/hedwig/server/PubSubServerStandAloneTestBase.java
BOOKKEEPER-507,ee29f75f3f6a0168008da2e424e4174f2aee8cbb,Ivan Brendan Kelly,2013-01-03 11:07:56 +0000,BOOKKEEPER-507: Race condition happens if closeSubscription and subscribe happened at the same time (in multiplexed client). (sijie via ivank),CHANGES.txt;hedwig-server/src/main/java/org/apache/hedwig/server/delivery/DeliveryManager.java;hedwig-server/src/main/java/org/apache/hedwig/server/delivery/FIFODeliveryManager.java;hedwig-server/src/main/java/org/apache/hedwig/server/handlers/SubscribeHandler.java;hedwig-server/src/test/java/org/apache/hedwig/client/TestSubAfterCloseSub.java;hedwig-server/src/test/java/org/apache/hedwig/server/delivery/StubDeliveryManager.java
BOOKKEEPER-524,f80dcedaeea5f701822f02484c098cf4df2f04da,Sijie Guo,2013-01-07 02:48:26 +0000,"BOOKKEEPER-524: Bookie journal filesystem gets full after SyncThread is terminated with exception (Matteo, fpj via sijie)",CHANGES.txt;bookkeeper-server/src/main/java/org/apache/bookkeeper/bookie/Bookie.java;bookkeeper-server/src/main/java/org/apache/bookkeeper/bookie/LedgerCacheImpl.java;bookkeeper-server/src/test/java/org/apache/bookkeeper/bookie/LedgerCacheTest.java
BOOKKEEPER-355,b625fdc27a429341143e204338cf5deab3188e9e,Ivan Brendan Kelly,2013-01-07 11:25:06 +0000,"BOOKKEEPER-355: Ledger recovery will mark ledger as closed with -1, in case of slow bookie is added to ensemble during recovery add (ivank)",CHANGES.txt;bookkeeper-server/src/main/java/org/apache/bookkeeper/client/LedgerHandle.java;bookkeeper-server/src/main/java/org/apache/bookkeeper/client/LedgerMetadata.java;bookkeeper-server/src/main/java/org/apache/bookkeeper/client/ReadOnlyLedgerHandle.java;bookkeeper-server/src/test/java/org/apache/bookkeeper/client/LedgerRecoveryTest.java;bookkeeper-server/src/test/java/org/apache/bookkeeper/test/BookKeeperClusterTestCase.java
BOOKKEEPER-534,f7ce39d522827a0359a0183eae02694ebb35bafd,Ivan Brendan Kelly,2013-01-07 21:53:54 +0000,BOOKKEEPER-534: Flakeyness in AuditorBookieTest (umamahesh via ivank),CHANGES.txt;bookkeeper-server/src/test/java/org/apache/bookkeeper/replication/AuditorBookieTest.java
BOOKKEEPER-532,ed9b6037be51845f7cab2446593df695ffcede59,Flavio Paiva Junqueira,2013-01-07 23:44:33 +0000,BOOKKEEPER-532: AbstractSubscriptionManager#AcquireOp read subscriptions every time even it already owned the topic. (sijie via fpj),CHANGES.txt;hedwig-server/src/main/java/org/apache/hedwig/server/subscriptions/AbstractSubscriptionManager.java
BOOKKEEPER-531,faf407d5d40e9d476bab2a926f41b993bf87098f,Ivan Brendan Kelly,2013-01-09 11:29:39 +0000,BOOKKEEPER-531: Cache thread should wait until old entries are collected (sijie via ivank),CHANGES.txt;doc/hedwigParams.textile;hedwig-server/conf/hw_server.conf;hedwig-server/src/main/java/org/apache/hedwig/server/common/ServerConfiguration.java;hedwig-server/src/main/java/org/apache/hedwig/server/persistence/ReadAheadCache.java;hedwig-server/src/main/java/org/apache/hedwig/server/persistence/ReadAheadCacheBean.java;hedwig-server/src/test/java/org/apache/hedwig/server/persistence/TestReadAheadCacheWhiteBox.java
BOOKKEEPER-533,f0db18abedd30af1d6191d068652b93db0c68fc6,Flavio Paiva Junqueira,2013-01-09 16:18:07 +0000,BOOKKEEPER-533: TestSubAfterCloseSub fails strangely in tests (ivank via fpj),CHANGES.txt;bookkeeper-server/src/main/java/org/apache/bookkeeper/bookie/Bookie.java;bookkeeper-server/src/main/java/org/apache/bookkeeper/bookie/LedgerDirsManager.java;bookkeeper-server/src/main/java/org/apache/bookkeeper/proto/BookieServer.java;bookkeeper-server/src/main/java/org/apache/bookkeeper/proto/NIOServerFactory.java;bookkeeper-server/src/main/java/org/apache/bookkeeper/util/DiskChecker.java;bookkeeper-server/src/test/java/org/apache/bookkeeper/bookie/IndexCorruptionTest.java;bookkeeper-server/src/test/java/org/apache/bookkeeper/test/BookKeeperClusterTestCase.java;hedwig-server/src/main/java/org/apache/hedwig/server/delivery/FIFODeliveryManager.java;hedwig-server/src/main/java/org/apache/hedwig/server/netty/PubSubServer.java;hedwig-server/src/test/java/org/apache/hedwig/client/TestSubAfterCloseSub.java;hedwig-server/src/test/java/org/apache/hedwig/server/persistence/BookKeeperTestBase.java;hedwig-server/src/test/java/org/apache/hedwig/server/persistence/TestDeadlock.java
BOOKKEEPER-543,a9b851b3afe2d8031ad426fdd2e579ba003fe02c,Sijie Guo,2013-01-10 09:39:25 +0000,BOOKKEEPER-543: Read zk host list in a wrong way in hedwig server (Fangmin via sijie),CHANGES.txt;hedwig-server/src/main/java/org/apache/hedwig/server/common/ServerConfiguration.java
BOOKKEEPER-530,7c1793d2979b01062682b70687839a978bf65c4c,Ivan Brendan Kelly,2013-01-10 14:19:56 +0000,BOOKKEEPER-530: data might be lost during compaction. (ivank),CHANGES.txt;bookkeeper-server/src/main/java/org/apache/bookkeeper/bookie/Bookie.java;bookkeeper-server/src/main/java/org/apache/bookkeeper/bookie/GarbageCollectorThread.java;bookkeeper-server/src/main/java/org/apache/bookkeeper/bookie/InterleavedLedgerStorage.java;bookkeeper-server/src/main/java/org/apache/bookkeeper/bookie/Journal.java
BOOKKEEPER-538,4250c1f93962af30e6e40759e006035a7089613e,Flavio Paiva Junqueira,2013-01-10 18:13:58 +0000,BOOKKEEPER-538: Race condition in BookKeeper#close (ivank via fpj),CHANGES.txt;bookkeeper-server/src/main/java/org/apache/bookkeeper/client/BookKeeper.java;bookkeeper-server/src/main/java/org/apache/bookkeeper/proto/BookieClient.java;bookkeeper-server/src/main/java/org/apache/bookkeeper/proto/PerChannelBookieClient.java;bookkeeper-server/src/main/java/org/apache/bookkeeper/util/OrderedSafeExecutor.java;bookkeeper-server/src/test/java/org/apache/bookkeeper/client/BookKeeperTest.java;bookkeeper-server/src/test/java/org/apache/bookkeeper/replication/AuditorPeriodicCheckTest.java
BOOKKEEPER-539,1374b7ad2738f6c52a2aed1d0ee4e412aa382086,Sijie Guo,2013-01-11 04:16:41 +0000,BOOKKEEPER-539: ClientNotSubscribedException & doesn't receive enough messages in TestThrottlingDelivery#testServerSideThrottle (sijie),CHANGES.txt;hedwig-server/src/main/java/org/apache/hedwig/server/delivery/ChannelEndPoint.java;hedwig-server/src/main/java/org/apache/hedwig/server/delivery/FIFODeliveryManager.java;hedwig-server/src/test/java/org/apache/hedwig/server/delivery/TestFIFODeliveryManager.java
BOOKKEEPER-503,96b5aa8e6463c36a0421e47f9892479aa63f885b,Ivan Brendan Kelly,2013-01-12 17:55:26 +0000,BOOKKEEPER-503: The test case of TestThrottlingDelivery#testServerSideThrottle failed sometimes (jiannan & sijie via ivank),CHANGES.txt;hedwig-server/src/main/java/org/apache/hedwig/server/delivery/FIFODeliveryManager.java;hedwig-server/src/test/java/org/apache/hedwig/server/delivery/TestFIFODeliveryManager.java;hedwig-server/src/test/java/org/apache/hedwig/server/persistence/StubPersistenceManager.java
BOOKKEEPER-513,7d8079c446110872d8f6d50eff86268a3cb4e989,Ivan Brendan Kelly,2013-01-14 12:45:49 +0000,BOOKKEEPER-513: TestMessageFilter fails periodically (ivank),CHANGES.txt;hedwig-client/src/main/java/org/apache/hedwig/client/data/PubSubData.java;hedwig-client/src/main/java/org/apache/hedwig/client/netty/impl/AbstractSubscribeResponseHandler.java;hedwig-client/src/main/java/org/apache/hedwig/client/netty/impl/simple/SimpleHChannelManager.java;hedwig-protocol/src/main/java/org/apache/hedwig/exceptions/PubSubException.java;hedwig-server/src/test/java/org/apache/hedwig/client/TestSubAfterCloseSub.java;hedwig-server/src/test/java/org/apache/hedwig/server/TestBackwardCompat.java
BOOKKEEPER-544,7bed2a74a98f49b31c1653a513944f60a359776c,Ivan Brendan Kelly,2013-01-24 18:35:47 +0000,BOOKKEEPER-544: Modify hedwig server tests to allow client testcases to start/stop them as part of their tests (mridul via ivank),CHANGES.txt;hedwig-server/pom.xml;hedwig-server/src/test/java/org/apache/hedwig/server/HedwigHubTestBase.java;hedwig-server/src/test/java/org/apache/hedwig/server/delivery/TestThrottlingDelivery.java;hedwig-server/src/test/java/org/apache/hedwig/server/integration/TestHedwigRegion.java
BOOKKEEPER-561,f060c0d2745b47314562bc94ecb5f525e2addb07,Uma Maheswara Rao G,2013-02-08 18:08:49 +0000,BOOKKEEPER-561 Findbugs report errors with openjdk. Contributed by Ivan Kelly.,CHANGES.txt;bookkeeper-benchmark/src/main/java/org/apache/bookkeeper/benchmark/BenchReadThroughputLatency.java;bookkeeper-benchmark/src/main/java/org/apache/bookkeeper/benchmark/BenchThroughputLatency.java;bookkeeper-benchmark/src/main/java/org/apache/bookkeeper/benchmark/MySqlClient.java;bookkeeper-benchmark/src/main/java/org/apache/bookkeeper/benchmark/TestClient.java;bookkeeper-server/src/main/java/org/apache/bookkeeper/bookie/Bookie.java;bookkeeper-server/src/main/java/org/apache/bookkeeper/bookie/BookieException.java;bookkeeper-server/src/main/java/org/apache/bookkeeper/bookie/Cookie.java;bookkeeper-server/src/main/java/org/apache/bookkeeper/bookie/EntryLogger.java;bookkeeper-server/src/main/java/org/apache/bookkeeper/bookie/FileInfo.java;bookkeeper-server/src/main/java/org/apache/bookkeeper/bookie/FileSystemUpgrade.java;bookkeeper-server/src/main/java/org/apache/bookkeeper/bookie/JournalChannel.java;bookkeeper-server/src/main/java/org/apache/bookkeeper/bookie/LedgerCacheImpl.java;bookkeeper-server/src/main/java/org/apache/bookkeeper/client/BookKeeperAdmin.java;bookkeeper-server/src/main/java/org/apache/bookkeeper/client/LedgerHandle.java;bookkeeper-server/src/main/java/org/apache/bookkeeper/client/LedgerMetadata.java;bookkeeper-server/src/main/java/org/apache/bookkeeper/client/MacDigestManager.java;bookkeeper-server/src/main/java/org/apache/bookkeeper/conf/ClientConfiguration.java;bookkeeper-server/src/main/java/org/apache/bookkeeper/conf/ServerConfiguration.java;bookkeeper-server/src/main/java/org/apache/bookkeeper/meta/ZkLedgerUnderreplicationManager.java;bookkeeper-server/src/main/java/org/apache/bookkeeper/metastore/Value.java;bookkeeper-server/src/main/java/org/apache/bookkeeper/proto/BookieClient.java;bookkeeper-server/src/main/java/org/apache/bookkeeper/proto/BookieServer.java;bookkeeper-server/src/main/java/org/apache/bookkeeper/proto/PerChannelBookieClient.java;bookkeeper-server/src/main/java/org/apache/bookkeeper/util/HardLink.java;bookkeeper-server/src/main/java/org/apache/bookkeeper/util/LocalBookKeeper.java;bookkeeper-server/src/main/java/org/apache/bookkeeper/zookeeper/ZooKeeperWatcherBase.java;hedwig-client-jms/pom.xml;hedwig-client-jms/src/main/java/org/apache/hedwig/jms/SessionImpl.java;hedwig-client-jms/src/main/java/org/apache/hedwig/jms/spi/TopicPublisherImpl.java;hedwig-client-jms/src/main/resources/findbugsExclude.xml;hedwig-client/src/main/java/org/apache/hedwig/client/netty/NetUtils.java;hedwig-server/src/main/java/org/apache/hedwig/admin/HedwigAdmin.java;hedwig-server/src/main/java/org/apache/hedwig/admin/console/HedwigConsole.java;hedwig-server/src/main/java/org/apache/hedwig/admin/console/ReadTopic.java;hedwig-server/src/main/java/org/apache/hedwig/server/benchmark/BookkeeperBenchmark.java;hedwig-server/src/main/java/org/apache/hedwig/server/meta/FactoryLayout.java;hedwig-server/src/main/java/org/apache/hedwig/server/meta/MsMetadataManagerFactory.java;hedwig-server/src/main/java/org/apache/hedwig/server/meta/ZkMetadataManagerFactory.java;hedwig-server/src/main/java/org/apache/hedwig/server/persistence/BookkeeperPersistenceManager.java;hedwig-server/src/main/java/org/apache/hedwig/server/persistence/LocalDBPersistenceManager.java;hedwig-server/src/main/java/org/apache/hedwig/server/subscriptions/AbstractSubscriptionManager.java;hedwig-server/src/main/java/org/apache/hedwig/server/topics/ZkHubServerManager.java;hedwig-server/src/main/java/org/apache/hedwig/server/topics/ZkTopicManager.java;pom.xml
BOOKKEEPER-556,3902ae5a6056ba6348f71c873d23f74ac32cebef,Sijie Guo,2013-02-09 07:59:47 +0000,BOOKKEEPER-556: BookieServerMXBean#getServerState makes no sense (ivank via sijie),CHANGES.txt;bookkeeper-server/src/main/java/org/apache/bookkeeper/proto/BookieServerBean.java;bookkeeper-server/src/main/java/org/apache/bookkeeper/proto/BookieServerMXBean.java;bookkeeper-server/src/main/java/org/apache/bookkeeper/proto/ServerStats.java
BOOKKEEPER-554,3bcabc5adb48e75dd041384ebcbb0017d56c3299,Sijie Guo,2013-02-12 05:00:18 +0000,"BOOKKEEPER-554: fd leaking when move ledger index file (sijie, ivank via sijie)",CHANGES.txt;bookkeeper-server/src/main/java/org/apache/bookkeeper/bookie/FileInfo.java;bookkeeper-server/src/main/java/org/apache/bookkeeper/bookie/LedgerCacheImpl.java;bookkeeper-server/src/test/java/org/apache/bookkeeper/bookie/LedgerCacheTest.java
BOOKKEEPER-568,5b7b6835c74a11162164e90e66bb05a84411a8c2,Sijie Guo,2013-02-15 04:31:08 +0000,BOOKKEEPER-568: NPE during GC with HierarchicalLedgerManager (Matteo via sijie),CHANGES.txt;bookkeeper-server/src/main/java/org/apache/bookkeeper/meta/HierarchicalLedgerManager.java;bookkeeper-server/src/test/java/org/apache/bookkeeper/meta/LedgerManagerIteratorTest.java
BOOKKEEPER-569,cda181255f0bb2ebc1a69f75b2b6f84b50c4fba0,Flavio Paiva Junqueira,2013-02-16 15:02:32 +0000,BOOKKEEPER-569: Critical performance bug in InterleavedLedgerStorage (ivank via fpj),CHANGES.txt;bookkeeper-server/src/main/java/org/apache/bookkeeper/bookie/InterleavedLedgerStorage.java
BOOKKEEPER-548,040a442bef5b93143a9e07c0b601fddea88c5712,Ivan Brendan Kelly,2013-02-19 15:15:47 +0000,BOOKKEEPER-548: Document about periodic ledger checker configuration (ivank),CHANGES.txt;bookkeeper-server/conf/bk_server.conf;bookkeeper-server/src/main/java/org/apache/bookkeeper/conf/ServerConfiguration.java;doc/bookkeeperConfig.textile
BOOKKEEPER-549,f4d189431ee77d1133b617dba9e939756cb9d721,Ivan Brendan Kelly,2013-02-19 15:19:22 +0000,BOOKKEEPER-549: Documentation missed for readOnlyMode support (ivank),CHANGES.txt;bookkeeper-server/conf/bk_server.conf;bookkeeper-server/src/main/java/org/apache/bookkeeper/conf/ServerConfiguration.java;doc/bookkeeperConfig.textile
BOOKKEEPER-567,d40d380363f7ab608231e91b84dd94e3478f3773,Ivan Brendan Kelly,2013-02-19 15:52:35 +0000,BOOKKEEPER-567: ReadOnlyBookieTest hangs on shutdown (sijie via ivank),CHANGES.txt;bookkeeper-server/src/main/java/org/apache/bookkeeper/bookie/Bookie.java
BOOKKEEPER-559,ea5a13d748918f495ad1cb1e37c0f995e3d53072,Uma Maheswara Rao G,2013-03-05 17:45:58 +0000,BOOKKEEPER-559: Fix occasional failure in AuditorBookieTest. Contributed by Ivan Kelly.,CHANGES.txt;bookkeeper-server/src/main/java/org/apache/bookkeeper/replication/AuditorElector.java
BOOKKEEPER-579,94ea9a8629ce404566d875895208dabe82c99fbe,Ivan Brendan Kelly,2013-03-08 23:42:44 +0000,BOOKKEEPER-579: TestSubAfterCloseSub was put in a wrong package (sijie via ivank),CHANGES.txt;hedwig-server/src/test/java/org/apache/hedwig/client/TestSubAfterCloseSub.java
BOOKKEEPER-585,9f0d2a3e2f4279921f8fa1df8aad708773124cd5,Sijie Guo,2013-03-17 23:33:57 +0000, BOOKKEEPER-585: Auditor logs noisily when a ledger has been deleted (ivank via sijie),CHANGES.txt;bookkeeper-server/src/main/java/org/apache/bookkeeper/replication/Auditor.java;bookkeeper-server/src/main/java/org/apache/bookkeeper/replication/ReplicationWorker.java;bookkeeper-server/src/test/java/org/apache/bookkeeper/replication/AuditorPeriodicCheckTest.java
BOOKKEEPER-557,f2bb5603ff33b8ac54bcdf2daddb61cf3e65de80,Sijie Guo,2013-03-25 05:27:23 +0000,BOOKKEEPER-557: Compiler error showing up badly with jdk 7 (ivank via sijie),CHANGES.txt;bookkeeper-server/src/main/java/org/apache/bookkeeper/client/BookieWatcher.java;bookkeeper-server/src/main/java/org/apache/bookkeeper/conf/ClientConfiguration.java;bookkeeper-server/src/main/java/org/apache/bookkeeper/conf/ServerConfiguration.java;bookkeeper-server/src/main/java/org/apache/bookkeeper/meta/AbstractZkLedgerManager.java;bookkeeper-server/src/main/java/org/apache/bookkeeper/meta/LedgerManagerFactory.java;bookkeeper-server/src/main/java/org/apache/bookkeeper/proto/PerChannelBookieClient.java;bookkeeper-server/src/main/java/org/apache/bookkeeper/replication/Auditor.java;bookkeeper-server/src/test/java/org/apache/bookkeeper/client/TestSpeculativeRead.java;bookkeeper-server/src/test/java/org/apache/bookkeeper/meta/LedgerLayoutTest.java;bookkeeper-server/src/test/java/org/apache/bookkeeper/meta/TestLedgerManager.java;bookkeeper-server/src/test/java/org/apache/bookkeeper/test/BookieZKExpireTest.java;bookkeeper-server/src/test/java/org/apache/bookkeeper/test/ZooKeeperUtil.java;hedwig-client-jms/src/main/java/org/apache/hedwig/jms/spi/HedwigMessagingSessionFacade.java;hedwig-client-jms/src/test/java/org/apache/activemq/perf/ConnectionChurnTest.java;hedwig-client-jms/src/test/java/org/apache/activemq/usecases/CompositePublishTest.java;hedwig-client/src/main/java/org/apache/hedwig/client/benchmark/BenchmarkPublisher.java;hedwig-client/src/main/java/org/apache/hedwig/client/benchmark/BenchmarkSubscriber.java;hedwig-client/src/main/java/org/apache/hedwig/client/netty/HedwigSubscriber.java;hedwig-client/src/main/java/org/apache/hedwig/client/netty/impl/HChannelHandler.java;hedwig-server/src/main/java/org/apache/hedwig/admin/console/HedwigConsole.java;hedwig-server/src/main/java/org/apache/hedwig/admin/console/JLineHedwigCompletor.java;hedwig-server/src/main/java/org/apache/hedwig/server/benchmark/FakeBookie.java;hedwig-server/src/main/java/org/apache/hedwig/server/common/ServerConfiguration.java;hedwig-server/src/main/java/org/apache/hedwig/server/meta/ZkMetadataManagerFactory.java;hedwig-server/src/main/java/org/apache/hedwig/server/netty/UmbrellaHandler.java;hedwig-server/src/main/java/org/apache/hedwig/server/proxy/ProxySubscribeHandler.java;hedwig-server/src/main/java/org/apache/hedwig/zookeeper/ZkUtils.java;hedwig-server/src/test/java/org/apache/hedwig/client/TestPubSubClient.java;hedwig-server/src/test/java/org/apache/hedwig/client/TestSubAfterCloseSub.java;hedwig-server/src/test/java/org/apache/hedwig/client/netty/TestMultiplexing.java;hedwig-server/src/test/java/org/apache/hedwig/server/TestBackwardCompat.java;hedwig-server/src/test/java/org/apache/hedwig/server/delivery/TestThrottlingDelivery.java;hedwig-server/src/test/java/org/apache/hedwig/server/filter/TestMessageFilter.java;hedwig-server/src/test/java/org/apache/hedwig/server/integration/TestHedwigHub.java;hedwig-server/src/test/java/org/apache/hedwig/server/integration/TestHedwigRegion.java;hedwig-server/src/test/java/org/apache/hedwig/server/persistence/MessageBoundedPersistenceTest.java;hedwig-server/src/test/java/org/apache/hedwig/server/persistence/TestDeadlock.java;hedwig-server/src/test/java/org/apache/hedwig/server/subscriptions/TestUpdateSubscriptionState.java;hedwig-server/src/test/java/org/apache/hedwig/server/topics/TestConcurrentTopicAcquisition.java;pom.xml
BOOKKEEPER-583,d1bb8ec0e7c65e241f55c8b700395570e0ee5daf,Sijie Guo,2013-03-25 05:48:01 +0000,BOOKKEEPER-583: Read from a ReadOnlyBookie fails if index fileinfo is not in ledger cache (vinay via sijie),CHANGES.txt;bookkeeper-server/src/main/java/org/apache/bookkeeper/bookie/LedgerCacheImpl.java;bookkeeper-server/src/test/java/org/apache/bookkeeper/test/ReadOnlyBookieTest.java
BOOKKEEPER-586,6268be59c7d8cf411860a6807a2cb45bc1c891f4,Ivan Brendan Kelly,2013-03-25 15:10:21 +0000,BOOKKEEPER-586: Remove recursive call in delivery manager (sijie via ivank),CHANGES.txt;hedwig-server/src/main/java/org/apache/hedwig/server/delivery/FIFODeliveryManager.java
BOOKKEEPER-581,455aabfd3b6ffd4247f6df63cb29d0694b359cdd,Ivan Brendan Kelly,2013-03-25 17:02:41 +0000,BOOKKEEPER-581: Ledger recovery doesn't work correctly when recovery adds force changing ensembles. (sijie via ivank),CHANGES.txt;bookkeeper-server/src/main/java/org/apache/bookkeeper/client/LedgerMetadata.java;bookkeeper-server/src/main/java/org/apache/bookkeeper/client/LedgerRecoveryOp.java;bookkeeper-server/src/main/java/org/apache/bookkeeper/client/PendingReadOp.java;bookkeeper-server/src/test/java/org/apache/bookkeeper/client/LedgerRecoveryTest.java
BOOKKEEPER-597,feb077afa2e5064f24f011067fd626c81ede8491,Ivan Brendan Kelly,2013-04-02 14:14:45 +0000,BOOKKEEPER-597: Add flag to output test logs to stdout (ivank),CHANGES.txt;pom.xml
BOOKKEEPER-596,b118823702e946ccdeb14843e2691fdd760a59e4,Ivan Brendan Kelly,2013-04-04 09:21:26 +0000,BOOKKEEPER-596: Ledgers are gc'ed by mistake in MSLedgerManagerFactory. (sijie & ivank),CHANGES.txt;bookkeeper-server/src/main/java/org/apache/bookkeeper/bookie/ScanAndCompareGarbageCollector.java;bookkeeper-server/src/main/java/org/apache/bookkeeper/meta/AbstractZkLedgerManager.java;bookkeeper-server/src/main/java/org/apache/bookkeeper/meta/FlatLedgerManager.java;bookkeeper-server/src/main/java/org/apache/bookkeeper/meta/HierarchicalLedgerManager.java;bookkeeper-server/src/main/java/org/apache/bookkeeper/meta/LedgerManager.java;bookkeeper-server/src/main/java/org/apache/bookkeeper/meta/MSLedgerManagerFactory.java;bookkeeper-server/src/main/java/org/apache/bookkeeper/metastore/InMemoryMetastoreCursor.java;bookkeeper-server/src/test/java/org/apache/bookkeeper/meta/GcLedgersTest.java;bookkeeper-server/src/test/java/org/apache/bookkeeper/meta/LedgerManagerTestCase.java
BOOKKEEPER-599,cdf138e24b76f934721eb1e82a226d0be296b838,Sijie Guo,2013-04-07 18:07:06 +0000,BOOKKEEPER-599: NPE in PerChannelBookieClient (jiannan via sijie),CHANGES.txt;bookkeeper-server/src/main/java/org/apache/bookkeeper/proto/PerChannelBookieClient.java
BOOKKEEPER-598,09ec928ee0218caeef5661ba60978fd18b2e553b,Sijie Guo,2013-04-07 18:11:21 +0000,BOOKKEEPER-598: Fails to compile - RESUBSCRIBE_EXCEPTION conflict (Matthew Farrellee via sijie),CHANGES.txt;hedwig-client/src/main/cpp/lib/subscriberimpl.cpp
BOOKKEEPER-584,685ca079690f8be2cbcfacb615fc0eb5a798b8da,Ivan Brendan Kelly,2013-04-26 16:38:02 +0000,BOOKKEEPER-584: Data loss when ledger metadata is overwritten (sijie via ivank),CHANGES.txt;bookkeeper-server/src/main/java/org/apache/bookkeeper/client/LedgerHandle.java;bookkeeper-server/src/main/java/org/apache/bookkeeper/client/LedgerMetadata.java;bookkeeper-server/src/main/java/org/apache/bookkeeper/client/PendingAddOp.java;bookkeeper-server/src/test/java/org/apache/bookkeeper/client/BookieWriteLedgerTest.java;bookkeeper-server/src/test/java/org/apache/bookkeeper/client/LedgerCloseTest.java
BOOKKEEPER-577,f86e4929ef9c0ddfa7d26d230caefa369a2a0dde,Flavio Paiva Junqueira,2013-05-07 19:49:19 +0000,BOOKkEEPER-577: BookieFailureTest uses sync/wait()/notify() incorrectly (ivank via fpj),CHANGES.txt;bookkeeper-server/src/test/java/org/apache/bookkeeper/test/BookieFailureTest.java
BOOKKEEPER-603,cf2a858bb7bc669e12058e2dda1a996a67d3d37a,Ivan Brendan Kelly,2013-06-03 11:03:30 +0000,BOOKKEEPER-603: Support Boost 1.53 for Hedwig Cpp Client (jiannan via ivank),CHANGES.txt;hedwig-client/src/main/cpp/lib/channel.cpp;hedwig-client/src/main/cpp/lib/data.cpp;hedwig-client/src/main/cpp/scripts/log4cxx.conf;hedwig-client/src/main/cpp/scripts/server-control.sh
BOOKKEEPER-617,faf2ed87762fabe4f6cb5f629cf5a7132869ca60,Ivan Brendan Kelly,2013-06-05 09:49:01 +0000,BOOKKEEPER-617: BOOKKEEPER-544 breaks hedwig-server/bin/hedwig script (ivank),CHANGES.txt;hedwig-server/bin/hedwig
BOOKKEEPER-544,faf2ed87762fabe4f6cb5f629cf5a7132869ca60,Ivan Brendan Kelly,2013-06-05 09:49:01 +0000,BOOKKEEPER-617: BOOKKEEPER-544 breaks hedwig-server/bin/hedwig script (ivank),CHANGES.txt;hedwig-server/bin/hedwig
BOOKKEEPER-626,0a208e10117f8c5201e0414ce3d644d2367b5abc,Flavio Paiva Junqueira,2013-06-15 14:53:44 +0000,BOOKKEEPER-626: BOOKIE_EXTRA_OPTS are added twice (vinay via fpj),CHANGES.txt;bookkeeper-server/bin/bookkeeper
BOOKKEEPER-619,a3de791cb79873c4f9b99e7ac1b9ade75ea225ac,Ivan Brendan Kelly,2013-06-21 16:51:00 +0000,BOOKKEEPER-619: Bookie should not create local cookie files if zookeeper is uninitialized (ivank),CHANGES.txt;bookkeeper-server/src/main/java/org/apache/bookkeeper/bookie/Bookie.java;bookkeeper-server/src/main/java/org/apache/bookkeeper/client/BookKeeperAdmin.java;bookkeeper-server/src/test/java/org/apache/bookkeeper/bookie/BookieInitializationTest.java
BOOKKEEPER-313,01cccee0298f3e0f9d32acc550ed94a7c9fafdfd,Ivan Brendan Kelly,2013-06-21 17:26:37 +0000,BOOKKEEPER-313: Bookkeeper shutdown call from Bookie thread is not shutting down server (vinay via ivank),CHANGES.txt;bookkeeper-server/src/main/java/org/apache/bookkeeper/bookie/Bookie.java;bookkeeper-server/src/test/java/org/apache/bookkeeper/bookie/BookieShutdownTest.java
BOOKKEEPER-623,119e2034303b45478123a0fa62c1c48925b201c1,Sijie Guo,2013-06-26 01:27:04 +0000,BOOKKEEPER-623: LedgerChecker should avoid segments of closed ledger with higher start entryId than closed entry. (vinay via sijie),CHANGES.txt;bookkeeper-server/src/main/java/org/apache/bookkeeper/client/LedgerChecker.java;bookkeeper-server/src/test/java/org/apache/bookkeeper/client/LedgerCloseTest.java
BOOKKEEPER-633,0cd4be8fde5206d956addd29cbad0391ceca1716,Sijie Guo,2013-06-26 01:35:18 +0000,BOOKKEEPER-633: ConcurrentModificationException in RackawareEnsemblePlacementPolicy when a bookie is removed from available list (vinay via sijie),CHANGES.txt;bookkeeper-server/src/main/java/org/apache/bookkeeper/client/RackawareEnsemblePlacementPolicy.java;bookkeeper-server/src/test/java/org/apache/bookkeeper/client/TestRackawareEnsemblePlacementPolicy.java
BOOKKEEPER-620,bf3224adf56b74e7d8c2792eec9dcdab9c49e3d3,Ivan Brendan Kelly,2013-06-28 15:27:08 +0000,BOOKKEEPER-620: PerChannelBookieClient race during channel disconnect (ivank),CHANGES.txt;bookkeeper-server/src/main/java/org/apache/bookkeeper/proto/PerChannelBookieClient.java;bookkeeper-server/src/test/java/org/apache/bookkeeper/proto/TestPerChannelBookieClient.java
BOOKKEEPER-641,0d9708c65998f48ba9b692ff5532251a0e1b8bc9,Ivan Brendan Kelly,2013-07-03 15:39:01 +0000,BOOKKEEPER-641: DeathWatcher thread is unnecessarily running even after bookie shutdown (rakeshr via ivank),CHANGES.txt;bookkeeper-server/src/main/java/org/apache/bookkeeper/proto/BookieServer.java
BOOKKEEPER-636,ed3bb58f5cc5cd4176573cb696bb7277c628b26a,Ivan Brendan Kelly,2013-07-04 12:01:37 +0000,BOOKKEEPER-636: Latest txn logs might be deleted in a race condition which is not recoverable if BK goes down before next txn log created. (vinay via ivank),CHANGES.txt;bookkeeper-server/src/main/java/org/apache/bookkeeper/bookie/Journal.java;bookkeeper-server/src/main/java/org/apache/bookkeeper/bookie/JournalChannel.java;bookkeeper-server/src/main/java/org/apache/bookkeeper/util/MathUtils.java
BOOKKEEPER-601,0ce12e55edb179fc55bc9c5749a589a52bb36b3a,Flavio Paiva Junqueira,2013-07-13 15:23:25 +0000,BOOKKEEPER-601: readahead cache size isn't updated correctly (sijie via fpj),CHANGES.txt;hedwig-server/src/main/java/org/apache/hedwig/server/persistence/ReadAheadCache.java
BOOKKEEPER-600,53c208b09483c90207aecf0e27e669ee810619c2,Flavio Paiva Junqueira,2013-07-14 22:55:35 +0000,BOOKKEEPER-600: shouldClaim flag isn't cleared for hedwig multiplex java client (sijie via fpj),CHANGES.txt;hedwig-client/src/main/java/org/apache/hedwig/client/netty/impl/ActiveSubscriber.java
BOOKKEEPER-610,f3731732ce984f41b8530939254706f9e597583d,Sijie Guo,2013-07-20 18:06:30 +0000,BOOKKEEPER-610: Make SyncThread use an executor (ivank via sijie),CHANGES.txt;bookkeeper-server/src/main/java/org/apache/bookkeeper/bookie/SyncThread.java;bookkeeper-server/src/test/java/org/apache/bookkeeper/bookie/TestSyncThread.java
BOOKKEEPER-635,d9682edfc57911ccb9d70ae41c6627112a96a355,Sijie Guo,2013-07-20 18:16:37 +0000,BOOKKEEPER-635: jenkins build should highlight which lines of the patch cause raw analysis errors (ivank via sijie),CHANGES.txt;bin/raw-check-patch;bin/test-patch-05-patch-raw-analysis
BOOKKEEPER-646,4a2c740129d506f620dcfbdb5e1e852258a726d2,Sijie Guo,2013-07-20 18:24:54 +0000,BOOKKEEPER-646: BookieShell readjournal command is throwing BufferUnderflowException (Rakesh via sijie),CHANGES.txt;bookkeeper-server/src/main/java/org/apache/bookkeeper/bookie/BookieShell.java
BOOKKEEPER-652,61e619c2b2215fca05df3498256e3f0966a668ff,Sijie Guo,2013-07-20 18:30:04 +0000,BOOKKEEPER-652: Logger class name is wrong in LedgerCacheImpl.java (Rakesh via sijie),CHANGES.txt;bookkeeper-server/src/main/java/org/apache/bookkeeper/bookie/LedgerCacheImpl.java
BOOKKEEPER-607,a889f63d1041a84d6b894874b31681ed35312781,Ivan Brendan Kelly,2013-07-22 16:03:38 +0000,BOOKKEEPER-607: Filtered Messages Require ACK from Client Causes User Being Throttled Incorrectly Forever (sijie via ivank),CHANGES.txt;hedwig-server/src/main/java/org/apache/hedwig/server/delivery/FIFODeliveryManager.java;hedwig-server/src/test/java/org/apache/hedwig/server/delivery/TestThrottlingDelivery.java
BOOKKEEPER-642,d3328c5a78137de5416f3d8bc1f269f2ac648e6b,Ivan Brendan Kelly,2013-07-24 14:55:31 +0000,"BOOKKEEPER-642: Bookie returns incorrect exitcode, ExitCode.ZK_REG_FAIL is getting overridden (Rakesh via ivank)",CHANGES.txt;bookkeeper-server/src/main/java/org/apache/bookkeeper/bookie/Bookie.java;bookkeeper-server/src/main/java/org/apache/bookkeeper/proto/BookieServer.java;bookkeeper-server/src/test/java/org/apache/bookkeeper/bookie/BookieInitializationTest.java
BOOKKEEPER-663,22509a7a2c8acbd5cce182529169fc0057e55b0d,Ivan Brendan Kelly,2013-07-29 10:30:32 +0000,BOOKKEEPER-663: HierarchicalLedgerManager iterator is missing some ranges and the last ledger in the range (mmerli via ivank),CHANGES.txt;bookkeeper-server/src/main/java/org/apache/bookkeeper/meta/AbstractZkLedgerManager.java;bookkeeper-server/src/main/java/org/apache/bookkeeper/meta/HierarchicalLedgerManager.java;bookkeeper-server/src/test/java/org/apache/bookkeeper/meta/GcLedgersTest.java
BOOKKEEPER-604,d1ad860f8e83530e0d8f1498a35da2e9fbb85962,Ivan Brendan Kelly,2013-08-12 17:01:05 +0000,BOOKKEEPER-604: Ledger storage can log an exception if GC happens concurrently. (sijie & ivank via ivank),CHANGES.txt;bookkeeper-server/src/main/java/org/apache/bookkeeper/bookie/LedgerCacheImpl.java;bookkeeper-server/src/test/java/org/apache/bookkeeper/bookie/LedgerCacheTest.java
BOOKKEEPER-667,94d65d8d2e3239ad0694d3c2252fca0e3dbea8b3,Ivan Brendan Kelly,2013-08-13 12:32:37 +0000,BOOKKEEPER-667: Client write will fail with BadMetadataVersion in case of multiple Bookie failures with AutoRecovery enabled (sijie via ivank),CHANGES.txt;bookkeeper-server/src/main/java/org/apache/bookkeeper/client/LedgerHandle.java;bookkeeper-server/src/main/java/org/apache/bookkeeper/client/LedgerMetadata.java;bookkeeper-server/src/test/java/org/apache/bookkeeper/client/BookieRecoveryTest.java
BOOKKEEPER-668,2179f1bf6d656d7c5f7e89f2eeaaa0732f0b9608,Ivan Brendan Kelly,2013-08-20 10:51:50 +0000,BOOKKEEPER-668: Race between PerChannelBookieClient#channelDisconnected() and disconnect() calls can make clients hang while add/reading entries in case of multiple bookie failures (sijie & ivank via ivank),CHANGES.txt;bookkeeper-server/src/main/java/org/apache/bookkeeper/proto/PerChannelBookieClient.java;bookkeeper-server/src/test/java/org/apache/bookkeeper/proto/TestPerChannelBookieClient.java
BOOKKEEPER-624,f41bb6f8b521e26a0a746530e648a9ca2120af51,Ivan Brendan Kelly,2013-08-20 11:02:59 +0000,BOOKKEEPER-624: Reduce logs generated by ReplicationWorker (vinay via ivank),CHANGES.txt;bookkeeper-server/src/main/java/org/apache/bookkeeper/replication/ReplicationWorker.java
BOOKKEEPER-632,c4fd34f0f13a044c0261732ff2dd454acc4b73de,Ivan Brendan Kelly,2013-08-21 11:19:21 +0000,BOOKKEEPER-632: AutoRecovery should consider read only bookies (vinay via ivank),CHANGES.txt;bookkeeper-server/src/main/java/org/apache/bookkeeper/client/BookKeeperAdmin.java;bookkeeper-server/src/main/java/org/apache/bookkeeper/client/BookieWatcher.java;bookkeeper-server/src/main/java/org/apache/bookkeeper/client/BookiesListener.java;bookkeeper-server/src/main/java/org/apache/bookkeeper/replication/Auditor.java;bookkeeper-server/src/main/java/org/apache/bookkeeper/replication/AuditorElector.java;bookkeeper-server/src/main/java/org/apache/bookkeeper/replication/AutoRecoveryMain.java;bookkeeper-server/src/main/java/org/apache/bookkeeper/replication/ReplicationWorker.java;bookkeeper-server/src/test/java/org/apache/bookkeeper/replication/AuditorBookieTest.java;bookkeeper-server/src/test/java/org/apache/bookkeeper/replication/AuditorLedgerCheckerTest.java;bookkeeper-server/src/test/java/org/apache/bookkeeper/replication/AutoRecoveryMainTest.java;bookkeeper-server/src/test/java/org/apache/bookkeeper/replication/TestReplicationWorker.java;bookkeeper-server/src/test/java/org/apache/bookkeeper/test/ZooKeeperUtil.java
BOOKKEEPER-649,d8e6972385e6662ddcf398fc2de47622a9bef22d,Ivan Brendan Kelly,2013-08-22 14:40:10 +0000,BOOKKEEPER-649: Race condition in sync ZKUtils.createFullPathOptimistic() (ivank),CHANGES.txt;bookkeeper-server/src/main/java/org/apache/bookkeeper/meta/FlatLedgerManager.java;bookkeeper-server/src/main/java/org/apache/bookkeeper/meta/HierarchicalLedgerManager.java;bookkeeper-server/src/main/java/org/apache/bookkeeper/meta/MSLedgerManagerFactory.java;bookkeeper-server/src/main/java/org/apache/bookkeeper/meta/ZkLedgerUnderreplicationManager.java;bookkeeper-server/src/main/java/org/apache/bookkeeper/util/ZkUtils.java
BOOKKEEPER-580,98d6dcec7403c523cfd07cf48ed878e1ab13eae0,Ivan Brendan Kelly,2013-08-23 16:48:37 +0000,BOOKKEEPER-580: improve close logic (sijie & ivank via ivank),CHANGES.txt;bookkeeper-server/src/main/java/org/apache/bookkeeper/client/LedgerHandle.java;bookkeeper-server/src/test/java/org/apache/bookkeeper/client/TestFencing.java
BOOKKEEPER-446,aadaae443e1bc70505150a3218a54ff66ebfb921,Ivan Brendan Kelly,2013-09-10 13:14:40 +0000,BOOKKEEPER-446: BookKeeper.createLedger(..) should not mask the error with ZKException (sijie via ivank),CHANGES.txt;bookkeeper-server/src/main/java/org/apache/bookkeeper/client/BKException.java;bookkeeper-server/src/main/java/org/apache/bookkeeper/client/BookKeeper.java;bookkeeper-server/src/main/java/org/apache/bookkeeper/client/LedgerRecoveryOp.java;bookkeeper-server/src/main/java/org/apache/bookkeeper/meta/FlatLedgerManager.java;bookkeeper-server/src/main/java/org/apache/bookkeeper/meta/HierarchicalLedgerManager.java;bookkeeper-server/src/main/java/org/apache/bookkeeper/replication/Auditor.java;bookkeeper-server/src/test/java/org/apache/bookkeeper/test/LedgerCreateDeleteTest.java
BOOKKEEPER-683,441891b2d76b3b0244d00480e0ab70f2d2121d57,Ivan Brendan Kelly,2013-09-27 09:37:07 +0000,BOOKKEEPER-683: TestSubAfterCloseSub fails on 4.2 (jiannan via ivank),CHANGES.txt;hedwig-server/src/test/java/org/apache/hedwig/client/TestSubAfterCloseSub.java
BOOKKEEPER-686,8dafa943a1d5a1cf562d94cc6d2f656e0c0be17e,Sijie Guo,2013-10-02 05:01:52 +0000,BOOKKEEPER-686: Bookie startup will fail if one of the configured ledgerDir is full and the same is used for replaying the journal (Rakesh via sijie),CHANGES.txt;bookkeeper-server/src/main/java/org/apache/bookkeeper/bookie/Bookie.java;bookkeeper-server/src/main/java/org/apache/bookkeeper/bookie/LedgerDirsManager.java;bookkeeper-server/src/test/java/org/apache/bookkeeper/bookie/BookieInitializationTest.java
BOOKKEEPER-638,d9f4e60c850291d17e12ed44776b88cf02335701,Ivan Brendan Kelly,2013-10-11 14:18:40 +0000,BOOKKEEPER-638: Two bookies could start at the same time to access bookie data. (sijie via ivank),CHANGES.txt;bookkeeper-server/src/main/java/org/apache/bookkeeper/proto/BookieNettyServer.java
BOOKKEEPER-676,a3575c3ebcb323a53d7a193488453aa44557c97a,Ivan Brendan Kelly,2013-10-14 15:38:44 +0000,BOOKKEEPER-676: Make add asynchrounous in ledger recovery (aniruddha via ivank),CHANGES.txt;bookkeeper-server/src/main/java/org/apache/bookkeeper/client/LedgerRecoveryOp.java
BOOKKEEPER-673,33ea58027b0a3ba160f7ac19d20568709f453f4d,Ivan Brendan Kelly,2013-10-14 16:32:27 +0000,BOOKKEEPER-673: Ledger length can be inaccurate in failure case (sijie via ivank),CHANGES.txt;bookkeeper-server/src/main/java/org/apache/bookkeeper/client/LedgerHandle.java;bookkeeper-server/src/main/java/org/apache/bookkeeper/client/PendingAddOp.java;bookkeeper-server/src/test/java/org/apache/bookkeeper/client/LedgerCloseTest.java
BOOKKEEPER-688,24dc8ac30c97620cf4dbef48deff2bb957932eb8,Sijie Guo,2013-10-22 05:35:46 +0000,BOOKKEEPER-688: NPE exception in PerChannelBookieClient (ivank via sijie),CHANGES.txt;bookkeeper-server/src/main/java/org/apache/bookkeeper/proto/PerChannelBookieClient.java
BOOKKEEPER-664,9602c32f16184e10873d53c269e270e3cd0ebeed,Sijie Guo,2013-10-22 05:44:13 +0000,BOOKKEEPER-664: Compaction increases latency on journal writes (ivank via sijie),CHANGES.txt;bookkeeper-server/conf/bk_server.conf;bookkeeper-server/src/main/java/org/apache/bookkeeper/bookie/Bookie.java;bookkeeper-server/src/main/java/org/apache/bookkeeper/bookie/EntryLogger.java;bookkeeper-server/src/main/java/org/apache/bookkeeper/bookie/GarbageCollectorThread.java;bookkeeper-server/src/main/java/org/apache/bookkeeper/bookie/InterleavedLedgerStorage.java;bookkeeper-server/src/main/java/org/apache/bookkeeper/conf/ServerConfiguration.java;bookkeeper-server/src/test/java/org/apache/bookkeeper/bookie/CompactionTest.java
BOOKKEEPER-602,2d0cd0d1b9d41f3b600f6dac308c6d34317ae676,Sijie Guo,2013-10-29 04:14:18 +0000,"BOOKKEEPER-602: we should have request timeouts rather than channel timeout in PerChannelBookieClient (Aniruddha, ivank via sijie)",CHANGES.txt;bookkeeper-benchmark/src/main/java/org/apache/bookkeeper/benchmark/BenchReadThroughputLatency.java;bookkeeper-benchmark/src/main/java/org/apache/bookkeeper/benchmark/BenchThroughputLatency.java;bookkeeper-server/src/main/java/org/apache/bookkeeper/conf/ClientConfiguration.java;bookkeeper-server/src/main/java/org/apache/bookkeeper/proto/BookieClient.java;bookkeeper-server/src/main/java/org/apache/bookkeeper/proto/PerChannelBookieClient.java;bookkeeper-server/src/test/java/org/apache/bookkeeper/client/LedgerCloseTest.java;bookkeeper-server/src/test/java/org/apache/bookkeeper/client/SlowBookieTest.java;bookkeeper-server/src/test/java/org/apache/bookkeeper/client/TestReadTimeout.java;bookkeeper-server/src/test/java/org/apache/bookkeeper/client/TestSpeculativeRead.java;hedwig-server/src/test/java/org/apache/hedwig/server/persistence/TestBookKeeperPersistenceManager.java;hedwig-server/src/test/java/org/apache/hedwig/server/persistence/TestDeadlock.java
BOOKKEEPER-698,f345cb9472250eca2b724fa14b8d2c08425b6a2f,Sijie Guo,2013-10-30 04:59:47 +0000,BOOKKEEPER-698: Bookie client closure is not considering timeoutExecutor (rakesh via sijie),CHANGES.txt;bookkeeper-server/src/main/java/org/apache/bookkeeper/proto/BookieClient.java
BOOKKEEPER-700,ea4a13a45d8d2102f5f0098e404d3de66777a39b,Ivan Brendan Kelly,2013-10-30 15:23:54 +0000,BOOKKEEPER-700: GarbageCollectorThread exsiting with ArrayIndexOutOfBoundsException (rakeshr via ivank),CHANGES.txt;bookkeeper-server/src/main/java/org/apache/bookkeeper/bookie/GarbageCollectorThread.java;bookkeeper-server/src/test/java/org/apache/bookkeeper/bookie/CompactionTest.java
BOOKKEEPER-678,67dccebdbee27476657898a370c4f1808231fc4b,Ivan Brendan Kelly,2013-11-22 09:40:15 +0000,BOOKKEEPER-678: BookieServer shutdown hangs indefinitely at NioServerSocketChannelFactory.releaseExternalResources (rakeshr via ivank),CHANGES.txt;bookkeeper-server/pom.xml;bookkeeper-server/src/test/java/org/apache/bookkeeper/bookie/BookieShutdownTest.java
BOOKKEEPER-711,810f10e9c628604a7697172df79478d9186be637,Sijie Guo,2013-12-05 06:33:31 +0000,BOOKKEEPER-711: bookkeeper-daemon.sh will not remove the pid file one successful stop (vinay via sijie),CHANGES.txt;bookkeeper-server/bin/bookkeeper-daemon.sh
BOOKKEEPER-712,42185c2e3d9e6d85b095842ac051f3a3c4a4d22f,Sijie Guo,2013-12-05 06:35:56 +0000,BOOKKEEPER-712: bookkeeper script should use java from JAVA_HOME (vinay via sijie),CHANGES.txt;bookkeeper-server/bin/bookkeeper
BOOKKEEPER-709,5c3a30f8e423da51b1ee03173a336400335de3b8,Flavio Paiva Junqueira,2014-01-03 17:12:42 +0000,BOOKKEEPER-709: SlowBookieTest#testSlowBookie fails intermittently (Rakesh R via fpj),CHANGES.txt;bookkeeper-server/src/main/java/org/apache/bookkeeper/proto/BookieServer.java;bookkeeper-server/src/test/java/org/apache/bookkeeper/client/SlowBookieTest.java;bookkeeper-server/src/test/java/org/apache/bookkeeper/test/BookKeeperClusterTestCase.java
BOOKKEEPER-714,79a73f0f71be5701b44ab47c14f92945989b1417,Sijie Guo,2014-01-09 06:30:11 +0000,BOOKKEEPER-714: Logging channel exceptions in PerChannelBookieClient (sijie),CHANGES.txt;bookkeeper-server/src/main/java/org/apache/bookkeeper/proto/PerChannelBookieClient.java
BOOKKEEPER-710,78c0d2515f2e381b2c690bdbf2bf9bad03d1250c,Ivan Brendan Kelly,2014-01-17 17:13:43 +0000,BOOKKEEPER-710: OpenLedgerNoRecovery should watch ensemble change. (sijie via ivank),CHANGES.txt;bookkeeper-server/src/main/java/org/apache/bookkeeper/client/LedgerHandle.java;bookkeeper-server/src/main/java/org/apache/bookkeeper/client/LedgerOpenOp.java;bookkeeper-server/src/main/java/org/apache/bookkeeper/client/ReadOnlyLedgerHandle.java;bookkeeper-server/src/main/java/org/apache/bookkeeper/meta/AbstractZkLedgerManager.java;bookkeeper-server/src/main/java/org/apache/bookkeeper/meta/HierarchicalLedgerManager.java;bookkeeper-server/src/main/java/org/apache/bookkeeper/meta/LedgerManager.java;bookkeeper-server/src/main/java/org/apache/bookkeeper/meta/MSLedgerManagerFactory.java;bookkeeper-server/src/main/java/org/apache/bookkeeper/proto/BookkeeperInternalCallbacks.java;bookkeeper-server/src/main/java/org/apache/bookkeeper/replication/BookieLedgerIndexer.java;bookkeeper-server/src/test/java/org/apache/bookkeeper/bookie/CompactionTest.java;bookkeeper-server/src/test/java/org/apache/bookkeeper/client/TestWatchEnsembleChange.java
BOOKKEEPER-719,23f3760dd5d79e6894616834aa41d59089c9548a,Ivan Brendan Kelly,2014-01-21 15:41:29 +0000,BOOKKEEPER-719: Inconsistent synchronization of org.apache.bookkeeper.stats.CodahaleMetricsProvider.metrics (sijie via ivank),CHANGES.txt;bookkeeper-stats-providers/codahale-metrics-provider/src/main/java/org/apache/bookkeeper/stats/CodahaleMetricsProvider.java
BOOKKEEPER-720,7b44d9552d8b854160278582db3f5ca07882358a,Sijie Guo,2014-01-22 06:37:35 +0000,BOOKKEEPER-720: CheckpointSource.MIN#compareTo does exactly the opposite of what it should (ivank via sijie),CHANGES.txt;bookkeeper-server/src/main/java/org/apache/bookkeeper/bookie/CheckpointSource.java
BOOKKEEPER-708,0345c8095ee47aefd7d40a07e2a621079c94f4fd,Sijie Guo,2014-02-02 05:33:45 +0000,"BOOKKEEPER-708: Shade protobuf library to avoid incompatible versions (rakesh, ivank via sijie)",CHANGES.txt;bookkeeper-server/pom.xml;bookkeeper-stats-providers/codahale-metrics-provider/pom.xml;hedwig-client/pom.xml;hedwig-protocol/pom.xml;pom.xml
BOOKKEEPER-727,94ebe62b8c6ddcd2b52e8bc4eac4e102ff4cf720,Flavio Paiva Junqueira,2014-02-05 21:52:05 +0000,BOOKKEEPER-727: Names of bookie write/read threads are backwards (ivank via fpj),CHANGES.txt;bookkeeper-server/src/main/java/org/apache/bookkeeper/proto/BookieRequestProcessor.java
BOOKKEEPER-728,63232dec02952e3404beeafd0c73fc61c2c7cd17,Sijie Guo,2014-02-06 08:21:08 +0000,"BOOKKEEPER-728: Bookkeeper#Builder is not public, so can't be used outside of client package (ivank via fpj)",CHANGES.txt;bookkeeper-server/src/main/java/org/apache/bookkeeper/client/BookKeeper.java
BOOKKEEPER-729,b62a67b1b11a10fe378a0bef25b846887cd104b1,Sijie Guo,2014-02-06 08:25:45 +0000,"BOOKKEEPER-729: Bookie shouldn't exit with 0, if exiting from deathwatcher and thread death was caused by OOM (ivank via fpj)",CHANGES.txt;bookkeeper-server/src/main/java/org/apache/bookkeeper/bookie/Bookie.java
BOOKKEEPER-725,3870ff300c64dc41828fdc8c9627e76450cff077,Sijie Guo,2014-02-06 08:31:11 +0000,BOOKKEEPER-725: AutoRecoveryMain should exit with error code if deathwatcher finds dead thread (ivank via sijie),CHANGES.txt;bookkeeper-server/src/main/java/org/apache/bookkeeper/replication/AutoRecoveryMain.java
BOOKKEEPER-726,7e0b69cac5d406c777765bc1fa879520ea9176ec,Sijie Guo,2014-02-06 08:34:15 +0000,BOOKKEEPER-726: PerChannelBookieClient should print address that it failed to connect to when it fails to correct (ivank via sijie),CHANGES.txt;bookkeeper-server/src/main/java/org/apache/bookkeeper/proto/PerChannelBookieClient.java
BOOKKEEPER-724,8aafd10f6634f039e33b0576d4b61121b494e93a,Flavio Paiva Junqueira,2014-02-06 11:32:14 +0000,BOOKKEEPER-724: Shade introduces RAT error (sijie via fpj),CHANGES.txt;bookkeeper-server/pom.xml
BOOKKEEPER-731,f19744d30ed879022a66de885cb1236d54582d2b,Sijie Guo,2014-02-10 05:53:57 +0000,BOOKKEEPER-731: Missing BOOKIE_PID_DIR and BOOKIE_STOP_TIMEOUT in env variables list (rakesh via sijie),CHANGES.txt;bookkeeper-server/bin/bookkeeper
BOOKKEEPER-654,653dd6d733e9022a6189a2c8546bb8e3afa22715,Ivan Brendan Kelly,2014-02-21 18:01:17 +0000,"BOOKKEEPER-654: Bookkeeper client operations are allowed even after its closure, bk#close() (sijie via ivank)",CHANGES.txt;bookkeeper-server/src/main/java/org/apache/bookkeeper/client/BKException.java;bookkeeper-server/src/main/java/org/apache/bookkeeper/client/BookKeeper.java;bookkeeper-server/src/main/java/org/apache/bookkeeper/client/BookKeeperAdmin.java;bookkeeper-server/src/main/java/org/apache/bookkeeper/client/BookieWatcher.java;bookkeeper-server/src/main/java/org/apache/bookkeeper/client/LedgerChecker.java;bookkeeper-server/src/main/java/org/apache/bookkeeper/client/LedgerFragmentReplicator.java;bookkeeper-server/src/main/java/org/apache/bookkeeper/client/LedgerHandle.java;bookkeeper-server/src/main/java/org/apache/bookkeeper/client/LedgerOpenOp.java;bookkeeper-server/src/main/java/org/apache/bookkeeper/client/PendingAddOp.java;bookkeeper-server/src/main/java/org/apache/bookkeeper/client/PendingReadOp.java;bookkeeper-server/src/main/java/org/apache/bookkeeper/client/ReadLastConfirmedOp.java;bookkeeper-server/src/main/java/org/apache/bookkeeper/meta/CleanupLedgerManager.java;bookkeeper-server/src/main/java/org/apache/bookkeeper/proto/BookieClient.java;bookkeeper-server/src/main/java/org/apache/bookkeeper/proto/PerChannelBookieClient.java;bookkeeper-server/src/main/java/org/apache/bookkeeper/util/OrderedSafeExecutor.java;bookkeeper-server/src/test/java/org/apache/bookkeeper/client/BookKeeperCloseTest.java
BOOKKEEPER-730,9d4ce1671cd6731b9b9652399c24a91c34e0bc65,Ivan Brendan Kelly,2014-03-07 12:34:19 +0000,BOOKKEEPER-730: Shade pom file missing apache license header (ivank),CHANGES.txt;bin/test-patch-00-clean;bookkeeper-server/pom.xml;pom.xml
BOOKKEEPER-363,2d427e8d4b2c1d889ab5586e28e198c140a10489,Ivan Brendan Kelly,2014-03-07 17:39:37 +0000,BOOKKEEPER-363: Re-distributing topics among newly added hubs. (aniruddha via ivank),CHANGES.txt;hedwig-server/src/main/java/org/apache/hedwig/server/common/ServerConfiguration.java;hedwig-server/src/main/java/org/apache/hedwig/server/topics/AbstractTopicManager.java;hedwig-server/src/main/java/org/apache/hedwig/server/topics/HubLoad.java;hedwig-server/src/main/java/org/apache/hedwig/server/topics/HubServerManager.java;hedwig-server/src/main/java/org/apache/hedwig/server/topics/MMTopicManager.java;hedwig-server/src/main/java/org/apache/hedwig/server/topics/TopicBasedLoadShedder.java;hedwig-server/src/main/java/org/apache/hedwig/server/topics/TopicManager.java;hedwig-server/src/main/java/org/apache/hedwig/server/topics/ZkHubServerManager.java;hedwig-server/src/main/java/org/apache/hedwig/server/topics/ZkTopicManager.java;hedwig-server/src/test/java/org/apache/hedwig/server/topics/TestTopicBasedLoadShedder.java
BOOKKEEPER-740,1ac25ebe98dd3038f68fe80e79570b9beceb0be8,Sijie Guo,2014-03-10 02:14:35 +0000,BOOKKEEPER-740: AutoRecoveryMainTest#testAutoRecoverySessionLoss is failing (Rakesh via sijie),CHANGES.txt;bookkeeper-server/src/main/java/org/apache/bookkeeper/replication/AutoRecoveryMain.java
BOOKKEEPER-742,e1838f47800120252a3b5db77b7d1169e1daf801,Ivan Brendan Kelly,2014-04-24 08:43:56 +0000,BOOKKEEPER-742: Fix for empty ledgers losing quorum. (ivank),CHANGES.txt;bookkeeper-server/src/main/java/org/apache/bookkeeper/client/BookKeeperAdmin.java;bookkeeper-server/src/main/java/org/apache/bookkeeper/replication/Auditor.java;bookkeeper-server/src/main/java/org/apache/bookkeeper/replication/AuditorElector.java;bookkeeper-server/src/main/java/org/apache/bookkeeper/replication/AutoRecoveryMain.java;bookkeeper-server/src/main/java/org/apache/bookkeeper/replication/ReplicationException.java;bookkeeper-server/src/main/java/org/apache/bookkeeper/replication/ReplicationWorker.java;bookkeeper-server/src/test/java/org/apache/bookkeeper/replication/BookieAutoRecoveryTest.java;bookkeeper-server/src/test/java/org/apache/bookkeeper/test/BookKeeperClusterTestCase.java
BOOKKEEPER-743,54c54f71a5fad10838c66c6a6b28ef13d9388931,Ivan Brendan Kelly,2014-04-24 12:44:34 +0000,BOOKKEEPER-743: Periodic ledger check running too often as doc doesn't match implementation. (ivank),CHANGES.txt;bookkeeper-server/src/main/java/org/apache/bookkeeper/replication/Auditor.java;bookkeeper-server/src/test/java/org/apache/bookkeeper/replication/AuditorPeriodicCheckTest.java
BOOKKEEPER-744,4c27506835dd0a58ee0a37c4422c44237a344b30,Ivan Brendan Kelly,2014-05-06 10:30:54 +0000,BOOKKEEPER-744: Run the auditor bookie check periodically (ivank),CHANGES.txt;bookkeeper-server/conf/bk_server.conf;bookkeeper-server/src/main/java/org/apache/bookkeeper/conf/ServerConfiguration.java;bookkeeper-server/src/main/java/org/apache/bookkeeper/replication/Auditor.java
BOOKKEEPER-744,e824ac2691f4e86ac5ced675cd3ffb66f00e059a,Ivan Brendan Kelly,2014-05-06 10:40:02 +0000,BOOKKEEPER-744: Run the auditor bookie check periodically (ivank) [missing files],bookkeeper-server/src/test/java/org/apache/bookkeeper/replication/AuditorPeriodicBookieCheckTest.java;bookkeeper-server/src/test/java/org/apache/bookkeeper/test/TestCallbacks.java
BOOKKEEPER-755,e3594b50f93b881f8ded9fe26c9ae2f875e054ea,Flavio Paiva Junqueira,2014-05-14 22:41:03 +0000,BOOKKEEPER-755: Incorrect number of seconds specified in a day (Joseph Redfern via fpj),CHANGES.txt;bookkeeper-server/conf/bk_server.conf;bookkeeper-server/src/main/java/org/apache/bookkeeper/conf/ServerConfiguration.java
BOOKKEEPER-750,151c50dbe992efcaf0fa831dbf829b792b8bb925,Flavio Paiva Junqueira,2014-05-23 16:46:05 +0000,BOOKKEEPER-750. Flake in BookieAutoRecoveryTest#testEmptyLedgerLosesQuorumEventually (ivank via fpj),CHANGES.txt;bookkeeper-server/src/main/java/org/apache/bookkeeper/replication/Auditor.java;bookkeeper-server/src/test/java/org/apache/bookkeeper/replication/BookieAutoRecoveryTest.java;bookkeeper-server/src/test/java/org/apache/bookkeeper/test/BookKeeperClusterTestCase.java
BOOKKEEPER-750,d67f3a752d291b1f55e5b9597eca6b135d3626ee,Flavio Paiva Junqueira,2014-05-23 16:48:11 +0000,BOOKKEEPER-750. Flake in BookieAutoRecoveryTest#testEmptyLedgerLosesQuorumEventually (ivank via fpj),bookkeeper-server/src/main/java/org/apache/bookkeeper/replication/Auditor.java
BOOKKEEPER-763,209dbf4982eb997c9691c4331dcaea3b7e4af6d6,Ivan Brendan Kelly,2014-05-30 10:41:47 +0000,BOOKKEEPER-763: findbugs fails to run on jenkins (ivank),CHANGES.txt;bin/test-patch-10-compile
BOOKKEEPER-751,d11665de31b5ee6969128062569f2081b5d9cf79,Ivan Brendan Kelly,2014-05-30 13:07:14 +0000,BOOKKEEPER-751: Ensure all the bookkeeper callbacks not run under ledger handle lock (sijie via ivank),CHANGES.txt;bookkeeper-server/src/main/java/org/apache/bookkeeper/client/LedgerHandle.java
BOOKKEEPER-745,d86917af98c2a7442619f1b71aa6d4d1da5945f4,Ivan Brendan Kelly,2014-06-02 09:54:03 +0000,BOOKKEEPER-745: Fix for false reports of ledger unreplication during rolling restarts. (ivank),CHANGES.txt;bookkeeper-server/src/main/java/org/apache/bookkeeper/meta/ZkLedgerUnderreplicationManager.java;bookkeeper-server/src/main/java/org/apache/bookkeeper/replication/Auditor.java;bookkeeper-server/src/main/java/org/apache/bookkeeper/replication/AuditorElector.java;bookkeeper-server/src/test/java/org/apache/bookkeeper/replication/AuditorLedgerCheckerTest.java;bookkeeper-server/src/test/java/org/apache/bookkeeper/replication/AuditorPeriodicBookieCheckTest.java;bookkeeper-server/src/test/java/org/apache/bookkeeper/replication/AuditorRollingRestartTest.java;bookkeeper-server/src/test/java/org/apache/bookkeeper/test/TestCallbacks.java
BOOKKEEPER-746,404b83abafb94b62c0ced2ba7cf6878762643746,Ivan Brendan Kelly,2014-06-03 10:35:13 +0000,"BOOKKEEPER-746: 5 new shell commands. List ledgers, list metadata, list underreplicated, show auditor and simpletest (ivank)",CHANGES.txt;bookkeeper-server/src/main/java/org/apache/bookkeeper/bookie/BookieShell.java;bookkeeper-server/src/main/java/org/apache/bookkeeper/meta/LedgerUnderreplicationManager.java;bookkeeper-server/src/main/java/org/apache/bookkeeper/meta/ZkLedgerUnderreplicationManager.java
BOOKKEEPER-766,68deb96d2d1de45eea0c358c0eab39847d51e1f8,Flavio Paiva Junqueira,2014-06-05 10:56:29 +0000,BOOKKEEPER-766: Update notice.txt files to include 2014 (ivank via fpj),CHANGES.txt;NOTICE;bookkeeper-server/src/main/resources/NOTICE.bin.txt;hedwig-server/src/main/resources/NOTICE.bin.txt
BOOKKEEPER-767,80c6e5526c63409e4f359905d0fd319ac7d2b129,Flavio Paiva Junqueira,2014-06-06 13:29:47 +0000,BOOKKEEPER-767: Allow loopback in tests (ivank via fpj),CHANGES.txt;bookkeeper-server/src/test/java/org/apache/bookkeeper/bookie/BookieInitializationTest.java;bookkeeper-server/src/test/java/org/apache/bookkeeper/bookie/CompactionTest.java;bookkeeper-server/src/test/java/org/apache/bookkeeper/bookie/CookieTest.java;bookkeeper-server/src/test/java/org/apache/bookkeeper/bookie/TestSyncThread.java;bookkeeper-server/src/test/java/org/apache/bookkeeper/conf/TestBKConfiguration.java;bookkeeper-server/src/test/java/org/apache/bookkeeper/replication/AuditorPeriodicBookieCheckTest.java;hedwig-server/src/test/java/org/apache/hedwig/server/TestBackwardCompat.java;hedwig-server/src/test/java/org/apache/hedwig/server/persistence/BookKeeperTestBase.java
BOOKKEEPER-765,c9db762707538a99a92852e60b88bed577b01377,Ivan Brendan Kelly,2014-06-10 10:01:45 +0000,BOOKKEEPER-765 bookkeeper script should fall back to java in path if JAVA_HOME is not set (ivank),CHANGES.txt;bookkeeper-server/bin/bookkeeper;bookkeeper-server/conf/bkenv.sh;hedwig-server/bin/hedwig;hedwig-server/conf/hwenv.sh
BOOKKEEPER-768,37fda574a530eedc6bd3ba5030e2f3e0805c10f8,Sijie Guo,2014-07-15 07:09:21 +0000,BOOKKEEPER-768: fix typo seconds to milliseconds in benchmark output (jialin via sijie),CHANGES.txt;bookkeeper-benchmark/src/main/java/org/apache/bookkeeper/benchmark/BenchThroughputLatency.java
BOOKKEEPER-739,8f09334e24deaa8e80674a702c498d802986f3c8,Flavio Paiva Junqueira,2014-07-23 23:41:19 +0000,BOOKKEEPER-739: Test timeouts mostly ignored (sijie via fpj),CHANGES.txt;bookkeeper-server/src/test/java/org/apache/bookkeeper/bookie/BookieShutdownTest.java;bookkeeper-server/src/test/java/org/apache/bookkeeper/bookie/CompactionTest.java;bookkeeper-server/src/test/java/org/apache/bookkeeper/bookie/EntryLogTest.java;bookkeeper-server/src/test/java/org/apache/bookkeeper/bookie/IndexCorruptionTest.java;bookkeeper-server/src/test/java/org/apache/bookkeeper/bookie/LedgerCacheTest.java;bookkeeper-server/src/test/java/org/apache/bookkeeper/bookie/TestLedgerDirsManager.java;bookkeeper-server/src/test/java/org/apache/bookkeeper/client/BookKeeperCloseTest.java;bookkeeper-server/src/test/java/org/apache/bookkeeper/client/BookKeeperTest.java;bookkeeper-server/src/test/java/org/apache/bookkeeper/client/BookieRecoveryTest.java;bookkeeper-server/src/test/java/org/apache/bookkeeper/client/BookieWriteLedgerTest.java;bookkeeper-server/src/test/java/org/apache/bookkeeper/client/LedgerCloseTest.java;bookkeeper-server/src/test/java/org/apache/bookkeeper/client/LedgerRecoveryTest.java;bookkeeper-server/src/test/java/org/apache/bookkeeper/client/RoundRobinDistributionScheduleTest.java;bookkeeper-server/src/test/java/org/apache/bookkeeper/client/SlowBookieTest.java;bookkeeper-server/src/test/java/org/apache/bookkeeper/client/TestFencing.java;bookkeeper-server/src/test/java/org/apache/bookkeeper/client/TestLedgerChecker.java;bookkeeper-server/src/test/java/org/apache/bookkeeper/client/TestLedgerFragmentReplication.java;bookkeeper-server/src/test/java/org/apache/bookkeeper/client/TestRackawareEnsemblePlacementPolicy.java;bookkeeper-server/src/test/java/org/apache/bookkeeper/client/TestSpeculativeRead.java;bookkeeper-server/src/test/java/org/apache/bookkeeper/client/TestTryReadLastConfirmed.java;bookkeeper-server/src/test/java/org/apache/bookkeeper/client/TestWatchEnsembleChange.java;bookkeeper-server/src/test/java/org/apache/bookkeeper/meta/GcLedgersTest.java;bookkeeper-server/src/test/java/org/apache/bookkeeper/meta/LedgerLayoutTest.java;bookkeeper-server/src/test/java/org/apache/bookkeeper/meta/LedgerManagerIteratorTest.java;bookkeeper-server/src/test/java/org/apache/bookkeeper/meta/TestLedgerManager.java;bookkeeper-server/src/test/java/org/apache/bookkeeper/metastore/TestMetaStore.java;bookkeeper-server/src/test/java/org/apache/bookkeeper/proto/TestDeathwatcher.java;bookkeeper-server/src/test/java/org/apache/bookkeeper/proto/TestPerChannelBookieClient.java;bookkeeper-server/src/test/java/org/apache/bookkeeper/replication/AuditorBookieTest.java;bookkeeper-server/src/test/java/org/apache/bookkeeper/replication/AuditorLedgerCheckerTest.java;bookkeeper-server/src/test/java/org/apache/bookkeeper/replication/AuditorPeriodicCheckTest.java;bookkeeper-server/src/test/java/org/apache/bookkeeper/replication/AuditorRollingRestartTest.java;bookkeeper-server/src/test/java/org/apache/bookkeeper/replication/AutoRecoveryMainTest.java;bookkeeper-server/src/test/java/org/apache/bookkeeper/replication/BookieAutoRecoveryTest.java;bookkeeper-server/src/test/java/org/apache/bookkeeper/replication/BookieLedgerIndexTest.java;bookkeeper-server/src/test/java/org/apache/bookkeeper/replication/TestAutoRecoveryAlongWithBookieServers.java;bookkeeper-server/src/test/java/org/apache/bookkeeper/replication/TestReplicationWorker.java;bookkeeper-server/src/test/java/org/apache/bookkeeper/test/AsyncLedgerOpsTest.java;bookkeeper-server/src/test/java/org/apache/bookkeeper/test/BookKeeperClusterTestCase.java;bookkeeper-server/src/test/java/org/apache/bookkeeper/test/BookieClientTest.java;bookkeeper-server/src/test/java/org/apache/bookkeeper/test/BookieFailureTest.java;bookkeeper-server/src/test/java/org/apache/bookkeeper/test/BookieJournalRollingTest.java;bookkeeper-server/src/test/java/org/apache/bookkeeper/test/BookieReadWriteTest.java;bookkeeper-server/src/test/java/org/apache/bookkeeper/test/BookieZKExpireTest.java;bookkeeper-server/src/test/java/org/apache/bookkeeper/test/ConcurrentLedgerTest.java;bookkeeper-server/src/test/java/org/apache/bookkeeper/test/ConditionalSetTest.java;bookkeeper-server/src/test/java/org/apache/bookkeeper/test/ConfigurationTest.java;bookkeeper-server/src/test/java/org/apache/bookkeeper/test/LedgerDeleteTest.java;bookkeeper-server/src/test/java/org/apache/bookkeeper/test/MultipleThreadReadTest.java;bookkeeper-server/src/test/java/org/apache/bookkeeper/test/ReadOnlyBookieTest.java;hedwig-client/src/test/java/org/apache/hedwig/client/AppTest.java;hedwig-client/src/test/java/org/apache/hedwig/util/TestFileUtils.java;hedwig-client/src/test/java/org/apache/hedwig/util/TestHedwigSocketAddress.java;hedwig-client/src/test/java/org/apache/hedwig/util/TestPathUtils.java;hedwig-server/src/test/java/org/apache/hedwig/client/TestPubSubClient.java;hedwig-server/src/test/java/org/apache/hedwig/client/TestSubAfterCloseSub.java;hedwig-server/src/test/java/org/apache/hedwig/client/netty/TestMultiplexing.java;hedwig-server/src/test/java/org/apache/hedwig/server/HedwigHubTestBase.java;hedwig-server/src/test/java/org/apache/hedwig/server/HedwigRegionTestBase.java;hedwig-server/src/test/java/org/apache/hedwig/server/PubSubServerStandAloneTestBase.java;hedwig-server/src/test/java/org/apache/hedwig/server/TestBackwardCompat.java;hedwig-server/src/test/java/org/apache/hedwig/server/delivery/TestThrottlingDelivery.java;hedwig-server/src/test/java/org/apache/hedwig/server/handlers/TestBaseHandler.java;hedwig-server/src/test/java/org/apache/hedwig/server/handlers/TestSubUnsubHandler.java;hedwig-server/src/test/java/org/apache/hedwig/server/integration/TestHedwigHub.java;hedwig-server/src/test/java/org/apache/hedwig/server/integration/TestHedwigRegion.java;hedwig-server/src/test/java/org/apache/hedwig/server/netty/TestPubSubServer.java;hedwig-server/src/test/java/org/apache/hedwig/server/persistence/TestBookKeeperPersistenceManager.java;hedwig-server/src/test/java/org/apache/hedwig/server/persistence/TestBookKeeperPersistenceManagerBlackBox.java;hedwig-server/src/test/java/org/apache/hedwig/server/persistence/TestBookkeeperPersistenceManagerWhiteBox.java;hedwig-server/src/test/java/org/apache/hedwig/server/persistence/TestDeadlock.java;hedwig-server/src/test/java/org/apache/hedwig/server/persistence/TestLocalDBPersistenceManagerBlackBox.java;hedwig-server/src/test/java/org/apache/hedwig/server/persistence/TestPersistenceManagerBlackBox.java;hedwig-server/src/test/java/org/apache/hedwig/server/persistence/TestReadAheadCacheBlackBox.java;hedwig-server/src/test/java/org/apache/hedwig/server/persistence/TestReadAheadCacheWhiteBox.java;hedwig-server/src/test/java/org/apache/hedwig/server/subscriptions/TestUpdateSubscriptionState.java
BOOKKEEPER-774,b6f33e49d0671a5b982bcb3613c5c9844f6aec8b,Sijie Guo,2014-08-14 06:15:59 +0000,BOOKKEEPER-774: Flaky test org.apache.bookkeeper.test.ReadOnlyBookieTest.testBookieShouldTurnWritableFromReadOnly (sijie),CHANGES.txt;bookkeeper-server/src/main/java/org/apache/bookkeeper/bookie/EntryLogger.java
BOOKKEEPER-780,0c96765dffe3850ae6fc80397f9bc221421f1fa3,Flavio Paiva Junqueira,2014-09-04 21:49:31 +0000,BOOKKEEPER-780: Findbug issue in trunk (ivank via fpj),CHANGES.txt;bookkeeper-server/src/main/java/org/apache/bookkeeper/proto/WriteEntryProcessorV3.java
BOOKKEEPER-777,8f81eba34d2af8444be9f713447e12f4387e5932,Sijie Guo,2014-09-06 05:13:53 +0000,BOOKKEEPER-777: Flake in LedgerCloseTest (ivank via fpj),CHANGES.txt;bookkeeper-server/src/test/java/org/apache/bookkeeper/client/LedgerCloseTest.java
BOOKKEEPER-779,fd6835e4f06d3cbb6a33062f582e4756d0a3139b,Sijie Guo,2014-09-06 05:27:02 +0000,BOOKKEEPER-779: jmx reporter for codahale metrics provider (ivank via sijie),CHANGES.txt;bookkeeper-stats-providers/codahale-metrics-provider/src/main/java/org/apache/bookkeeper/stats/CodahaleMetricsProvider.java
BOOKKEEPER-778,caf9ef945c93833f8cbc3bb0e6e451e1e58855cb,Sijie Guo,2014-09-09 03:57:10 +0000,BOOKKEEPER-778: Flake in TestTryReadLastConfirmed (ivank via sijie),CHANGES.txt;bookkeeper-server/src/test/java/org/apache/bookkeeper/client/TestTryReadLastConfirmed.java
BOOKKEEPER-783,c918051659f9f9231989531304a0a0a15f0f939e,Ivan Brendan Kelly,2014-09-17 14:32:48 +0000,BOOKKEEPER-783: Avoid running out of fds in MutlipleThreadReadTest (sijie via ivank),CHANGES.txt;bookkeeper-server/src/test/java/org/apache/bookkeeper/test/MultipleThreadReadTest.java
BOOKKEEPER-785,4f0e52d027ed277576344ecbde1938ed3eeb7aae,Sijie Guo,2014-09-18 04:47:22 +0000,BOOKKEEPER-785: Fix javadoc warnings in trunk (ivank via sijie),CHANGES.txt;bookkeeper-server/src/main/java/org/apache/bookkeeper/client/LedgerHandle.java;bookkeeper-server/src/main/java/org/apache/bookkeeper/client/LedgerMetadata.java;bookkeeper-server/src/main/java/org/apache/bookkeeper/conf/ClientConfiguration.java;bookkeeper-server/src/main/java/org/apache/bookkeeper/conf/ServerConfiguration.java
BOOKKEEPER-784,4a2174a91fbd6b85fed640ef58f1c98fd28ee2d4,Sijie Guo,2014-09-18 04:53:21 +0000,BOOKKEEPER-784: BookKeeperCloseTest#testLedgerCheck is failing intermittently (ivank via sijie),CHANGES.txt;bookkeeper-server/src/test/java/org/apache/bookkeeper/client/BookKeeperCloseTest.java
BOOKKEEPER-786,36478d1e639ba099cc4256ca2b2fbcc98f7649dd,Flavio Paiva Junqueira,2014-09-22 10:11:35 +0000,BOOKKEEPER-786: Fix Findbugs Error In Codahale Stats Provider (sijie via fpj),CHANGES.txt;bookkeeper-stats-providers/codahale-metrics-provider/src/main/java/org/apache/bookkeeper/stats/CodahaleMetricsProvider.java
BOOKKEEPER-793,3020fcb555d978c986e4e014e79c14d9817b606a,Sijie Guo,2014-10-15 05:27:01 +0000,BOOKKEEPER-793: Move to java 7,CHANGES.txt;bookkeeper-stats-providers/twitter-ostrich-provider/src/main/java/org/apache/bookkeeper/stats/twitter/ostrich/OstrichProvider.java;pom.xml
BOOKKEEPER-797,b17a30a46a820a9914bcee713f156698d93ff734,Ivan Brendan Kelly,2014-11-19 17:00:11 +0000,BOOKKEEPER-797: IllegalArgumentException when calling CodahaleOpStatsLogger#toOpStatsData(),CHANGES.txt;bookkeeper-stats-providers/codahale-metrics-provider/pom.xml;bookkeeper-stats-providers/codahale-metrics-provider/src/main/java/org/apache/bookkeeper/stats/CodahaleOpStatsLogger.java;bookkeeper-stats-providers/codahale-metrics-provider/src/test/java/org/apache/bookkeeper/stats/CodahaleOpStatsTest.java
BOOKKEEPER-815,6a94e45c6b813978d6b4fa98eeb87175d0241d96,Ivan Kelly,2014-12-04 12:28:25 +0100,BOOKKEEPER-815: Ledger fence state is lost when the ledger file is evicted (Charles Xie via ivank),CHANGES.txt;bookkeeper-server/src/main/java/org/apache/bookkeeper/bookie/FileInfo.java;bookkeeper-server/src/test/java/org/apache/bookkeeper/bookie/IndexPersistenceMgrTest.java
BOOKKEEPER-800,78d6e49d4d6bf83ee53655e6198848b896c4239c,Ivan Kelly,2014-12-05 14:10:20 +0100,BOOKKEEPER-800: Expose whether a ledger is closed or not (ivank),CHANGES.txt;bookkeeper-server/src/main/java/org/apache/bookkeeper/client/LedgerHandle.java
BOOKKEEPER-799,5de01f700ede31f186f5d8d97afac382f1e45327,Ivan Kelly,2014-12-05 17:51:16 +0100,BOOKKEEPER-799: Distribution schedule coverage sets don't take gaps in response lists into account when writequorum > ackquorum (ivank),CHANGES.txt;bookkeeper-server/src/main/java/org/apache/bookkeeper/client/RoundRobinDistributionSchedule.java;bookkeeper-server/src/test/java/org/apache/bookkeeper/client/RoundRobinDistributionScheduleTest.java
BOOKKEEPER-805,130ebfa8f3763c1b98b29124a2bb648b2a810281,Sijie Guo,2014-12-05 21:54:19 -0800,BOOKKEEPER-805: NullPointException in bookie server when using twitter-ostrich-provider (Youngjoon Kim via sijie),bookkeeper-stats-providers/twitter-ostrich-provider/src/main/java/org/apache/bookkeeper/stats/twitter/ostrich/OstrichProvider.java
BOOKKEEPER-809,0dfb4fb94d0ccc98e1050f662712d85bcf2003b1,Sijie Guo,2014-12-05 22:05:19 -0800,BOOKKEEPER-809: Wrong metric on LedgerDeleteOp and LedgerOpenOp (Charles Xie via sijie),bookkeeper-server/src/main/java/org/apache/bookkeeper/client/LedgerDeleteOp.java;bookkeeper-server/src/main/java/org/apache/bookkeeper/client/LedgerOpenOp.java
BOOKKEEPER-805,8a5ac72762480f5f972aafcf1fc8207e12ef76e3,Sijie Guo,2014-12-05 22:12:29 -0800,BOOKKEEPER-805: NullPointException in bookie server when using twitter-ostrich-provider (Youngjoon Kim via sijie) (missing CHANGES.txt),CHANGES.txt
BOOKKEEPER-809,ff5d2c5125d7d7fbe48d7935524820c55a887124,Sijie Guo,2014-12-05 22:13:19 -0800,BOOKKEEPER-809: Wrong metric on LedgerDeleteOp and LedgerOpenOp (Charles Xie via sijie) (missing CHANGES.txt),CHANGES.txt
BOOKKEEPER-804,2b88b11fa7597254ccbf828f16efc665e852788d,Sijie Guo,2014-12-05 22:38:44 -0800,BOOKKEEPER-804: Client program is not terminated when using openLedgerNoRecovery (ivank via sijie),CHANGES.txt;bookkeeper-server/src/main/java/org/apache/bookkeeper/meta/AbstractZkLedgerManager.java;bookkeeper-server/src/main/java/org/apache/bookkeeper/meta/CleanupLedgerManager.java;bookkeeper-server/src/test/java/org/apache/bookkeeper/client/BookKeeperCloseTest.java
BOOKKEEPER-813,e790cab6d89de3cff3ee32842347d0176b6e24c5,Sijie Guo,2014-12-05 22:47:33 -0800,BOOKKEEPER-813: BookieShell doesn't find index directory (Charles Xie via sijie),CHANGES.txt;bookkeeper-server/src/main/java/org/apache/bookkeeper/bookie/BookieShell.java
BOOKKEEPER-795,e79f8736a7dfc2c7191455e4e88b85a85f0472bf,Ivan Kelly,2014-12-09 19:57:43 +0100,BOOKKEEPER-795: Race condition causes writes to hang if ledger is fenced (sijie via ivank),CHANGES.txt;bookkeeper-server/src/main/java/org/apache/bookkeeper/client/LedgerHandle.java;bookkeeper-server/src/test/java/org/apache/bookkeeper/client/LedgerCloseTest.java;bookkeeper-server/src/test/java/org/apache/bookkeeper/replication/AuditorRollingRestartTest.java;bookkeeper-server/src/test/java/org/apache/bookkeeper/test/TestCallbacks.java
BOOKKEEPER-814,0e3d95c9411289b89961e434ce760e3726290761,Ivan Kelly,2014-12-10 19:43:24 +0100,BOOKKEEPER-814: clean up temp files that generated by test cases. (zhaijia via ivank),CHANGES.txt;bookkeeper-server/src/main/java/org/apache/bookkeeper/util/IOUtils.java;bookkeeper-server/src/main/java/org/apache/bookkeeper/util/LocalBookKeeper.java;bookkeeper-server/src/test/java/org/apache/bookkeeper/bookie/BookieInitializationTest.java;bookkeeper-server/src/test/java/org/apache/bookkeeper/bookie/BookieJournalTest.java;bookkeeper-server/src/test/java/org/apache/bookkeeper/bookie/CompactionTest.java;bookkeeper-server/src/test/java/org/apache/bookkeeper/bookie/CookieTest.java;bookkeeper-server/src/test/java/org/apache/bookkeeper/bookie/EntryLogTest.java;bookkeeper-server/src/test/java/org/apache/bookkeeper/bookie/LedgerCacheTest.java;bookkeeper-server/src/test/java/org/apache/bookkeeper/bookie/TestLedgerDirsManager.java;bookkeeper-server/src/test/java/org/apache/bookkeeper/bookie/UpgradeTest.java;bookkeeper-server/src/test/java/org/apache/bookkeeper/replication/AuditorBookieTest.java;bookkeeper-server/src/test/java/org/apache/bookkeeper/test/BookKeeperClusterTestCase.java;bookkeeper-server/src/test/java/org/apache/bookkeeper/test/BookieClientTest.java;bookkeeper-server/src/test/java/org/apache/bookkeeper/test/BookieZKExpireTest.java;bookkeeper-server/src/test/java/org/apache/bookkeeper/test/ConcurrentLedgerTest.java;bookkeeper-server/src/test/java/org/apache/bookkeeper/test/ReadOnlyBookieTest.java;bookkeeper-server/src/test/java/org/apache/bookkeeper/test/TestBackwardCompat.java;bookkeeper-server/src/test/java/org/apache/bookkeeper/test/ZooKeeperUtil.java;bookkeeper-server/src/test/java/org/apache/bookkeeper/util/TestDiskChecker.java
BOOKKEEPER-801,91b80f6c8d538fd9c16b30907c95d93ee90af04a,Ivan Kelly,2014-12-12 12:09:02 +0100,BOOKKEEPER-801: Bookkeeper client tutorial (ivank),CHANGES.txt;doc/bookkeeperTutorial.textile
BOOKKEEPER-803,264995cf2fc97ae527a8c24b369790a424d88d87,Ivan Kelly,2014-12-12 12:14:32 +0100,BOOKKEEPER-803: Guide for making a replicated log out of ledgers (ivank),CHANGES.txt;doc/bookkeeperLedgers2Logs.textile
BOOKKEEPER-838,8b23bd30c5e7388e91f650615671d754a9ee2727,Sijie Guo,2015-02-22 23:11:31 -0800,BOOKKEEPER-838: ForceWriteThread::run() leaks “logFile.close()” when interrupt comes (zhaijia via sijie),CHANGES.txt;bookkeeper-server/src/main/java/org/apache/bookkeeper/bookie/Journal.java
BOOKKEEPER-839,e89ee080f1894143ed3415f27017b89eefe3ceb1,Sijie Guo,2015-03-12 00:21:29 -0700,BOOKKEEPER-839: AuditorPeriodicCheckTest timeout (rakeshr via sijie),CHANGES.txt;bookkeeper-server/src/test/java/org/apache/bookkeeper/replication/AuditorPeriodicCheckTest.java
BOOKKEEPER-831,f2928dca4860b3c1461b99b834992e16901c8a87,Sijie Guo,2015-03-12 00:56:42 -0700,BOOKKEEPER-831: Outdated links in tutorial (ivank via sijie),CHANGES.txt;doc/bookkeeperStarted.textile;doc/bookkeeperTutorial.textile
BOOKKEEPER-840,68c5b5a40c33b813482e8a2371eedcb2e0d224e8,Sijie Guo,2015-03-17 22:23:37 -0700,BOOKKEEPER-840: Deadlock on flushLock on compaction (sijie),CHANGES.txt;bookkeeper-server/src/main/java/org/apache/bookkeeper/bookie/GarbageCollectorThread.java
BOOKKEEPER-828,4a4802ab5ef1a98eb40cd2bfb4b2f76409745220,Sijie Guo,2015-03-17 23:18:10 -0700,BOOKKEEPER-828: Script for updating docs on website from master branch (ivank via sijie),CHANGES.txt;bin/update-master-docs
BOOKKEEPER-834,7177f2a03c52ca0457ea7d1a9c946f194ffb1c5f,Sijie Guo,2015-03-17 23:31:32 -0700,BOOKKEEPER-834: test case error in test class TestDiskChecker (zhaijia via sijie),CHANGES.txt;bookkeeper-server/src/test/java/org/apache/bookkeeper/util/TestDiskChecker.java
BOOKKEEPER-847,b24cd7fd85bb3235036e660ff3a295dc939705e6,Sijie Guo,2015-04-21 00:35:22 -0700,BOOKKEEPER-847: ArrayIndexOutOfBoundsException in LedgerFragmentReplicator::updateEnsembleInfo (zhaijia via sijie),CHANGES.txt;bookkeeper-server/src/main/java/org/apache/bookkeeper/client/LedgerFragmentReplicator.java
BOOKKEEPER-848,70da24d504e3f4cba0d87a0914a0add7ea19394d,Sijie Guo,2015-04-21 00:39:31 -0700,BOOKKEEPER-848: Use volatile for lastAddConfirmed (Matteo Merli via sijie),CHANGES.txt;bookkeeper-server/src/main/java/org/apache/bookkeeper/client/LedgerHandle.java
BOOKKEEPER-695,b6dd505342051f267ca6af5fba1b70637c1e3fe0,Sijie Guo,2015-04-21 00:44:52 -0700,BOOKKEEPER-695: Some entry logs are not removed from the bookie storage (Matteo Merli via sijie),CHANGES.txt;bookkeeper-server/src/main/java/org/apache/bookkeeper/bookie/EntryLogger.java;bookkeeper-server/src/test/java/org/apache/bookkeeper/bookie/EntryLogTest.java
BOOKKEEPER-833,da1a2fa6b19ddcdba68834147bf6afbe5bf90cbf,Sijie Guo,2015-04-21 01:02:38 -0700,BOOKKEEPER-833: EntryLogId and EntryLogLimit should not be larger than Integer.MAX_VALUE (sijie),CHANGES.txt;bookkeeper-server/src/main/java/org/apache/bookkeeper/bookie/EntryLogger.java;bookkeeper-server/src/main/java/org/apache/bookkeeper/bookie/SortedLedgerStorage.java;bookkeeper-server/src/main/java/org/apache/bookkeeper/conf/ServerConfiguration.java;bookkeeper-server/src/main/java/org/apache/bookkeeper/util/BookKeeperConstants.java
BOOKKEEPER-835,6688d96b52072496202f607f8c55976472f4c9a6,Sijie Guo,2015-05-19 00:36:14 -0700,BOOKKEEPER-835: Update copyright for 2015 on all active branches,NOTICE;bookkeeper-server/src/main/resources/NOTICE.bin.txt;hedwig-server/src/main/resources/NOTICE.bin.txt
BOOKKEEPER-835,5bd2edbf82bd0c8bd9ea9e507b07d23cb856f934,Sijie Guo,2015-05-19 00:42:23 -0700,BOOKKEEPER-835: Update copyright for 2015 on all active branches (sijie) (missing CHANGES.txt file),CHANGES.txt
BOOKKEEPER-854,1387b2be44686abfe78bf4efee4ad52d2d699e12,Sijie Guo,2015-05-19 21:15:45 -0700,BOOKKEEPER-854: NPE on InterleavedLedgerStorage.onRotateEntryLog (sijie),CHANGES.txt;bookkeeper-server/src/main/java/org/apache/bookkeeper/bookie/SortedLedgerStorage.java
BOOKKEEPER-821,6286c39eaa8f7422323fc3405c72f9c6333f444f,Sijie Guo,2015-05-19 23:20:04 -0700,BOOKKEEPER-821: Failing to write lastId to ledger directories should not fail startup of bookies (zhaijia via sijie),CHANGES.txt;bookkeeper-server/src/main/java/org/apache/bookkeeper/bookie/EntryLogger.java
BOOKKEEPER-858,35fbcc357970f126b6b9f9a7bf2a453bd3786044,Sijie Guo,2015-06-01 23:02:06 -0700,BOOKKEEPER-858: Fix broken links and typos in bookkeeper documents (Youngjoon Kim via sijie),CHANGES.txt;doc/bookkeeperConfig.textile;doc/bookkeeperConfigParams.textile;doc/bookkeeperOverview.textile;doc/bookkeeperStarted.textile
BOOKKEEPER-823,8df7e0fb18547e9805238f4bb15d3d0d67978422,Sijie Guo,2015-07-06 23:24:26 -0700,BOOKKEEPER-823: Clean up temp files created by hedwig tests (Jia Zhai via sijie),hedwig-server/src/test/java/org/apache/hedwig/server/TestPubSubServerStartup.java
BOOKKEEPER-863,c29a4f2601f72f8543cc4b1db419c84b01de75ce,Sijie Guo,2015-08-11 19:00:52 -0700,BOOKKEEPER-863: Potential resource leak with unclosed LedgerManager in BookieShell (Ted Yu via sijie),CHANGES.txt;bookkeeper-server/src/main/java/org/apache/bookkeeper/bookie/BookieShell.java
BOOKKEEPER-802,a59bd5687e2f5c4a4ac3f2a957543b5a1a3148d8,Sijie Guo,2015-09-07 08:58:26 -0700,BOOKKEEPER-802: Bookkeeper protocol documentation (ivank via sijie),CHANGES.txt;doc/bookkeeperProtocol.textile
BOOKKEEPER-872,9803ee8e6293dcd0346b1ca3cb0f2666b5e12382,Sijie Guo,2015-10-10 09:38:11 -0700,BOOKKEEPER-872: Resource leak with unclosed LedgerManager in HierarchicalLedgerManagerFactory#format() (Ted Yu via sijie),CHANGES.txt;bookkeeper-server/src/main/java/org/apache/bookkeeper/meta/FlatLedgerManagerFactory.java;bookkeeper-server/src/main/java/org/apache/bookkeeper/meta/HierarchicalLedgerManagerFactory.java
BOOKKEEPER-883,8729d12be50295086e7440dfa5d0256abb7688d5,Sijie Guo,2016-02-08 23:12:03 -0800,BOOKKEEPER-883: Test timeout in bookkeeper-benchmark,bookkeeper-benchmark/src/main/java/org/apache/bookkeeper/benchmark/BenchReadThroughputLatency.java;bookkeeper-benchmark/src/test/java/org/apache/bookkeeper/benchmark/TestBenchmark.java;bookkeeper-server/src/main/java/org/apache/bookkeeper/meta/FlatLedgerManager.java;bookkeeper-server/src/main/java/org/apache/bookkeeper/meta/ZkLedgerIdGenerator.java
BOOKKEEPER-890,626b7e8bb0b84271df97cfbf0a1b157c6cfe5a18,Matteo Merli,2016-02-08 23:23:34 -0800,BOOKKEEPER-890: Concurrent modification exception when removing listener in…,bookkeeper-server/src/main/java/org/apache/bookkeeper/meta/AbstractZkLedgerManager.java
BOOKKEEPER-893,63395a3e3d9bb253ea2745042631e44a3d195ea0,Siddharth Boobna,2016-02-08 23:37:03 -0800,BOOKKEEPER-893: explicitly call bk shutdown to set the exit code,bookkeeper-server/src/main/java/org/apache/bookkeeper/proto/BookieServer.java
BOOKKEEPER-891,9c937f5d814d4079b6134db361a0e2de1e37cd05,Matteo Merli,2016-02-08 23:39:50 -0800,BOOKKEEPER-891: Read entries failure should trigger callback only once,bookkeeper-server/src/main/java/org/apache/bookkeeper/client/PendingReadOp.java;bookkeeper-server/src/test/java/org/apache/bookkeeper/client/BookKeeperTest.java
BOOKKEEPER-897,9bd9e061bc225f36d8c9d516d4265aa209e4e90e,Sijie Guo,2016-02-23 15:34:30 -0800,BOOKKEEPER-897: Fix findbugs warnings and missing apache license header,bookkeeper-server/src/main/java/org/apache/bookkeeper/bookie/BookieShell.java;bookkeeper-server/src/main/java/org/apache/bookkeeper/bookie/LocalBookieEnsemblePlacementPolicy.java
BOOKKEEPER-898,a77042db1b024b5cb2bdd2a5f49ea18a43bc036b,Siddharth Boobna,2016-03-07 22:18:12 -0800,BOOKKEEPER-898: listen to read only bookie changes also in auditor,bookkeeper-server/src/main/java/org/apache/bookkeeper/client/BookKeeperAdmin.java;bookkeeper-server/src/main/java/org/apache/bookkeeper/client/BookieWatcher.java;bookkeeper-server/src/main/java/org/apache/bookkeeper/replication/Auditor.java;bookkeeper-server/src/test/java/org/apache/bookkeeper/replication/AuditorLedgerCheckerTest.java
BOOKKEEPER-902,410ff7263a477d4b75a43d006adde3549225a4b9,Matteo Merli,2016-03-13 22:39:15 -0700,BOOKKEEPER-902: Test failures in EntryLogTest,bookkeeper-server/src/main/java/org/apache/bookkeeper/bookie/SortedLedgerStorage.java
BOOKKEEPER-769,9a8d62b1d1231f2fe6feca7e0c407a426a1278d5,Robin Dhamankar,2016-03-15 20:43:54 -0700,BOOKKEEPER-769: Remove the Hedwig Code,README;bookkeeper-server/conf/log4j.properties;bookkeeper-server/src/main/java/org/apache/bookkeeper/net/BookieSocketAddress.java;bookkeeper-server/src/test/java/org/apache/bookkeeper/client/LedgerCloseTest.java;compat-deps/hedwig-server-compat-4.0.0/pom.xml;compat-deps/hedwig-server-compat-4.1.0/pom.xml;compat-deps/hedwig-server-compat-4.2.0/pom.xml;compat-deps/pom.xml;doc/hedwigBuild.textile;doc/hedwigConsole.textile;doc/hedwigDesign.textile;doc/hedwigDocs.textile;doc/hedwigJMX.textile;doc/hedwigMessageFilter.textile;doc/hedwigMetadata.textile;doc/hedwigParams.textile;doc/hedwigUser.textile;doc/index.textile;doc/metastore.textile;formatter.xml;hedwig-client-jms/pom.xml;hedwig-client-jms/src/main/grammar/javacc/readme.html;hedwig-client-jms/src/main/grammar/javacc/selector_grammar.jjt;hedwig-client-jms/src/main/java/org/apache/hedwig/jms/ConnectionImpl.java;hedwig-client-jms/src/main/java/org/apache/hedwig/jms/ConnectionMetaDataImpl.java;hedwig-client-jms/src/main/java/org/apache/hedwig/jms/DebugUtil.java;hedwig-client-jms/src/main/java/org/apache/hedwig/jms/LRUCacheMap.java;hedwig-client-jms/src/main/java/org/apache/hedwig/jms/LRUCacheSet.java;hedwig-client-jms/src/main/java/org/apache/hedwig/jms/MessagingSessionFacade.java;hedwig-client-jms/src/main/java/org/apache/hedwig/jms/Mutable.java;hedwig-client-jms/src/main/java/org/apache/hedwig/jms/SessionImpl.java;hedwig-client-jms/src/main/java/org/apache/hedwig/jms/StateManager.java;hedwig-client-jms/src/main/java/org/apache/hedwig/jms/jndi/HedwigInitialContext.java;hedwig-client-jms/src/main/java/org/apache/hedwig/jms/jndi/HedwigInitialContextFactory.java;hedwig-client-jms/src/main/java/org/apache/hedwig/jms/jndi/package-info.html;hedwig-client-jms/src/main/java/org/apache/hedwig/jms/message/BytesMessageImpl.java;hedwig-client-jms/src/main/java/org/apache/hedwig/jms/message/MapMessageImpl.java;hedwig-client-jms/src/main/java/org/apache/hedwig/jms/message/MessageImpl.java;hedwig-client-jms/src/main/java/org/apache/hedwig/jms/message/MessageUtil.java;hedwig-client-jms/src/main/java/org/apache/hedwig/jms/message/ObjectMessageImpl.java;hedwig-client-jms/src/main/java/org/apache/hedwig/jms/message/StreamMessageImpl.java;hedwig-client-jms/src/main/java/org/apache/hedwig/jms/message/TextMessageImpl.java;hedwig-client-jms/src/main/java/org/apache/hedwig/jms/message/header/JmsHeader.java;hedwig-client-jms/src/main/java/org/apache/hedwig/jms/message/header/MetadataProcessor.java;hedwig-client-jms/src/main/java/org/apache/hedwig/jms/message/package-info.html;hedwig-client-jms/src/main/java/org/apache/hedwig/jms/package-info.html;hedwig-client-jms/src/main/java/org/apache/hedwig/jms/selector/BinaryArithmeticFunction.java;hedwig-client-jms/src/main/java/org/apache/hedwig/jms/selector/BinaryExprFunction.java;hedwig-client-jms/src/main/java/org/apache/hedwig/jms/selector/ExprFunction.java;hedwig-client-jms/src/main/java/org/apache/hedwig/jms/selector/InterpretSelectorParserVisitor.java;hedwig-client-jms/src/main/java/org/apache/hedwig/jms/selector/LogicalComparisonFunction.java;hedwig-client-jms/src/main/java/org/apache/hedwig/jms/selector/MyNode.java;hedwig-client-jms/src/main/java/org/apache/hedwig/jms/selector/PropertyExprFunction.java;hedwig-client-jms/src/main/java/org/apache/hedwig/jms/selector/SelectorConstant.java;hedwig-client-jms/src/main/java/org/apache/hedwig/jms/selector/SelectorEvalState.java;hedwig-client-jms/src/main/java/org/apache/hedwig/jms/selector/SelectorEvaluationException.java;hedwig-client-jms/src/main/java/org/apache/hedwig/jms/selector/TreeDumperSelectorParserVisitor.java;hedwig-client-jms/src/main/java/org/apache/hedwig/jms/selector/UnaryArithmeticFunction.java;hedwig-client-jms/src/main/java/org/apache/hedwig/jms/selector/UnaryExprFunction.java;hedwig-client-jms/src/main/java/org/apache/hedwig/jms/selector/ValueComparisonFunction.java;hedwig-client-jms/src/main/java/org/apache/hedwig/jms/selector/package-info.html;hedwig-client-jms/src/main/java/org/apache/hedwig/jms/spi/HedwigConnectionFactoryImpl.java;hedwig-client-jms/src/main/java/org/apache/hedwig/jms/spi/HedwigConnectionImpl.java;hedwig-client-jms/src/main/java/org/apache/hedwig/jms/spi/HedwigMessagingSessionFacade.java;hedwig-client-jms/src/main/java/org/apache/hedwig/jms/spi/MessageConsumerImpl.java;hedwig-client-jms/src/main/java/org/apache/hedwig/jms/spi/MessageProducerImpl.java;hedwig-client-jms/src/main/java/org/apache/hedwig/jms/spi/QueueSessionImpl.java;hedwig-client-jms/src/main/java/org/apache/hedwig/jms/spi/TopicPublisherImpl.java;hedwig-client-jms/src/main/java/org/apache/hedwig/jms/spi/TopicSessionImpl.java;hedwig-client-jms/src/main/java/org/apache/hedwig/jms/spi/TopicSubscriberImpl.java;hedwig-client-jms/src/main/java/org/apache/hedwig/jms/spi/package-info.html;hedwig-client-jms/src/main/protobuf/JmsHeader.proto;hedwig-client-jms/src/main/resources/findbugsExclude.xml;hedwig-client-jms/src/main/resources/log4j.properties;hedwig-client-jms/src/test/java/org/apache/activemq/AutoFailTestSupport.java;hedwig-client-jms/src/test/java/org/apache/activemq/CombinationTestSupport.java;hedwig-client-jms/src/test/java/org/apache/activemq/ConnectionCleanupTest.java;hedwig-client-jms/src/test/java/org/apache/activemq/ConsumerReceiveWithTimeoutTest.java;hedwig-client-jms/src/test/java/org/apache/activemq/ExpiryHogTest.java;hedwig-client-jms/src/test/java/org/apache/activemq/JMSConsumerTest.java;hedwig-client-jms/src/test/java/org/apache/activemq/JMSDurableTopicRedeliverTest.java;hedwig-client-jms/src/test/java/org/apache/activemq/JMSIndividualAckTest.java;hedwig-client-jms/src/test/java/org/apache/activemq/JMSMessageTest.java;hedwig-client-jms/src/test/java/org/apache/activemq/JMSUsecaseTest.java;hedwig-client-jms/src/test/java/org/apache/activemq/JmsAutoAckListenerTest.java;hedwig-client-jms/src/test/java/org/apache/activemq/JmsAutoAckTest.java;hedwig-client-jms/src/test/java/org/apache/activemq/JmsBenchmark.java;hedwig-client-jms/src/test/java/org/apache/activemq/JmsClientAckListenerTest.java;hedwig-client-jms/src/test/java/org/apache/activemq/JmsClientAckTest.java;hedwig-client-jms/src/test/java/org/apache/activemq/JmsConnectionStartStopTest.java;hedwig-client-jms/src/test/java/org/apache/activemq/JmsConsumerResetActiveListenerTest.java;hedwig-client-jms/src/test/java/org/apache/activemq/JmsCreateConsumerInOnMessageTest.java;hedwig-client-jms/src/test/java/org/apache/activemq/JmsDurableTopicSelectorTest.java;hedwig-client-jms/src/test/java/org/apache/activemq/JmsDurableTopicSendReceiveTest.java;hedwig-client-jms/src/test/java/org/apache/activemq/JmsDurableTopicTransactionTest.java;hedwig-client-jms/src/test/java/org/apache/activemq/JmsMultipleClientsTestSupport.java;hedwig-client-jms/src/test/java/org/apache/activemq/JmsRedeliveredTest.java;hedwig-client-jms/src/test/java/org/apache/activemq/JmsRollbackRedeliveryTest.java;hedwig-client-jms/src/test/java/org/apache/activemq/JmsSendReceiveTestSupport.java;hedwig-client-jms/src/test/java/org/apache/activemq/JmsSendReceiveWithMessageExpirationTest.java;hedwig-client-jms/src/test/java/org/apache/activemq/JmsSendWithAsyncCallbackTest.java;hedwig-client-jms/src/test/java/org/apache/activemq/JmsTestSupport.java;hedwig-client-jms/src/test/java/org/apache/activemq/JmsTopicCompositeSendReceiveTest.java;hedwig-client-jms/src/test/java/org/apache/activemq/JmsTopicRedeliverTest.java;hedwig-client-jms/src/test/java/org/apache/activemq/JmsTopicSelectorTest.java;hedwig-client-jms/src/test/java/org/apache/activemq/JmsTopicSendReceiveSubscriberTest.java;hedwig-client-jms/src/test/java/org/apache/activemq/JmsTopicSendReceiveTest.java;hedwig-client-jms/src/test/java/org/apache/activemq/JmsTopicSendReceiveWithTwoConnectionsTest.java;hedwig-client-jms/src/test/java/org/apache/activemq/JmsTopicSendReceiveWithTwoConnectionsWithJMXTest.java;hedwig-client-jms/src/test/java/org/apache/activemq/JmsTopicSendSameMessageTest.java;hedwig-client-jms/src/test/java/org/apache/activemq/JmsTopicTransactionTest.java;hedwig-client-jms/src/test/java/org/apache/activemq/JmsTransactionTestSupport.java;hedwig-client-jms/src/test/java/org/apache/activemq/LoadTestBurnIn.java;hedwig-client-jms/src/test/java/org/apache/activemq/MessageListenerRedeliveryTest.java;hedwig-client-jms/src/test/java/org/apache/activemq/RedeliveryPolicyTest.java;hedwig-client-jms/src/test/java/org/apache/activemq/TestSupport.java;hedwig-client-jms/src/test/java/org/apache/activemq/TimeStampTest.java;hedwig-client-jms/src/test/java/org/apache/activemq/demo/SimpleConsumer.java;hedwig-client-jms/src/test/java/org/apache/activemq/demo/SimpleProducer.java;hedwig-client-jms/src/test/java/org/apache/activemq/load/LoadClient.java;hedwig-client-jms/src/test/java/org/apache/activemq/load/LoadController.java;hedwig-client-jms/src/test/java/org/apache/activemq/load/LoadTest.java;hedwig-client-jms/src/test/java/org/apache/activemq/perf/ConnectionChurnTest.java;hedwig-client-jms/src/test/java/org/apache/activemq/perf/InactiveDurableTopicTest.java;hedwig-client-jms/src/test/java/org/apache/activemq/perf/NetworkedSyncTest.java;hedwig-client-jms/src/test/java/org/apache/activemq/perf/NumberOfDestinationsTest.java;hedwig-client-jms/src/test/java/org/apache/activemq/perf/PerfConsumer.java;hedwig-client-jms/src/test/java/org/apache/activemq/perf/PerfProducer.java;hedwig-client-jms/src/test/java/org/apache/activemq/perf/PerfRate.java;hedwig-client-jms/src/test/java/org/apache/activemq/perf/SimpleDurableTopicNetworkTest.java;hedwig-client-jms/src/test/java/org/apache/activemq/perf/SimpleDurableTopicTest.java;hedwig-client-jms/src/test/java/org/apache/activemq/perf/SimpleNetworkTest.java;hedwig-client-jms/src/test/java/org/apache/activemq/perf/SimpleNonPersistentTopicTest.java;hedwig-client-jms/src/test/java/org/apache/activemq/perf/SimpleTopicTest.java;hedwig-client-jms/src/test/java/org/apache/activemq/perf/SlowConsumer.java;hedwig-client-jms/src/test/java/org/apache/activemq/perf/SlowConsumerTopicTest.java;hedwig-client-jms/src/test/java/org/apache/activemq/perf/SlowDurableConsumerTopicTest.java;hedwig-client-jms/src/test/java/org/apache/activemq/test/JmsResourceProvider.java;hedwig-client-jms/src/test/java/org/apache/activemq/test/JmsSendReceiveTestSupport.java;hedwig-client-jms/src/test/java/org/apache/activemq/test/JmsTopicSendReceiveTest.java;hedwig-client-jms/src/test/java/org/apache/activemq/test/JmsTopicSendReceiveWithTwoConnectionsAndByteSelectorTest.java;hedwig-client-jms/src/test/java/org/apache/activemq/test/JmsTopicSendReceiveWithTwoConnectionsTest.java;hedwig-client-jms/src/test/java/org/apache/activemq/test/TestSupport.java;hedwig-client-jms/src/test/java/org/apache/activemq/test/rollback/DelegatingTransactionalMessageListener.java;hedwig-client-jms/src/test/java/org/apache/activemq/usecases/ChangeSentMessageTest.java;hedwig-client-jms/src/test/java/org/apache/activemq/usecases/ChangeSessionDeliveryModeTest.java;hedwig-client-jms/src/test/java/org/apache/activemq/usecases/CompositeConsumeTest.java;hedwig-client-jms/src/test/java/org/apache/activemq/usecases/CompositePublishTest.java;hedwig-client-jms/src/test/java/org/apache/activemq/usecases/ConcurrentProducerDurableConsumerTest.java;hedwig-client-jms/src/test/java/org/apache/activemq/usecases/DiscriminatingConsumerLoadTest.java;hedwig-client-jms/src/test/java/org/apache/activemq/usecases/DispatchMultipleConsumersTest.java;hedwig-client-jms/src/test/java/org/apache/activemq/usecases/DurableConsumerCloseAndReconnectTest.java;hedwig-client-jms/src/test/java/org/apache/activemq/usecases/DurableSubProcessTest.java;hedwig-client-jms/src/test/java/org/apache/activemq/usecases/DurableSubSelectorDelayTest.java;hedwig-client-jms/src/test/java/org/apache/activemq/usecases/DurableSubscriptionHangTestCase.java;hedwig-client-jms/src/test/java/org/apache/activemq/usecases/MyObject.java;hedwig-client-jms/src/test/java/org/apache/activemq/usecases/NonBlockingConsumerRedeliveryTest.java;hedwig-client-jms/src/test/java/org/apache/activemq/usecases/ObjectMessageNotSerializableTest.java;hedwig-client-jms/src/test/java/org/apache/activemq/usecases/ProducerConsumerTestSupport.java;hedwig-client-jms/src/test/java/org/apache/activemq/usecases/PublishOnDurableTopicConsumedMessageTest.java;hedwig-client-jms/src/test/java/org/apache/activemq/usecases/PublishOnTopicConsumedMessageTest.java;hedwig-client-jms/src/test/java/org/apache/activemq/usecases/SubscribeClosePublishThenConsumeTest.java;hedwig-client-jms/src/test/java/org/apache/activemq/usecases/TestSupport.java;hedwig-client-jms/src/test/java/org/apache/activemq/usecases/TopicRedeliverTest.java;hedwig-client-jms/src/test/java/org/apache/activemq/usecases/TransactionRollbackOrderTest.java;hedwig-client-jms/src/test/java/org/apache/activemq/usecases/TransactionTest.java;hedwig-client-jms/src/test/java/org/apache/activemq/util/ConsumerThread.java;hedwig-client-jms/src/test/java/org/apache/activemq/util/DefaultTestAppender.java;hedwig-client-jms/src/test/java/org/apache/activemq/util/IdGenerator.java;hedwig-client-jms/src/test/java/org/apache/activemq/util/MessageIdList.java;hedwig-client-jms/src/test/java/org/apache/activemq/util/ProducerThread.java;hedwig-client-jms/src/test/java/org/apache/activemq/util/SimplePojo.java;hedwig-client-jms/src/test/java/org/apache/activemq/util/Wait.java;hedwig-client-jms/src/test/java/org/apache/hedwig/JmsTestBase.java;hedwig-client-jms/src/test/java/org/apache/hedwig/jms/BasicJMSTest.java;hedwig-client-jms/src/test/java/org/apache/hedwig/jms/selector/BasicSelectorGrammarTest.java;hedwig-client-jms/src/test/java/org/apache/hedwig/jms/selector/activemq/SelectorParserTest.java;hedwig-client-jms/src/test/java/org/apache/hedwig/jms/selector/activemq/SelectorTest.java;hedwig-client/conf/hw_client.conf;hedwig-client/pom.xml;hedwig-client/src/main/cpp/Makefile.am;hedwig-client/src/main/cpp/README;hedwig-client/src/main/cpp/aminclude.am;hedwig-client/src/main/cpp/c-doc.Doxyfile;hedwig-client/src/main/cpp/configure.ac;hedwig-client/src/main/cpp/hedwig-0.1.pc.in;hedwig-client/src/main/cpp/inc/hedwig/callback.h;hedwig-client/src/main/cpp/inc/hedwig/client.h;hedwig-client/src/main/cpp/inc/hedwig/exceptions.h;hedwig-client/src/main/cpp/inc/hedwig/publish.h;hedwig-client/src/main/cpp/inc/hedwig/subscribe.h;hedwig-client/src/main/cpp/lib/Makefile.am;hedwig-client/src/main/cpp/lib/channel.cpp;hedwig-client/src/main/cpp/lib/channel.h;hedwig-client/src/main/cpp/lib/client.cpp;hedwig-client/src/main/cpp/lib/clientimpl.cpp;hedwig-client/src/main/cpp/lib/clientimpl.h;hedwig-client/src/main/cpp/lib/data.cpp;hedwig-client/src/main/cpp/lib/data.h;hedwig-client/src/main/cpp/lib/eventdispatcher.cpp;hedwig-client/src/main/cpp/lib/eventdispatcher.h;hedwig-client/src/main/cpp/lib/exceptions.cpp;hedwig-client/src/main/cpp/lib/filterablemessagehandler.cpp;hedwig-client/src/main/cpp/lib/filterablemessagehandler.h;hedwig-client/src/main/cpp/lib/multiplexsubscriberimpl.cpp;hedwig-client/src/main/cpp/lib/multiplexsubscriberimpl.h;hedwig-client/src/main/cpp/lib/publisherimpl.cpp;hedwig-client/src/main/cpp/lib/publisherimpl.h;hedwig-client/src/main/cpp/lib/simplesubscriberimpl.cpp;hedwig-client/src/main/cpp/lib/simplesubscriberimpl.h;hedwig-client/src/main/cpp/lib/subscriberimpl.cpp;hedwig-client/src/main/cpp/lib/subscriberimpl.h;hedwig-client/src/main/cpp/lib/util.cpp;hedwig-client/src/main/cpp/lib/util.h;hedwig-client/src/main/cpp/m4/ax_boost_asio.m4;hedwig-client/src/main/cpp/m4/ax_boost_base.m4;hedwig-client/src/main/cpp/m4/ax_boost_thread.m4;hedwig-client/src/main/cpp/m4/ax_doxygen.m4;hedwig-client/src/main/cpp/m4/gtest.m4;hedwig-client/src/main/cpp/scripts/log4cxx.conf;hedwig-client/src/main/cpp/scripts/network-delays.sh;hedwig-client/src/main/cpp/scripts/server-control.sh;hedwig-client/src/main/cpp/scripts/tester.sh;hedwig-client/src/main/cpp/test/Makefile.am;hedwig-client/src/main/cpp/test/main.cpp;hedwig-client/src/main/cpp/test/messageboundtest.cpp;hedwig-client/src/main/cpp/test/messagefiltertest.cpp;hedwig-client/src/main/cpp/test/multiplextest.cpp;hedwig-client/src/main/cpp/test/publishtest.cpp;hedwig-client/src/main/cpp/test/pubsubtest.cpp;hedwig-client/src/main/cpp/test/subscribetest.cpp;hedwig-client/src/main/cpp/test/test.sh;hedwig-client/src/main/cpp/test/throttledeliverytest.cpp;hedwig-client/src/main/cpp/test/util.h;hedwig-client/src/main/cpp/test/utiltest.cpp;hedwig-client/src/main/java/org/apache/hedwig/client/HedwigClient.java;hedwig-client/src/main/java/org/apache/hedwig/client/api/Client.java;hedwig-client/src/main/java/org/apache/hedwig/client/api/MessageHandler.java;hedwig-client/src/main/java/org/apache/hedwig/client/api/Publisher.java;hedwig-client/src/main/java/org/apache/hedwig/client/api/Subscriber.java;hedwig-client/src/main/java/org/apache/hedwig/client/benchmark/BenchmarkPublisher.java;hedwig-client/src/main/java/org/apache/hedwig/client/benchmark/BenchmarkSubscriber.java;hedwig-client/src/main/java/org/apache/hedwig/client/benchmark/BenchmarkUtils.java;hedwig-client/src/main/java/org/apache/hedwig/client/benchmark/BenchmarkWorker.java;hedwig-client/src/main/java/org/apache/hedwig/client/benchmark/HedwigBenchmark.java;hedwig-client/src/main/java/org/apache/hedwig/client/conf/ClientConfiguration.java;hedwig-client/src/main/java/org/apache/hedwig/client/data/MessageConsumeData.java;hedwig-client/src/main/java/org/apache/hedwig/client/data/PubSubData.java;hedwig-client/src/main/java/org/apache/hedwig/client/data/TopicSubscriber.java;hedwig-client/src/main/java/org/apache/hedwig/client/exceptions/AlreadyStartDeliveryException.java;hedwig-client/src/main/java/org/apache/hedwig/client/exceptions/InvalidSubscriberIdException.java;hedwig-client/src/main/java/org/apache/hedwig/client/exceptions/NoResponseHandlerException.java;hedwig-client/src/main/java/org/apache/hedwig/client/exceptions/ResubscribeException.java;hedwig-client/src/main/java/org/apache/hedwig/client/exceptions/ServerRedirectLoopException.java;hedwig-client/src/main/java/org/apache/hedwig/client/exceptions/TooManyServerRedirectsException.java;hedwig-client/src/main/java/org/apache/hedwig/client/handlers/AbstractResponseHandler.java;hedwig-client/src/main/java/org/apache/hedwig/client/handlers/CloseSubscriptionResponseHandler.java;hedwig-client/src/main/java/org/apache/hedwig/client/handlers/MessageConsumeCallback.java;hedwig-client/src/main/java/org/apache/hedwig/client/handlers/PubSubCallback.java;hedwig-client/src/main/java/org/apache/hedwig/client/handlers/PublishResponseHandler.java;hedwig-client/src/main/java/org/apache/hedwig/client/handlers/SubscribeResponseHandler.java;hedwig-client/src/main/java/org/apache/hedwig/client/handlers/UnsubscribeResponseHandler.java;hedwig-client/src/main/java/org/apache/hedwig/client/netty/CleanupChannelMap.java;hedwig-client/src/main/java/org/apache/hedwig/client/netty/FilterableMessageHandler.java;hedwig-client/src/main/java/org/apache/hedwig/client/netty/HChannel.java;hedwig-client/src/main/java/org/apache/hedwig/client/netty/HChannelManager.java;hedwig-client/src/main/java/org/apache/hedwig/client/netty/HedwigClientImpl.java;hedwig-client/src/main/java/org/apache/hedwig/client/netty/HedwigPublisher.java;hedwig-client/src/main/java/org/apache/hedwig/client/netty/HedwigSubscriber.java;hedwig-client/src/main/java/org/apache/hedwig/client/netty/NetUtils.java;hedwig-client/src/main/java/org/apache/hedwig/client/netty/SubscriptionEventEmitter.java;hedwig-client/src/main/java/org/apache/hedwig/client/netty/VoidCallbackAdapter.java;hedwig-client/src/main/java/org/apache/hedwig/client/netty/impl/AbstractHChannelManager.java;hedwig-client/src/main/java/org/apache/hedwig/client/netty/impl/AbstractSubscribeResponseHandler.java;hedwig-client/src/main/java/org/apache/hedwig/client/netty/impl/ActiveSubscriber.java;hedwig-client/src/main/java/org/apache/hedwig/client/netty/impl/ClientChannelPipelineFactory.java;hedwig-client/src/main/java/org/apache/hedwig/client/netty/impl/DefaultServerChannel.java;hedwig-client/src/main/java/org/apache/hedwig/client/netty/impl/HChannelHandler.java;hedwig-client/src/main/java/org/apache/hedwig/client/netty/impl/HChannelImpl.java;hedwig-client/src/main/java/org/apache/hedwig/client/netty/impl/NonSubscriptionChannelPipelineFactory.java;hedwig-client/src/main/java/org/apache/hedwig/client/netty/impl/ResubscribeCallback.java;hedwig-client/src/main/java/org/apache/hedwig/client/netty/impl/WriteCallback.java;hedwig-client/src/main/java/org/apache/hedwig/client/netty/impl/multiplex/MultiplexHChannelManager.java;hedwig-client/src/main/java/org/apache/hedwig/client/netty/impl/multiplex/MultiplexSubscribeResponseHandler.java;hedwig-client/src/main/java/org/apache/hedwig/client/netty/impl/multiplex/MultiplexSubscriptionChannelPipelineFactory.java;hedwig-client/src/main/java/org/apache/hedwig/client/netty/impl/simple/SimpleHChannelManager.java;hedwig-client/src/main/java/org/apache/hedwig/client/netty/impl/simple/SimpleSubscribeResponseHandler.java;hedwig-client/src/main/java/org/apache/hedwig/client/netty/impl/simple/SimpleSubscriptionChannelPipelineFactory.java;hedwig-client/src/main/java/org/apache/hedwig/client/netty/package-info.java;hedwig-client/src/main/java/org/apache/hedwig/client/ssl/SslClientContextFactory.java;hedwig-client/src/main/java/org/apache/hedwig/client/ssl/SslContextFactory.java;hedwig-client/src/main/java/org/apache/hedwig/conf/AbstractConfiguration.java;hedwig-client/src/main/java/org/apache/hedwig/filter/ClientMessageFilter.java;hedwig-client/src/main/java/org/apache/hedwig/filter/MessageFilterBase.java;hedwig-client/src/main/java/org/apache/hedwig/filter/PipelineFilter.java;hedwig-client/src/main/java/org/apache/hedwig/filter/ServerMessageFilter.java;hedwig-client/src/main/java/org/apache/hedwig/util/Callback.java;hedwig-client/src/main/java/org/apache/hedwig/util/CallbackUtils.java;hedwig-client/src/main/java/org/apache/hedwig/util/ConcurrencyUtils.java;hedwig-client/src/main/java/org/apache/hedwig/util/Either.java;hedwig-client/src/main/java/org/apache/hedwig/util/FileUtils.java;hedwig-client/src/main/java/org/apache/hedwig/util/HedwigSocketAddress.java;hedwig-client/src/main/java/org/apache/hedwig/util/Option.java;hedwig-client/src/main/java/org/apache/hedwig/util/Pair.java;hedwig-client/src/main/java/org/apache/hedwig/util/PathUtils.java;hedwig-client/src/main/java/org/apache/hedwig/util/SubscriptionListener.java;hedwig-client/src/main/java/org/apache/hedwig/util/VarArgs.java;hedwig-client/src/test/java/org/apache/hedwig/util/TestFileUtils.java;hedwig-client/src/test/java/org/apache/hedwig/util/TestHedwigSocketAddress.java;hedwig-client/src/test/java/org/apache/hedwig/util/TestPathUtils.java;hedwig-protocol/pom.xml;hedwig-protocol/src/main/java/org/apache/hedwig/exceptions/PubSubException.java;hedwig-protocol/src/main/java/org/apache/hedwig/protocol/PubSubProtocol.java;hedwig-protocol/src/main/java/org/apache/hedwig/protoextensions/MapUtils.java;hedwig-protocol/src/main/java/org/apache/hedwig/protoextensions/MessageIdUtils.java;hedwig-protocol/src/main/java/org/apache/hedwig/protoextensions/PubSubResponseUtils.java;hedwig-protocol/src/main/java/org/apache/hedwig/protoextensions/SubscriptionStateUtils.java;hedwig-protocol/src/main/protobuf/PubSubProtocol.proto;hedwig-protocol/src/main/resources/findbugsExclude.xml;hedwig-server/bin/hedwig;hedwig-server/bin/hedwig-daemon.sh;hedwig-server/conf/hw_region_client.conf;hedwig-server/conf/hw_server.conf;hedwig-server/conf/hwenv.sh;hedwig-server/conf/log4j.properties;hedwig-server/pom.xml;hedwig-server/src/main/java/org/apache/hedwig/admin/HedwigAdmin.java;hedwig-server/src/main/java/org/apache/hedwig/admin/console/HedwigCommands.java;hedwig-server/src/main/java/org/apache/hedwig/admin/console/HedwigConsole.java;hedwig-server/src/main/java/org/apache/hedwig/admin/console/JLineHedwigCompletor.java;hedwig-server/src/main/java/org/apache/hedwig/admin/console/ReadTopic.java;hedwig-server/src/main/java/org/apache/hedwig/data/MessageFormatter.java;hedwig-server/src/main/java/org/apache/hedwig/server/benchmark/AbstractBenchmark.java;hedwig-server/src/main/java/org/apache/hedwig/server/benchmark/BookieBenchmark.java;hedwig-server/src/main/java/org/apache/hedwig/server/benchmark/BookkeeperBenchmark.java;hedwig-server/src/main/java/org/apache/hedwig/server/benchmark/FakeBookie.java;hedwig-server/src/main/java/org/apache/hedwig/server/common/ByteStringInterner.java;hedwig-server/src/main/java/org/apache/hedwig/server/common/ServerConfiguration.java;hedwig-server/src/main/java/org/apache/hedwig/server/common/TerminateJVMExceptionHandler.java;hedwig-server/src/main/java/org/apache/hedwig/server/common/TopicOpQueuer.java;hedwig-server/src/main/java/org/apache/hedwig/server/common/UnexpectedError.java;hedwig-server/src/main/java/org/apache/hedwig/server/delivery/ChannelEndPoint.java;hedwig-server/src/main/java/org/apache/hedwig/server/delivery/DeliveryCallback.java;hedwig-server/src/main/java/org/apache/hedwig/server/delivery/DeliveryEndPoint.java;hedwig-server/src/main/java/org/apache/hedwig/server/delivery/DeliveryManager.java;hedwig-server/src/main/java/org/apache/hedwig/server/delivery/FIFODeliveryManager.java;hedwig-server/src/main/java/org/apache/hedwig/server/handlers/BaseHandler.java;hedwig-server/src/main/java/org/apache/hedwig/server/handlers/ChannelDisconnectListener.java;hedwig-server/src/main/java/org/apache/hedwig/server/handlers/CloseSubscriptionHandler.java;hedwig-server/src/main/java/org/apache/hedwig/server/handlers/ConsumeHandler.java;hedwig-server/src/main/java/org/apache/hedwig/server/handlers/Handler.java;hedwig-server/src/main/java/org/apache/hedwig/server/handlers/NettyHandlerBean.java;hedwig-server/src/main/java/org/apache/hedwig/server/handlers/NettyHandlerMXBean.java;hedwig-server/src/main/java/org/apache/hedwig/server/handlers/PublishHandler.java;hedwig-server/src/main/java/org/apache/hedwig/server/handlers/SubscribeHandler.java;hedwig-server/src/main/java/org/apache/hedwig/server/handlers/SubscriptionChannelManager.java;hedwig-server/src/main/java/org/apache/hedwig/server/handlers/UnsubscribeHandler.java;hedwig-server/src/main/java/org/apache/hedwig/server/jmx/HedwigJMXService.java;hedwig-server/src/main/java/org/apache/hedwig/server/jmx/HedwigMBeanInfo.java;hedwig-server/src/main/java/org/apache/hedwig/server/jmx/HedwigMBeanRegistry.java;hedwig-server/src/main/java/org/apache/hedwig/server/meta/FactoryLayout.java;hedwig-server/src/main/java/org/apache/hedwig/server/meta/MetadataManagerFactory.java;hedwig-server/src/main/java/org/apache/hedwig/server/meta/MsMetadataManagerFactory.java;hedwig-server/src/main/java/org/apache/hedwig/server/meta/SubscriptionDataManager.java;hedwig-server/src/main/java/org/apache/hedwig/server/meta/TopicOwnershipManager.java;hedwig-server/src/main/java/org/apache/hedwig/server/meta/TopicPersistenceManager.java;hedwig-server/src/main/java/org/apache/hedwig/server/meta/ZkMetadataManagerFactory.java;hedwig-server/src/main/java/org/apache/hedwig/server/netty/PubSubServer.java;hedwig-server/src/main/java/org/apache/hedwig/server/netty/PubSubServerBean.java;hedwig-server/src/main/java/org/apache/hedwig/server/netty/PubSubServerMXBean.java;hedwig-server/src/main/java/org/apache/hedwig/server/netty/PubSubServerPipelineFactory.java;hedwig-server/src/main/java/org/apache/hedwig/server/netty/ServerStats.java;hedwig-server/src/main/java/org/apache/hedwig/server/netty/UmbrellaHandler.java;hedwig-server/src/main/java/org/apache/hedwig/server/persistence/BookkeeperPersistenceManager.java;hedwig-server/src/main/java/org/apache/hedwig/server/persistence/CacheKey.java;hedwig-server/src/main/java/org/apache/hedwig/server/persistence/CacheValue.java;hedwig-server/src/main/java/org/apache/hedwig/server/persistence/CancelScanRequest.java;hedwig-server/src/main/java/org/apache/hedwig/server/persistence/Factory.java;hedwig-server/src/main/java/org/apache/hedwig/server/persistence/LocalDBPersistenceManager.java;hedwig-server/src/main/java/org/apache/hedwig/server/persistence/MapMethods.java;hedwig-server/src/main/java/org/apache/hedwig/server/persistence/PersistRequest.java;hedwig-server/src/main/java/org/apache/hedwig/server/persistence/PersistenceManager.java;hedwig-server/src/main/java/org/apache/hedwig/server/persistence/PersistenceManagerWithRangeScan.java;hedwig-server/src/main/java/org/apache/hedwig/server/persistence/RangeScanRequest.java;hedwig-server/src/main/java/org/apache/hedwig/server/persistence/ReadAheadCache.java;hedwig-server/src/main/java/org/apache/hedwig/server/persistence/ReadAheadCacheBean.java;hedwig-server/src/main/java/org/apache/hedwig/server/persistence/ReadAheadCacheMXBean.java;hedwig-server/src/main/java/org/apache/hedwig/server/persistence/ScanCallback.java;hedwig-server/src/main/java/org/apache/hedwig/server/persistence/ScanCallbackWithContext.java;hedwig-server/src/main/java/org/apache/hedwig/server/persistence/ScanRequest.java;hedwig-server/src/main/java/org/apache/hedwig/server/proxy/ChannelTracker.java;hedwig-server/src/main/java/org/apache/hedwig/server/proxy/HedwigProxy.java;hedwig-server/src/main/java/org/apache/hedwig/server/proxy/ProxyCloseSubscriptionHandler.java;hedwig-server/src/main/java/org/apache/hedwig/server/proxy/ProxyConfiguration.java;hedwig-server/src/main/java/org/apache/hedwig/server/proxy/ProxyConsumeHandler.java;hedwig-server/src/main/java/org/apache/hedwig/server/proxy/ProxyPublishHander.java;hedwig-server/src/main/java/org/apache/hedwig/server/proxy/ProxyStartDeliveryHandler.java;hedwig-server/src/main/java/org/apache/hedwig/server/proxy/ProxyStopDeliveryHandler.java;hedwig-server/src/main/java/org/apache/hedwig/server/proxy/ProxySubscribeHandler.java;hedwig-server/src/main/java/org/apache/hedwig/server/proxy/ProxyUnsubscribeHandler.java;hedwig-server/src/main/java/org/apache/hedwig/server/regions/HedwigHubClient.java;hedwig-server/src/main/java/org/apache/hedwig/server/regions/HedwigHubClientFactory.java;hedwig-server/src/main/java/org/apache/hedwig/server/regions/HedwigHubSubscriber.java;hedwig-server/src/main/java/org/apache/hedwig/server/regions/RegionManager.java;hedwig-server/src/main/java/org/apache/hedwig/server/ssl/SslServerContextFactory.java;hedwig-server/src/main/java/org/apache/hedwig/server/subscriptions/AbstractSubscriptionManager.java;hedwig-server/src/main/java/org/apache/hedwig/server/subscriptions/AllToAllTopologyFilter.java;hedwig-server/src/main/java/org/apache/hedwig/server/subscriptions/InMemorySubscriptionManager.java;hedwig-server/src/main/java/org/apache/hedwig/server/subscriptions/InMemorySubscriptionState.java;hedwig-server/src/main/java/org/apache/hedwig/server/subscriptions/MMSubscriptionManager.java;hedwig-server/src/main/java/org/apache/hedwig/server/subscriptions/SubscriptionEventListener.java;hedwig-server/src/main/java/org/apache/hedwig/server/subscriptions/SubscriptionManager.java;hedwig-server/src/main/java/org/apache/hedwig/server/topics/AbstractTopicManager.java;hedwig-server/src/main/java/org/apache/hedwig/server/topics/HubInfo.java;hedwig-server/src/main/java/org/apache/hedwig/server/topics/HubLoad.java;hedwig-server/src/main/java/org/apache/hedwig/server/topics/HubServerManager.java;hedwig-server/src/main/java/org/apache/hedwig/server/topics/MMTopicManager.java;hedwig-server/src/main/java/org/apache/hedwig/server/topics/TopicBasedLoadShedder.java;hedwig-server/src/main/java/org/apache/hedwig/server/topics/TopicManager.java;hedwig-server/src/main/java/org/apache/hedwig/server/topics/TopicOwnershipChangeListener.java;hedwig-server/src/main/java/org/apache/hedwig/server/topics/TrivialOwnAllTopicManager.java;hedwig-server/src/main/java/org/apache/hedwig/server/topics/ZkHubServerManager.java;hedwig-server/src/main/java/org/apache/hedwig/server/topics/ZkTopicManager.java;hedwig-server/src/main/java/org/apache/hedwig/zookeeper/SafeAsynBKCallback.java;hedwig-server/src/main/java/org/apache/hedwig/zookeeper/SafeAsyncCallback.java;hedwig-server/src/main/java/org/apache/hedwig/zookeeper/SafeAsyncZKCallback.java;hedwig-server/src/main/java/org/apache/hedwig/zookeeper/ZkUtils.java;hedwig-server/src/main/resources/LICENSE.bin.txt;hedwig-server/src/main/resources/NOTICE.bin.txt;hedwig-server/src/main/resources/findbugsExclude.xml;hedwig-server/src/main/resources/p12.pass;hedwig-server/src/main/resources/server.p12;hedwig-server/src/test/java/org/apache/hedwig/HelperMethods.java;hedwig-server/src/test/java/org/apache/hedwig/StubCallback.java;hedwig-server/src/test/java/org/apache/hedwig/StubScanCallback.java;hedwig-server/src/test/java/org/apache/hedwig/client/TestPubSubClient.java;hedwig-server/src/test/java/org/apache/hedwig/client/TestSubAfterCloseSub.java;hedwig-server/src/test/java/org/apache/hedwig/client/netty/TestMultiplexing.java;hedwig-server/src/test/java/org/apache/hedwig/server/HedwigHubTestBase.java;hedwig-server/src/test/java/org/apache/hedwig/server/HedwigRegionTestBase.java;hedwig-server/src/test/java/org/apache/hedwig/server/LoggingExceptionHandler.java;hedwig-server/src/test/java/org/apache/hedwig/server/PubSubServerStandAloneTestBase.java;hedwig-server/src/test/java/org/apache/hedwig/server/TestBackwardCompat.java;hedwig-server/src/test/java/org/apache/hedwig/server/TestPubSubServerStartup.java;hedwig-server/src/test/java/org/apache/hedwig/server/delivery/StubDeliveryManager.java;hedwig-server/src/test/java/org/apache/hedwig/server/delivery/TestFIFODeliveryManager.java;hedwig-server/src/test/java/org/apache/hedwig/server/delivery/TestThrottlingDelivery.java;hedwig-server/src/test/java/org/apache/hedwig/server/filter/TestMessageFilter.java;hedwig-server/src/test/java/org/apache/hedwig/server/handlers/TestBaseHandler.java;hedwig-server/src/test/java/org/apache/hedwig/server/handlers/TestSubUnsubHandler.java;hedwig-server/src/test/java/org/apache/hedwig/server/integration/TestHedwigHub.java;hedwig-server/src/test/java/org/apache/hedwig/server/integration/TestHedwigHubProxy.java;hedwig-server/src/test/java/org/apache/hedwig/server/integration/TestHedwigHubRegular.java;hedwig-server/src/test/java/org/apache/hedwig/server/integration/TestHedwigHubSSL.java;hedwig-server/src/test/java/org/apache/hedwig/server/integration/TestHedwigRegion.java;hedwig-server/src/test/java/org/apache/hedwig/server/meta/MetadataManagerFactoryTestCase.java;hedwig-server/src/test/java/org/apache/hedwig/server/meta/TestFactoryLayout.java;hedwig-server/src/test/java/org/apache/hedwig/server/meta/TestMetadataManager.java;hedwig-server/src/test/java/org/apache/hedwig/server/meta/TestMetadataManagerFactory.java;hedwig-server/src/test/java/org/apache/hedwig/server/netty/TestPubSubServer.java;hedwig-server/src/test/java/org/apache/hedwig/server/netty/TestServerStats.java;hedwig-server/src/test/java/org/apache/hedwig/server/netty/WriteRecordingChannel.java;hedwig-server/src/test/java/org/apache/hedwig/server/persistence/BookKeeperTestBase.java;hedwig-server/src/test/java/org/apache/hedwig/server/persistence/MessageBoundedPersistenceTest.java;hedwig-server/src/test/java/org/apache/hedwig/server/persistence/StubPersistenceManager.java;hedwig-server/src/test/java/org/apache/hedwig/server/persistence/StubScanCallback.java;hedwig-server/src/test/java/org/apache/hedwig/server/persistence/TestBookKeeperPersistenceManager.java;hedwig-server/src/test/java/org/apache/hedwig/server/persistence/TestBookKeeperPersistenceManagerBlackBox.java;hedwig-server/src/test/java/org/apache/hedwig/server/persistence/TestBookkeeperPersistenceManagerWhiteBox.java;hedwig-server/src/test/java/org/apache/hedwig/server/persistence/TestDeadlock.java;hedwig-server/src/test/java/org/apache/hedwig/server/persistence/TestLocalDBPersistenceManagerBlackBox.java;hedwig-server/src/test/java/org/apache/hedwig/server/persistence/TestPersistenceManagerBlackBox.java;hedwig-server/src/test/java/org/apache/hedwig/server/persistence/TestReadAheadCacheBlackBox.java;hedwig-server/src/test/java/org/apache/hedwig/server/persistence/TestReadAheadCacheWhiteBox.java;hedwig-server/src/test/java/org/apache/hedwig/server/subscriptions/StubSubscriptionManager.java;hedwig-server/src/test/java/org/apache/hedwig/server/subscriptions/TestMMSubscriptionManager.java;hedwig-server/src/test/java/org/apache/hedwig/server/subscriptions/TestUpdateSubscriptionState.java;hedwig-server/src/test/java/org/apache/hedwig/server/topics/StubTopicManager.java;hedwig-server/src/test/java/org/apache/hedwig/server/topics/TestConcurrentTopicAcquisition.java;hedwig-server/src/test/java/org/apache/hedwig/server/topics/TestHubInfo.java;hedwig-server/src/test/java/org/apache/hedwig/server/topics/TestHubLoad.java;hedwig-server/src/test/java/org/apache/hedwig/server/topics/TestMMTopicManager.java;hedwig-server/src/test/java/org/apache/hedwig/server/topics/TestTopicBasedLoadShedder.java;hedwig-server/src/test/java/org/apache/hedwig/server/topics/TestZkTopicManager.java;hedwig-server/src/test/java/org/apache/hedwig/zookeeper/TestZkUtils.java;hedwig-server/src/test/java/org/apache/hedwig/zookeeper/ZooKeeperTestBase.java;hedwig-server/src/test/resources/log4j.properties;pom.xml
BOOKKEEPER-594,1a98088e38ca0a43c26d9a4847619b0a27bb90e8,Matteo Merli,2016-03-15 20:51:00 -0700,BOOKKEEPER-594: AutoRecovery shutting down on SyncDisconnected,bookkeeper-server/src/main/java/org/apache/bookkeeper/replication/AutoRecoveryMain.java;bookkeeper-server/src/main/java/org/apache/bookkeeper/replication/ReplicationWorker.java
BOOKKEEPER-909,e32c38890ffbd0291e24e2b3f2625374b27f1f67,Arun M. Krishnakumar,2016-03-31 13:51:45 -0700,BOOKKEEPER-909: ZooKeeper of LocalBookkeeper should use the correct tickTime,bookkeeper-server/src/main/java/org/apache/bookkeeper/util/LocalBookKeeper.java
BOOKKEEPER-578,d607b366ba493617408888a768a99ee3f3ffb976,Matteo Merli,2016-04-04 23:50:37 -0700,BOOKKEEPER-578: LedgerCacheImpl is reserving 1/3 of Heap size but allocates NonHeap memory,bookkeeper-server/src/main/java/org/apache/bookkeeper/bookie/IndexInMemPageMgr.java;bookkeeper-server/src/main/java/org/apache/bookkeeper/util/DirectMemoryUtils.java
BOOKKEEPER-910,19a5efe21ca0b33156a405f1084ddaa9ba4b28f5,Arun M. Krishnakumar,2016-04-05 12:52:16 -0700,"BOOKKEEPER-910: In LocalBookkeeper, Zookeeper server and client use different host addresses",bookkeeper-server/src/main/java/org/apache/bookkeeper/util/LocalBookKeeper.java;bookkeeper-server/src/test/java/org/apache/bookkeeper/test/ZooKeeperUtil.java
BOOKKEEPER-904,3fe7e7dad1a1a5a1ac958ef245f244d36523c0ea,eolivelli,2016-04-06 09:38:15 -0700,BOOKKEEPER-904: BookieInitializationTest.testDuplicateBookieServerStartup fails on non-english machines,bookkeeper-server/src/test/java/org/apache/bookkeeper/bookie/BookieInitializationTest.java
BOOKKEEPER-914,3efde26e0510be38237c73a7bfeeb105f25d8dbe,Andrey Yegorov,2016-04-07 12:39:46 -0700,BOOKKEEPER-914: ReadOnlyBookieTest.testBookieShouldTurnWritableFromReadOnly is intermettently failing,bookkeeper-server/src/test/java/org/apache/bookkeeper/test/ReadOnlyBookieTest.java
BOOKKEEPER-913,f2bc62b85e9bb855416fa4ea424cfd19ae9944e5,Matteo Merli,2016-04-09 20:19:58 -0700,BOOKKEEPER-913: Fix flakiness in TestBackwardCompat,bookkeeper-server/src/test/java/org/apache/bookkeeper/test/TestBackwardCompat.java
BOOKKEEPER-917,b42d8db2b03079ce65d603d808442297ad759433,Matteo Merli,2016-04-09 20:58:40 -0700,BOOKKEEPER-917: LocalBookKeeperTest seems to be silently failing,bookkeeper-server/src/main/java/org/apache/bookkeeper/proto/AuthHandler.java
BOOKKEEPER-911,91595fc04ac6168b5a652e803e55caadae757f74,Matteo Merli,2016-04-27 00:00:34 -0700,BOOKKEEPER-911: Fix TestReplicationWorker tests in master,bookkeeper-server/src/main/java/org/apache/bookkeeper/replication/ReplicationWorker.java;bookkeeper-server/src/test/java/org/apache/bookkeeper/replication/TestReplicationWorker.java
BOOKKEEPER-921,696a1515bcd4ef41ef27944dad64ac3e1c9d4991,Arun M. Krishnakumar,2016-04-27 01:05:23 -0700,BOOKKEEPER-921: Typo in LocalBookkeeper: Use InetAddress.getHostAddress instead of InetAddress,bookkeeper-server/src/main/java/org/apache/bookkeeper/util/LocalBookKeeper.java
BOOKKEEPER-925,101de10a817d2a0704ce746eaed90cc0d73ca078,Matteo Merli,2016-04-27 12:11:27 -0700,BOOKKEEPER-925: Fix FindBugs discovered issues in master,bookkeeper-server/src/main/java/org/apache/bookkeeper/bookie/BookieShell.java;bookkeeper-server/src/main/java/org/apache/bookkeeper/bookie/ScanAndCompareGarbageCollector.java;bookkeeper-server/src/main/java/org/apache/bookkeeper/client/BookieWatcher.java;bookkeeper-server/src/main/java/org/apache/bookkeeper/meta/ZkLedgerUnderreplicationManager.java;bookkeeper-server/src/main/java/org/apache/bookkeeper/proto/AuthHandler.java
BOOKKEEPER-925,f8e0331f14a933ad2ed3d933c5eea927020b4967,Matteo Merli,2016-04-28 20:05:37 -0700,BOOKKEEPER-925: Fix FindBugs discovered issues in master,bookkeeper-server/src/main/java/org/apache/bookkeeper/bookie/ScanAndCompareGarbageCollector.java
BOOKKEEPER-926,d32010f5fcc6a040a56dc8b983cc14d107cff2df,Matteo Merli,2016-05-04 06:55:46 -0700,BOOKKEEPER-926: Compacted entries are not properly synced before updating index,bookkeeper-server/src/main/java/org/apache/bookkeeper/bookie/GarbageCollectorThread.java;bookkeeper-server/src/test/java/org/apache/bookkeeper/bookie/CompactionTest.java
BOOKKEEPER-908,e5f3afa5ef84dbc466562664f1f8b0cd60779c02,JV,2016-07-11 13:53:23 -0700,BOOKKEEPER-908: BKLedgerExistException creation is missing,bookkeeper-server/src/main/java/org/apache/bookkeeper/client/BKException.java
BOOKKEEPER-939,2506c98f8cc474d538df84ca30d229fbe0470e29,Sijie Guo,2016-07-11 15:19:33 -0700,BOOKKEEPER-939: Fix typo of bookkeeper merge pr script,dev/bk-merge-pr.py
BOOKKEEPER-940,2f71beb5e4b06691d4fd6c2601b78632236b3533,eolivelli,2016-07-14 14:02:33 -0700,BOOKKEEPER-940: Fix findbugs warnings after bumping to java 8,bookkeeper-benchmark/src/main/java/org/apache/bookkeeper/benchmark/BenchBookie.java;bookkeeper-benchmark/src/main/java/org/apache/bookkeeper/benchmark/BenchReadThroughputLatency.java;bookkeeper-benchmark/src/main/java/org/apache/bookkeeper/benchmark/BenchThroughputLatency.java;bookkeeper-benchmark/src/main/java/org/apache/bookkeeper/benchmark/TestClient.java;bookkeeper-server/src/main/java/org/apache/bookkeeper/bookie/Bookie.java;bookkeeper-server/src/main/java/org/apache/bookkeeper/bookie/EntryLogger.java;bookkeeper-server/src/main/java/org/apache/bookkeeper/bookie/FileSystemUpgrade.java;bookkeeper-server/src/main/java/org/apache/bookkeeper/bookie/GarbageCollectorThread.java;bookkeeper-server/src/main/java/org/apache/bookkeeper/bookie/IndexPersistenceMgr.java;bookkeeper-server/src/main/java/org/apache/bookkeeper/bookie/Journal.java;bookkeeper-server/src/main/java/org/apache/bookkeeper/client/BookKeeperAdmin.java;bookkeeper-server/src/main/java/org/apache/bookkeeper/client/LedgerMetadata.java;bookkeeper-server/src/main/java/org/apache/bookkeeper/meta/LedgerLayout.java;bookkeeper-server/src/main/java/org/apache/bookkeeper/meta/ZkLedgerUnderreplicationManager.java;bookkeeper-server/src/main/java/org/apache/bookkeeper/metastore/MetastoreTable.java;bookkeeper-server/src/main/java/org/apache/bookkeeper/metastore/Value.java;bookkeeper-server/src/main/java/org/apache/bookkeeper/replication/AuditorElector.java
BOOKKEEPER-927,1f7e47005588eedd879d0b9d163b4f125c6a0d59,JV,2016-07-25 15:22:34 -0700,BOOKKEEPER-927: LedgerHandleAdv to handle disabled ledgers operation …,bookkeeper-server/src/main/java/org/apache/bookkeeper/client/LedgerHandleAdv.java
BOOKKEEPER-933,8324632b2983beba1528ab53a999340756c7f563,eolivelli,2016-07-30 22:53:28 -0700,BOOKKEEPER-933: ClientConfiguration always inherits System properties,bookkeeper-server/src/main/java/org/apache/bookkeeper/conf/AbstractConfiguration.java;bookkeeper-server/src/test/java/org/apache/bookkeeper/conf/NoSystemPropertiesConfigurationTest.java;bookkeeper-server/src/test/java/org/apache/bookkeeper/conf/SystemPropertiesConfigurationTest.java;bookkeeper-server/src/test/java/org/apache/bookkeeper/test/ConfigurationTest.java
BOOKKEEPER-938,64f596f4563436b3e4cfe0f57714fc3012778b4c,Andrey Yegorov,2016-07-31 23:04:09 -0700,BOOKKEEPER-938 ledger digestType autodetection on open,bookkeeper-server/src/main/java/org/apache/bookkeeper/client/LedgerOpenOp.java;bookkeeper-server/src/main/java/org/apache/bookkeeper/conf/ClientConfiguration.java;bookkeeper-server/src/test/java/org/apache/bookkeeper/client/BookieWriteLedgersWithDifferentDigestsTest.java
BOOKKEEPER-924,bf4a4d6a07f9d615752054c6743035cebd86716e,eolivelli,2016-10-13 00:27:18 -0700,BOOKKEEPER-924: addEntry() is susceptible to spurious wakeups,bookkeeper-server/src/main/java/org/apache/bookkeeper/client/BookKeeper.java;bookkeeper-server/src/main/java/org/apache/bookkeeper/client/BookKeeperAdmin.java;bookkeeper-server/src/main/java/org/apache/bookkeeper/client/LedgerHandle.java;bookkeeper-server/src/main/java/org/apache/bookkeeper/client/LedgerHandleAdv.java;bookkeeper-server/src/main/java/org/apache/bookkeeper/client/SynchCallbackUtils.java
BOOKKEEPER-952,4383b0b171d5fdfcdfa55c196998bbc6b7fdc260,Yiming Zang,2016-10-20 10:38:33 -0700,BOOKKEEPER-952: Fix RegionAwareEnsemblePlacementPolicy,bookkeeper-server/src/main/java/org/apache/bookkeeper/client/RegionAwareEnsemblePlacementPolicy.java
BOOKKEEPER-903,309cbba65c8532ef84c70efe181b3162e3078333,Charan Reddy Guttapalem,2016-11-08 18:05:57 -0800,BOOKKEEPER-903: metaformat command fix,bookkeeper-server/src/main/java/org/apache/bookkeeper/client/BookKeeperAdmin.java
BOOKKEEPER-956,cc3d2701687ce1a4ff14502e2214a381b43aed5f,Charan Reddy Guttapalem,2016-11-08 18:08:44 -0800,BOOKKEEPER-956: Fix for HierarchicalLedgerRangeIterator,bookkeeper-server/src/main/java/org/apache/bookkeeper/meta/HierarchicalLedgerManager.java
BOOKKEEPER-957,8f0bed9f8401001abd683c420757610996cf96d8,Charan Reddy Guttapalem,2016-11-08 23:44:54 -0800,BOOKKEEPER-957: LedgerHandleAdv fixes,bookkeeper-server/src/main/java/org/apache/bookkeeper/client/LedgerHandleAdv.java
BOOKKEEPER-958,026ef10e1e9706ead4f1bc6763ded2e28c91480d,Charan Reddy Guttapalem,2016-11-08 23:49:20 -0800,BOOKKEEPER-958: Fix for ZeroBuffer Bug,bookkeeper-server/src/main/java/org/apache/bookkeeper/util/ZeroBuffer.java
BOOKKEEPER-955,4cf097871d28b70a53f8c6bffaf1c2022e9953b2,Charan Reddy Guttapalem,2016-11-29 15:07:42 -0800,BOOKKEEPER-955: in listLedgers method currentRange variable has to be…,bookkeeper-server/src/main/java/org/apache/bookkeeper/client/BookKeeperAdmin.java
BOOKKEEPER-984,6d2737ca22533aed461ed71e94d2472a6664df3c,Sijie Guo,2016-12-16 17:39:40 -0800,BOOKKEEPER-984: Fix BookieClientTest.testWriteGaps,bookkeeper-server/src/test/java/org/apache/bookkeeper/test/BookieClientTest.java
BOOKKEEPER-987,d2e82d4942be079cbfdb179e9a3fe3e574beff8d,eolivelli,2016-12-16 17:40:25 -0800,BOOKKEEPER-987: BookKeeper build is broken due to the shade plugin,bookkeeper-server/pom.xml
BOOKKEEPER-988,54863473365572f955a8e7a3e022614f5f5e4604,Sijie Guo,2016-12-20 13:43:08 -0800,BOOKKEEPER-988: Add missing license header,bookkeeper-server/src/test/java/org/apache/bookkeeper/client/TestRackawareEnsemblePlacementPolicyUsingScript.java;bookkeeper-server/src/test/resources/networkmappingscript.sh
BOOKKEEPER-986,6e738d0c02ebe6710a24aad505e2fd9386bb8821,Charan Reddy Guttapalem,2016-12-20 16:48:48 -0800,BOOKKEEPER-986: Handle memtable flush failure,bookkeeper-server/src/main/java/org/apache/bookkeeper/bookie/EntryMemTable.java;bookkeeper-server/src/main/java/org/apache/bookkeeper/bookie/SortedLedgerStorage.java;bookkeeper-server/src/test/java/org/apache/bookkeeper/bookie/LedgerCacheTest.java
BOOKKEEPER-907,ca7e5fd80662745e7f64ee8f70c66dc9734f6e3a,Charan Reddy Guttapalem,2017-01-30 12:31:01 -0800,BOOKKEEPER-907: EntryFormatter should be configured,bookkeeper-server/src/main/java/org/apache/bookkeeper/bookie/BookieShell.java;bookkeeper-server/src/main/java/org/apache/bookkeeper/util/HexDumpEntryFormatter.java
BOOKKEEPER-959,13d668f2208bf472e4938cfdfd2de912eaa11275,eolivelli,2017-01-30 17:14:22 -0800,BOOKKEEPER-959: ClientAuthProvider and BookieAuthProvider Public API used Protobuf Shaded classes,bookkeeper-server/pom.xml;bookkeeper-server/src/main/java/org/apache/bookkeeper/auth/AuthCallbacks.java;bookkeeper-server/src/main/java/org/apache/bookkeeper/auth/AuthProviderFactoryFactory.java;bookkeeper-server/src/main/java/org/apache/bookkeeper/auth/AuthToken.java;bookkeeper-server/src/main/java/org/apache/bookkeeper/auth/BookKeeperPrincipal.java;bookkeeper-server/src/main/java/org/apache/bookkeeper/auth/BookieAuthProvider.java;bookkeeper-server/src/main/java/org/apache/bookkeeper/auth/ClientAuthProvider.java;bookkeeper-server/src/main/java/org/apache/bookkeeper/bookie/BookieConnectionPeer.java;bookkeeper-server/src/main/java/org/apache/bookkeeper/client/ClientConnectionPeer.java;bookkeeper-server/src/main/java/org/apache/bookkeeper/conf/AbstractConfiguration.java;bookkeeper-server/src/main/java/org/apache/bookkeeper/conf/ClientConfiguration.java;bookkeeper-server/src/main/java/org/apache/bookkeeper/proto/AuthHandler.java;bookkeeper-server/src/main/java/org/apache/bookkeeper/proto/BookieClient.java;bookkeeper-server/src/main/java/org/apache/bookkeeper/proto/BookieNettyServer.java;bookkeeper-server/src/main/java/org/apache/bookkeeper/proto/BookieRequestProcessor.java;bookkeeper-server/src/main/java/org/apache/bookkeeper/proto/BookkeeperProtocol.java;bookkeeper-server/src/main/java/org/apache/bookkeeper/proto/ConnectionPeer.java;bookkeeper-server/src/main/java/org/apache/bookkeeper/proto/PerChannelBookieClient.java;bookkeeper-server/src/main/java/org/apache/bookkeeper/replication/Auditor.java;bookkeeper-server/src/main/proto/BookkeeperProtocol.proto;bookkeeper-server/src/main/resources/findbugsExclude.xml;bookkeeper-server/src/test/java/org/apache/bookkeeper/auth/TestAuth.java;bookkeeper-server/src/test/java/org/apache/bookkeeper/proto/TestBackwardCompatCMS42.java;bookkeeper-server/src/test/java/org/apache/bookkeeper/proto/TestDataFormats.java;bookkeeper-server/src/test/java/org/apache/bookkeeper/proto/TestPerChannelBookieClient.java;bookkeeper-server/src/test/java/org/apache/bookkeeper/replication/AuthAutoRecoveryTest.java;bookkeeper-server/src/test/proto/TestDataFormats.proto
BOOKKEEPER-999,32ebf0ad68f85daffdec571e28206339a4d09443,Robert (Bobby) Evans,2017-03-22 16:51:48 -0700,BOOKKEEPER-999: Stop leaking threads in BookKeeper client,bookkeeper-server/src/main/java/org/apache/bookkeeper/client/BookKeeper.java
BOOKKEEPER-1013,3d3340be7d754af1738a117ee07e3bed04ec5547,Sijie Guo,2017-03-23 10:55:12 -0400,BOOKKEEPER-1013: Fix findbugs errors on latest master,bookkeeper-server/src/main/java/org/apache/bookkeeper/bookie/CheckpointSourceList.java;bookkeeper-server/src/main/java/org/apache/bookkeeper/bookie/FileInfo.java;bookkeeper-server/src/main/java/org/apache/bookkeeper/client/LedgerHandle.java;bookkeeper-server/src/main/java/org/apache/bookkeeper/client/ReadOnlyLedgerHandle.java;bookkeeper-server/src/main/java/org/apache/bookkeeper/conf/ServerConfiguration.java;bookkeeper-server/src/main/java/org/apache/bookkeeper/proto/BookieServer.java;bookkeeper-server/src/main/java/org/apache/bookkeeper/proto/PerChannelBookieClient.java;bookkeeper-server/src/main/java/org/apache/bookkeeper/util/OrderedSafeExecutor.java
BOOKKEEPER-852,bf8ef14bc1bfdde6c6c8edcd7f380b4beca023f6,Matteo Merli,2017-03-28 13:37:16 -0700,BOOKKEEPER-852: Release LedgerDescriptor and master-key objects when not used anymore,bookkeeper-server/src/main/java/org/apache/bookkeeper/bookie/Bookie.java;bookkeeper-server/src/main/java/org/apache/bookkeeper/bookie/HandleFactoryImpl.java;bookkeeper-server/src/main/java/org/apache/bookkeeper/bookie/InterleavedLedgerStorage.java;bookkeeper-server/src/main/java/org/apache/bookkeeper/bookie/LedgerStorage.java;bookkeeper-server/src/test/java/org/apache/bookkeeper/bookie/LedgerStorageTest.java;bookkeeper-server/src/test/java/org/apache/bookkeeper/bookie/TestSyncThread.java;bookkeeper-server/src/test/java/org/apache/bookkeeper/meta/GcLedgersTest.java;bookkeeper-server/src/test/java/org/apache/bookkeeper/meta/LedgerManagerTestCase.java
BOOKKEEPER-1020,9836c87dc2c082c46692d60c60cf9e23c7b0b06c,eolivelli,2017-04-03 09:57:40 -0700,BOOKKEEPER-1020: Fix Explicit LAC tests on master,bookkeeper-server/src/test/java/org/apache/bookkeeper/client/BookKeeperTest.java
BOOKKEEPER-1018,9001e300ce0d5d2655d437e3eaa52f91487caed6,Govind Menon,2017-04-03 12:31:47 -0700,BOOKKEEPER-1018: Allow client to select older V2 protocol (no protobuf),bookkeeper-server/src/main/java/org/apache/bookkeeper/conf/ClientConfiguration.java;bookkeeper-server/src/main/java/org/apache/bookkeeper/proto/AuthHandler.java;bookkeeper-server/src/main/java/org/apache/bookkeeper/proto/BookieProtocol.java;bookkeeper-server/src/main/java/org/apache/bookkeeper/proto/PerChannelBookieClient.java
BOOKKEEPER-1018,f30f60889e0810a47797daf4107c0d9bc2ee998c,Govind Menon,2017-04-03 18:22:07 -0700,"BOOKKEEPER-1018: Revert "": Allow client to select older V2 protocol (no…",bookkeeper-server/src/main/java/org/apache/bookkeeper/conf/ClientConfiguration.java;bookkeeper-server/src/main/java/org/apache/bookkeeper/proto/AuthHandler.java;bookkeeper-server/src/main/java/org/apache/bookkeeper/proto/BookieProtocol.java;bookkeeper-server/src/main/java/org/apache/bookkeeper/proto/PerChannelBookieClient.java
BOOKKEEPER-1021,ab707d2c6b3251b2a9a30a6d14074704460b3da5,Sijie Guo,2017-04-10 23:28:37 -0700,BOOKKEEPER-1021: Improve merge script to handle github reviews api,dev/bk-merge-pr.py
BOOKKEEPER-1031,48aa69dd0ba41f5ba7bb2b04f31172c919be4391,Samuel Just,2017-04-11 11:14:19 -0700,BOOKKEEPER-1031: close the ledger handle in ReplicationWorker.rereplicate,bookkeeper-server/src/main/java/org/apache/bookkeeper/replication/ReplicationWorker.java
BOOKKEEPER-1018,f74d07d6b96ba3e6f1270d053fa36676cf680304,Govind Menon,2017-04-15 13:58:34 +0200,BOOKKEEPER-1018: Allow client to select older V2 protocol (no protobuf),bookkeeper-server/src/main/java/org/apache/bookkeeper/conf/ClientConfiguration.java;bookkeeper-server/src/main/java/org/apache/bookkeeper/proto/AuthHandler.java;bookkeeper-server/src/main/java/org/apache/bookkeeper/proto/BookieProtocol.java;bookkeeper-server/src/main/java/org/apache/bookkeeper/proto/PerChannelBookieClient.java
BOOKKEEPER-1047,d5af77c05256d5942c19aff2654c5d8f5ac1eb79,Matteo Merli,2017-05-04 20:58:41 +0200,BOOKKEEPER-1047: Add missing error code in ZK setData return path,bookkeeper-server/src/main/java/org/apache/bookkeeper/meta/AbstractZkLedgerManager.java
BOOKKEEPER-1058,811ece53a1c975c4e768422f3d622ac9de6b3e41,rdhabalia,2017-05-15 10:32:26 -0700,BOOKKEEPER-1058: Ignore already deleted ledger on replication audit,bookkeeper-server/src/main/java/org/apache/bookkeeper/replication/BookieLedgerIndexer.java
BOOKKEEPER-1061,5d43260e84c6121df72c0ee4c844651bfb726638,Matteo Merli,2017-05-15 12:35:26 -0700,BOOKKEEPER-1061: BookieWatcher should not do ZK blocking operations from ZK async callback thread,bookkeeper-server/src/main/java/org/apache/bookkeeper/client/BookieWatcher.java
BOOKKEEPER-1075,64bedc2f92d5bb17783c6ea2a2db7ea29170f264,Alex Yarmula,2017-05-25 14:31:57 +0200,BOOKKEEPER-1075: BK LedgerMetadata: more memory-efficient parsing of configs,bookkeeper-server/src/main/java/org/apache/bookkeeper/client/LedgerMetadata.java
BOOKKEEPER-1077,6698912e4d35119a2e85a6ea3877c6771073489c,Sijie Guo,2017-05-26 12:38:28 +0200,BOOKKEEPER-1077: Allow configuration journal/ledger paths for local bookkeeper.,bookkeeper-server/src/main/java/org/apache/bookkeeper/conf/ServerConfiguration.java;bookkeeper-server/src/main/java/org/apache/bookkeeper/util/LocalBookKeeper.java
BOOKKEEPER-1079,9bade929dd87829a8903e402f6c3e3be366a854a,Enrico Olivelli,2017-05-26 15:44:27 -0400,BOOKKEEPER-1079: shell lastMark throws NPE,bookkeeper-server/src/main/java/org/apache/bookkeeper/bookie/BookieShell.java
BOOKKEEPER-1073,fc51f73cbc9cdaae9876bc08cafa3e7a80826207,Sijie Guo,2017-06-01 08:55:45 +0200,BOOKKEEPER-1073: Several stats provider related changes.,bookkeeper-stats-providers/codahale-metrics-provider/src/main/java/org/apache/bookkeeper/stats/CodahaleStatsLogger.java;bookkeeper-stats-providers/pom.xml;bookkeeper-stats-providers/prometheus-metrics-provider/src/main/java/org/apache/bookkeeper/stats/PrometheusStatsLogger.java;bookkeeper-stats-providers/twitter-finagle-provider/pom.xml;bookkeeper-stats-providers/twitter-finagle-provider/src/main/java/org/apache/bookkeeper/stats/twitter/finagle/CounterImpl.java;bookkeeper-stats-providers/twitter-finagle-provider/src/main/java/org/apache/bookkeeper/stats/twitter/finagle/FinagleStatsLoggerImpl.java;bookkeeper-stats-providers/twitter-finagle-provider/src/main/java/org/apache/bookkeeper/stats/twitter/finagle/FinagleStatsProvider.java;bookkeeper-stats-providers/twitter-finagle-provider/src/main/java/org/apache/bookkeeper/stats/twitter/finagle/OpStatsLoggerImpl.java;bookkeeper-stats-providers/twitter-ostrich-provider/src/main/java/org/apache/bookkeeper/stats/twitter/ostrich/OpStatsLoggerImpl.java;bookkeeper-stats-providers/twitter-ostrich-provider/src/main/java/org/apache/bookkeeper/stats/twitter/ostrich/OstrichProvider.java;bookkeeper-stats-providers/twitter-ostrich-provider/src/main/java/org/apache/bookkeeper/stats/twitter/ostrich/OstrichStatsLoggerImpl.java;bookkeeper-stats-providers/twitter-science-provider/pom.xml;bookkeeper-stats-providers/twitter-science-provider/src/main/java/org/apache/bookkeeper/stats/twitter/science/TwitterStatsLoggerImpl.java;bookkeeper-stats-providers/twitter-science-provider/src/main/java/org/apache/bookkeeper/stats/twitter/science/TwitterStatsProvider.java;bookkeeper-stats/src/main/java/org/apache/bookkeeper/stats/CachingStatsLogger.java;bookkeeper-stats/src/main/java/org/apache/bookkeeper/stats/CachingStatsProvider.java;bookkeeper-stats/src/main/java/org/apache/bookkeeper/stats/NullStatsLogger.java;bookkeeper-stats/src/main/java/org/apache/bookkeeper/stats/StatsLogger.java;pom.xml
BOOKKEEPER-1071,da70648719679fd1db001c74ad873bf134f16198,Matteo Merli,2017-06-01 09:47:28 +0200,BOOKKEEPER-1071: Use per connection instances of request encoder/decoder,bookkeeper-server/src/main/java/org/apache/bookkeeper/proto/BookieNettyServer.java
BOOKKEEPER-1074,dd08ce1a644de00967dd5fe34ce15caa9789d775,Sijie Guo,2017-06-01 13:19:58 +0200,BOOKKEEPER-1074: Remove JMX Bean,bookkeeper-server/src/main/java/org/apache/bookkeeper/bookie/Bookie.java;bookkeeper-server/src/main/java/org/apache/bookkeeper/bookie/BookieBean.java;bookkeeper-server/src/main/java/org/apache/bookkeeper/bookie/BookieMXBean.java;bookkeeper-server/src/main/java/org/apache/bookkeeper/bookie/InterleavedLedgerStorage.java;bookkeeper-server/src/main/java/org/apache/bookkeeper/bookie/LedgerCache.java;bookkeeper-server/src/main/java/org/apache/bookkeeper/bookie/LedgerCacheBean.java;bookkeeper-server/src/main/java/org/apache/bookkeeper/bookie/LedgerCacheImpl.java;bookkeeper-server/src/main/java/org/apache/bookkeeper/bookie/LedgerCacheMXBean.java;bookkeeper-server/src/main/java/org/apache/bookkeeper/bookie/LedgerStorage.java;bookkeeper-server/src/main/java/org/apache/bookkeeper/jmx/BKMBeanInfo.java;bookkeeper-server/src/main/java/org/apache/bookkeeper/jmx/BKMBeanRegistry.java;bookkeeper-server/src/main/java/org/apache/bookkeeper/proto/BookieServer.java;bookkeeper-server/src/main/java/org/apache/bookkeeper/proto/BookieServerBean.java;bookkeeper-server/src/main/java/org/apache/bookkeeper/proto/BookieServerMXBean.java;bookkeeper-server/src/test/java/org/apache/bookkeeper/bookie/TestSyncThread.java;bookkeeper-server/src/test/java/org/apache/bookkeeper/meta/GcLedgersTest.java;bookkeeper-server/src/test/java/org/apache/bookkeeper/meta/LedgerManagerTestCase.java
BOOKKEEPER-989,55d1dc45c4761f150c59a34b94d21e39e69f872c,Sijie Guo,2017-06-01 13:59:44 -0700,BOOKKEEPER-989: Enable Travis CI for Apache BookKeeper,.travis.yml;dev/ticktoc.sh
BOOKKEEPER-980,f47dd4272f54bb95fd38abdd6c492dbe199dd7a4,Sijie Guo,2017-07-18 16:47:43 +0800,BOOKKEEPER-980: BookKeeper Tools doesn't process the argument correctly,bookkeeper-server/src/main/java/org/apache/bookkeeper/tools/BookKeeperTools.java
BOOKKEEPER-1044,24ac8ead6240aaaaa845afccb4e606fbe0da1602,Sijie Guo,2017-07-25 11:04:36 +0200,BOOKKEEPER-1044: Entrylogger is not readding rolled logs back to the logChannelsToFlush list when exception happens while trying to flush rolled logs,bookkeeper-server/src/main/java/org/apache/bookkeeper/bookie/EntryLogger.java
BOOKKEEPER-1104,0ccbc0e9c3e6a82d5e44b8347cc6567e043f253f,Samuel Just,2017-07-28 12:39:03 +0800,BOOKKEEPER-1104: Fix testWithDiskFullAndAbilityToCreateNewIndexFile,bookkeeper-server/src/test/java/org/apache/bookkeeper/bookie/BookieInitializationTest.java
BOOKKEEPER-1103,3908d9ce6a5530ae2ae8526b9988b983423c026c,Samuel Just,2017-07-28 13:34:58 -0700,BOOKKEEPER-1103: Fix LedgerMetadataCreateTest random id loop,bookkeeper-server/src/test/java/org/apache/bookkeeper/meta/LedgerMetadataCreationTest.java
BOOKKEEPER-1102,a5f8580f53464065243a9af038935f5893434166,Samuel Just,2017-07-31 23:34:07 -0700,BOOKKEEPER-1102: Clarify BookieInfoReader and fix associated test flappers,bookkeeper-server/src/main/java/org/apache/bookkeeper/client/BookieInfoReader.java;bookkeeper-server/src/main/java/org/apache/bookkeeper/conf/ClientConfiguration.java;bookkeeper-server/src/main/java/org/apache/bookkeeper/proto/PerChannelBookieClient.java;bookkeeper-server/src/test/java/org/apache/bookkeeper/client/BookKeeperDiskSpaceWeightedLedgerPlacementTest.java;bookkeeper-server/src/test/java/org/apache/bookkeeper/test/BookKeeperClusterTestCase.java
BOOKKEEPER-1105,f5d2ba66d6253fb54811d3ceb40d4ef4591dfb20,Andrey Yegorov,2017-08-15 18:41:49 -0700,BOOKKEEPER-1105: RackAwarePolicy: Failure to map node into rack may result in failure to add other nodes.,bookkeeper-server/src/main/java/org/apache/bookkeeper/bookie/BookKeeperServerStats.java;bookkeeper-server/src/main/java/org/apache/bookkeeper/client/RackawareEnsemblePlacementPolicy.java;bookkeeper-server/src/main/java/org/apache/bookkeeper/client/RackawareEnsemblePlacementPolicyImpl.java;bookkeeper-server/src/main/java/org/apache/bookkeeper/client/RegionAwareEnsemblePlacementPolicy.java;bookkeeper-server/src/main/java/org/apache/bookkeeper/net/CachedDNSToSwitchMapping.java;bookkeeper-server/src/main/java/org/apache/bookkeeper/net/DNSToSwitchMapping.java;bookkeeper-server/src/main/java/org/apache/bookkeeper/net/NetUtils.java;bookkeeper-server/src/main/java/org/apache/bookkeeper/net/NetworkTopology.java;bookkeeper-server/src/main/java/org/apache/bookkeeper/net/NetworkTopologyImpl.java;bookkeeper-server/src/main/java/org/apache/bookkeeper/net/ScriptBasedMapping.java;bookkeeper-server/src/test/java/org/apache/bookkeeper/client/TestRackawareEnsemblePlacementPolicy.java;bookkeeper-server/src/test/java/org/apache/bookkeeper/client/TestRackawareEnsemblePlacementPolicyUsingScript.java;bookkeeper-server/src/test/java/org/apache/bookkeeper/client/TestRegionAwareEnsemblePlacementPolicy.java;bookkeeper-server/src/test/java/org/apache/bookkeeper/util/StaticDNSResolver.java;bookkeeper-server/src/test/resources/networkmappingscript.sh
